event_ticker,market_ticker,threshold,horizon,target_date,actual_date,days_stale,mid_quote,spread,volume,is_missing,is_stale
KXCPIYOY-26JUL,KXCPIYOY-26JUL-T3.0,3.0,21d,2026-07-22,2026-07-22,0.0,0.99,0.02,584.67,False,False
KXCPIYOY-26JUL,KXCPIYOY-26JUL-T3.0,3.0,14d,2026-07-29,2026-07-28,1.0,0.99,0.02,104.0,False,False
KXCPIYOY-26JUL,KXCPIYOY-26JUL-T3.0,3.0,7d,2026-08-05,2026-08-05,0.0,0.985,0.01,90.62,False,False
KXCPIYOY-26JUL,KXCPIYOY-26JUL-T3.0,3.0,3d,2026-08-09,2026-08-09,0.0,0.995,0.01,30.0,False,False
KXCPIYOY-26JUL,KXCPIYOY-26JUL-T3.0,3.0,1d,2026-08-11,2026-08-11,0.0,0.99,0.02,151.0,False,False
KXCPIYOY-26JUL,KXCPIYOY-26JUL-T3.0,3.0,final,2026-08-12,2026-08-11,1.0,0.99,0.02,151.0,False,False
KXCPIYOY-26JUL,KXCPIYOY-26JUL-T3.1,3.1,21d,2026-07-22,2026-07-22,0.0,0.975,0.01,0.0,False,False
KXCPIYOY-26JUL,KXCPIYOY-26JUL-T3.1,3.1,14d,2026-07-29,2026-07-29,0.0,0.985,0.03,494.0,False,False
KXCPIYOY-26JUL,KXCPIYOY-26JUL-T3.1,3.1,7d,2026-08-05,2026-08-05,0.0,0.965,0.01,549.99,False,False
KXCPIYOY-26JUL,KXCPIYOY-26JUL-T3.1,3.1,3d,2026-08-09,2026-08-09,0.0,0.955,0.01,186.19,False,False
KXCPIYOY-26JUL,KXCPIYOY-26JUL-T3.1,3.1,1d,2026-08-11,2026-08-11,0.0,0.985,0.01,7026.48,False,False
KXCPIYOY-26JUL,KXCPIYOY-26JUL-T3.1,3.1,final,2026-08-12,2026-08-11,1.0,0.985,0.01,7026.48,False,False
KXCPIYOY-26JUL,KXCPIYOY-26JUL-T3.2,3.2,21d,2026-07-22,2026-07-22,0.0,0.905,0.01,941.44,False,False
KXCPIYOY-26JUL,KXCPIYOY-26JUL-T3.2,3.2,14d,2026-07-29,2026-07-29,0.0,0.88,0.06,78.62,False,False
KXCPIYOY-26JUL,KXCPIYOY-26JUL-T3.2,3.2,7d,2026-08-05,2026-08-05,0.0,0.905,0.01,6264.29,False,False
KXCPIYOY-26JUL,KXCPIYOY-26JUL-T3.2,3.2,3d,2026-08-09,2026-08-09,0.0,0.89,0.02,2602.34,False,False
KXCPIYOY-26JUL,KXCPIYOY-26JUL-T3.2,3.2,1d,2026-08-11,2026-08-11,0.0,0.885,0.01,13483.55,False,False
KXCPIYOY-26JUL,KXCPIYOY-26JUL-T3.2,3.2,final,2026-08-12,2026-08-11,1.0,0.885,0.01,13483.55,False,False
KXCPIYOY-26JUL,KXCPIYOY-26JUL-T3.3,3.3,21d,2026-07-22,2026-07-22,0.0,0.68,0.06,1216.78,False,False
KXCPIYOY-26JUL,KXCPIYOY-26JUL-T3.3,3.3,14d,2026-07-29,2026-07-29,0.0,0.62,0.04,4209.37,False,False
KXCPIYOY-26JUL,KXCPIYOY-26JUL-T3.3,3.3,7d,2026-08-05,2026-08-05,0.0,0.625,0.01,5453.13,False,False
KXCPIYOY-26JUL,KXCPIYOY-26JUL-T3.3,3.3,3d,2026-08-09,2026-08-09,0.0,0.545,0.01,3154.47,False,False
KXCPIYOY-26JUL,KXCPIYOY-26JUL-T3.3,3.3,1d,2026-08-11,2026-08-11,0.0,0.5,0.02,23836.54,False,False
KXCPIYOY-26JUL,KXCPIYOY-26JUL-T3.3,3.3,final,2026-08-12,2026-08-11,1.0,0.5,0.02,23836.54,False,False
KXCPIYOY-26JUL,KXCPIYOY-26JUL-T3.4,3.4,21d,2026-07-22,2026-07-22,0.0,0.3,0.02,10554.53,False,False
KXCPIYOY-26JUL,KXCPIYOY-26JUL-T3.4,3.4,14d,2026-07-29,2026-07-29,0.0,0.275,0.07,2936.97,False,False
KXCPIYOY-26JUL,KXCPIYOY-26JUL-T3.4,3.4,7d,2026-08-05,2026-08-05,0.0,0.27,0.04,2920.35,False,False
KXCPIYOY-26JUL,KXCPIYOY-26JUL-T3.4,3.4,3d,2026-08-09,2026-08-09,0.0,0.195,0.03,2677.13,False,False
KXCPIYOY-26JUL,KXCPIYOY-26JUL-T3.4,3.4,1d,2026-08-11,2026-08-11,0.0,0.175,0.01,26595.95,False,False
KXCPIYOY-26JUL,KXCPIYOY-26JUL-T3.4,3.4,final,2026-08-12,2026-08-11,1.0,0.175,0.01,26595.95,False,False
KXCPIYOY-26JUL,KXCPIYOY-26JUL-T3.5,3.5,21d,2026-07-22,2026-07-22,0.0,0.075,0.01,4705.85,False,False
KXCPIYOY-26JUL,KXCPIYOY-26JUL-T3.5,3.5,14d,2026-07-29,2026-07-29,0.0,0.085,0.01,161.1,False,False
KXCPIYOY-26JUL,KXCPIYOY-26JUL-T3.5,3.5,7d,2026-08-05,2026-08-05,0.0,0.05,0.02,3159.9,False,False
KXCPIYOY-26JUL,KXCPIYOY-26JUL-T3.5,3.5,3d,2026-08-09,2026-08-09,0.0,0.045,0.01,3438.0,False,False
KXCPIYOY-26JUL,KXCPIYOY-26JUL-T3.5,3.5,1d,2026-08-11,2026-08-11,0.0,0.035,0.01,11003.25,False,False
KXCPIYOY-26JUL,KXCPIYOY-26JUL-T3.5,3.5,final,2026-08-12,2026-08-11,1.0,0.035,0.01,11003.25,False,False
KXCPIYOY-26JUL,KXCPIYOY-26JUL-T3.6,3.6,21d,2026-07-22,2026-07-22,0.0,0.02,0.04,6391.4,False,False
KXCPIYOY-26JUL,KXCPIYOY-26JUL-T3.6,3.6,14d,2026-07-29,2026-07-29,0.0,0.02,0.04,2389.98,False,False
KXCPIYOY-26JUL,KXCPIYOY-26JUL-T3.6,3.6,7d,2026-08-05,2026-08-05,0.0,0.015,0.01,5320.24,False,False
KXCPIYOY-26JUL,KXCPIYOY-26JUL-T3.6,3.6,3d,2026-08-09,2026-08-09,0.0,0.015,0.01,3289.5,False,False
KXCPIYOY-26JUL,KXCPIYOY-26JUL-T3.6,3.6,1d,2026-08-11,2026-08-11,0.0,0.015,0.01,5285.99,False,False
KXCPIYOY-26JUL,KXCPIYOY-26JUL-T3.6,3.6,final,2026-08-12,2026-08-11,1.0,0.015,0.01,5285.99,False,False
KXCPIYOY-26JUL,KXCPIYOY-26JUL-T3.7,3.7,21d,2026-07-22,2026-07-22,0.0,0.01,0.02,23360.21,False,False
KXCPIYOY-26JUL,KXCPIYOY-26JUL-T3.7,3.7,14d,2026-07-29,2026-07-29,0.0,0.01,0.02,2.0,False,False
KXCPIYOY-26JUL,KXCPIYOY-26JUL-T3.7,3.7,7d,2026-08-05,2026-08-05,0.0,0.005,0.01,0.0,False,False
KXCPIYOY-26JUL,KXCPIYOY-26JUL-T3.7,3.7,3d,2026-08-09,2026-08-09,0.0,0.015,0.03,0.0,False,False
KXCPIYOY-26JUL,KXCPIYOY-26JUL-T3.7,3.7,1d,2026-08-11,2026-08-11,0.0,0.015,0.01,260.0,False,False
KXCPIYOY-26JUL,KXCPIYOY-26JUL-T3.7,3.7,final,2026-08-12,2026-08-11,1.0,0.015,0.01,260.0,False,False
KXCPIYOY-26JUL,KXCPIYOY-26JUL-T3.8,3.8,21d,2026-07-22,2026-07-22,0.0,0.01,0.02,0.0,False,False
KXCPIYOY-26JUL,KXCPIYOY-26JUL-T3.8,3.8,14d,2026-07-29,2026-07-29,0.0,0.01,0.02,15.0,False,False
KXCPIYOY-26JUL,KXCPIYOY-26JUL-T3.8,3.8,7d,2026-08-05,2026-08-05,0.0,0.005,0.01,0.0,False,False
KXCPIYOY-26JUL,KXCPIYOY-26JUL-T3.8,3.8,3d,2026-08-09,2026-08-09,0.0,0.015,0.03,0.0,False,False
KXCPIYOY-26JUL,KXCPIYOY-26JUL-T3.8,3.8,1d,2026-08-11,2026-08-11,0.0,0.005,0.01,49.0,False,False
KXCPIYOY-26JUL,KXCPIYOY-26JUL-T3.8,3.8,final,2026-08-12,2026-08-11,1.0,0.005,0.01,49.0,False,False
KXCPIYOY-26JUL,KXCPIYOY-26JUL-T3.9,3.9,21d,2026-07-22,2026-07-22,0.0,0.01,0.02,49.0,False,False
KXCPIYOY-26JUL,KXCPIYOY-26JUL-T3.9,3.9,14d,2026-07-29,2026-07-29,0.0,0.01,0.02,20.0,False,False
KXCPIYOY-26JUL,KXCPIYOY-26JUL-T3.9,3.9,7d,2026-08-05,2026-08-04,1.0,0.005,0.01,30.0,False,False
KXCPIYOY-26JUL,KXCPIYOY-26JUL-T3.9,3.9,3d,2026-08-09,2026-08-09,0.0,0.005,0.01,0.0,False,False
KXCPIYOY-26JUL,KXCPIYOY-26JUL-T3.9,3.9,1d,2026-08-11,2026-08-11,0.0,0.005,0.01,0.0,False,False
KXCPIYOY-26JUL,KXCPIYOY-26JUL-T3.9,3.9,final,2026-08-12,2026-08-11,1.0,0.005,0.01,0.0,False,False
KXCPIYOY-26JUL,KXCPIYOY-26JUL-T4.0,4.0,21d,2026-07-22,2026-07-22,0.0,0.01,0.02,134.5,False,False
KXCPIYOY-26JUL,KXCPIYOY-26JUL-T4.0,4.0,14d,2026-07-29,2026-07-25,4.0,0.01,0.02,0.0,False,False
KXCPIYOY-26JUL,KXCPIYOY-26JUL-T4.0,4.0,7d,2026-08-05,2026-08-04,1.0,0.005,0.01,30.0,False,False
KXCPIYOY-26JUL,KXCPIYOY-26JUL-T4.0,4.0,3d,2026-08-09,2026-08-09,0.0,0.005,0.01,0.0,False,False
KXCPIYOY-26JUL,KXCPIYOY-26JUL-T4.0,4.0,1d,2026-08-11,2026-08-11,0.0,0.005,0.01,0.0,False,False
KXCPIYOY-26JUL,KXCPIYOY-26JUL-T4.0,4.0,final,2026-08-12,2026-08-11,1.0,0.005,0.01,0.0,False,False
KXCPIYOY-26JUL,KXCPIYOY-26JUL-T4.1,4.1,21d,2026-07-22,2026-07-22,0.0,0.01,0.02,156.06,False,False
KXCPIYOY-26JUL,KXCPIYOY-26JUL-T4.1,4.1,14d,2026-07-29,2026-07-24,5.0,0.01,0.02,0.0,False,False
KXCPIYOY-26JUL,KXCPIYOY-26JUL-T4.1,4.1,7d,2026-08-05,2026-08-04,1.0,0.005,0.01,30.0,False,False
KXCPIYOY-26JUL,KXCPIYOY-26JUL-T4.1,4.1,3d,2026-08-09,2026-08-09,0.0,0.005,0.01,0.0,False,False
KXCPIYOY-26JUL,KXCPIYOY-26JUL-T4.1,4.1,1d,2026-08-11,2026-08-11,0.0,0.005,0.01,0.0,False,False
KXCPIYOY-26JUL,KXCPIYOY-26JUL-T4.1,4.1,final,2026-08-12,2026-08-11,1.0,0.005,0.01,0.0,False,False
KXCPIYOY-26JUL,KXCPIYOY-26JUL-T4.2,4.2,21d,2026-07-22,2026-07-22,0.0,0.01,0.02,2623.0,False,False
KXCPIYOY-26JUL,KXCPIYOY-26JUL-T4.2,4.2,14d,2026-07-29,2026-07-24,5.0,0.01,0.02,0.0,False,False
KXCPIYOY-26JUL,KXCPIYOY-26JUL-T4.2,4.2,7d,2026-08-05,2026-08-04,1.0,0.005,0.01,1284.39,False,False
KXCPIYOY-26JUL,KXCPIYOY-26JUL-T4.2,4.2,3d,2026-08-09,2026-08-09,0.0,0.005,0.01,187.03,False,False
KXCPIYOY-26JUL,KXCPIYOY-26JUL-T4.2,4.2,1d,2026-08-11,2026-08-11,0.0,0.005,0.01,0.0,False,False
KXCPIYOY-26JUL,KXCPIYOY-26JUL-T4.2,4.2,final,2026-08-12,2026-08-11,1.0,0.005,0.01,0.0,False,False
KXCPIYOY-26JUL,KXCPIYOY-26JUL-T4.3,4.3,21d,2026-07-22,2026-07-22,0.0,0.005,0.01,0.0,False,False
KXCPIYOY-26JUL,KXCPIYOY-26JUL-T4.3,4.3,14d,2026-07-29,2026-07-29,0.0,0.01,0.02,0.0,False,False
KXCPIYOY-26JUL,KXCPIYOY-26JUL-T4.3,4.3,7d,2026-08-05,2026-08-05,0.0,0.005,0.01,0.0,False,False
KXCPIYOY-26JUL,KXCPIYOY-26JUL-T4.3,4.3,3d,2026-08-09,2026-08-09,0.0,0.005,0.01,0.0,False,False
KXCPIYOY-26JUL,KXCPIYOY-26JUL-T4.3,4.3,1d,2026-08-11,2026-08-11,0.0,0.005,0.01,0.0,False,False
KXCPIYOY-26JUL,KXCPIYOY-26JUL-T4.3,4.3,final,2026-08-12,2026-08-11,1.0,0.005,0.01,0.0,False,False
KXCPIYOY-26JUL,KXCPIYOY-26JUL-T4.4,4.4,21d,2026-07-22,2026-07-22,0.0,0.005,0.01,0.0,False,False
KXCPIYOY-26JUL,KXCPIYOY-26JUL-T4.4,4.4,14d,2026-07-29,2026-07-29,0.0,0.005,0.01,239.93,False,False
KXCPIYOY-26JUL,KXCPIYOY-26JUL-T4.4,4.4,7d,2026-08-05,2026-08-05,0.0,0.005,0.01,0.0,False,False
KXCPIYOY-26JUL,KXCPIYOY-26JUL-T4.4,4.4,3d,2026-08-09,2026-08-09,0.0,0.005,0.01,0.0,False,False
KXCPIYOY-26JUL,KXCPIYOY-26JUL-T4.4,4.4,1d,2026-08-11,2026-08-11,0.0,0.005,0.01,0.0,False,False
KXCPIYOY-26JUL,KXCPIYOY-26JUL-T4.4,4.4,final,2026-08-12,2026-08-11,1.0,0.005,0.01,0.0,False,False
KXCPIYOY-26JUL,KXCPIYOY-26JUL-T4.5,4.5,21d,2026-07-22,2026-07-22,0.0,0.005,0.01,0.0,False,False
KXCPIYOY-26JUL,KXCPIYOY-26JUL-T4.5,4.5,14d,2026-07-29,2026-07-29,0.0,0.01,0.02,0.0,False,False
KXCPIYOY-26JUL,KXCPIYOY-26JUL-T4.5,4.5,7d,2026-08-05,2026-08-05,0.0,0.005,0.01,0.0,False,False
KXCPIYOY-26JUL,KXCPIYOY-26JUL-T4.5,4.5,3d,2026-08-09,2026-08-09,0.0,0.005,0.01,0.0,False,False
KXCPIYOY-26JUL,KXCPIYOY-26JUL-T4.5,4.5,1d,2026-08-11,2026-08-11,0.0,0.005,0.01,0.0,False,False
KXCPIYOY-26JUL,KXCPIYOY-26JUL-T4.5,4.5,final,2026-08-12,2026-08-11,1.0,0.005,0.01,0.0,False,False
KXCPIYOY-26JUL,KXCPIYOY-26JUL-T4.6,4.6,21d,2026-07-22,2026-07-22,0.0,0.005,0.01,0.0,False,False
KXCPIYOY-26JUL,KXCPIYOY-26JUL-T4.6,4.6,14d,2026-07-29,2026-07-29,0.0,0.01,0.02,0.0,False,False
KXCPIYOY-26JUL,KXCPIYOY-26JUL-T4.6,4.6,7d,2026-08-05,2026-08-05,0.0,0.005,0.01,0.0,False,False
KXCPIYOY-26JUL,KXCPIYOY-26JUL-T4.6,4.6,3d,2026-08-09,2026-08-09,0.0,0.005,0.01,0.0,False,False
KXCPIYOY-26JUL,KXCPIYOY-26JUL-T4.6,4.6,1d,2026-08-11,2026-08-11,0.0,0.005,0.01,0.0,False,False
KXCPIYOY-26JUL,KXCPIYOY-26JUL-T4.6,4.6,final,2026-08-12,2026-08-11,1.0,0.005,0.01,0.0,False,False
KXCPIYOY-26JUL,KXCPIYOY-26JUL-T4.7,4.7,21d,2026-07-22,2026-07-22,0.0,0.005,0.01,0.0,False,False
KXCPIYOY-26JUL,KXCPIYOY-26JUL-T4.7,4.7,14d,2026-07-29,2026-07-29,0.0,0.01,0.02,0.0,False,False
KXCPIYOY-26JUL,KXCPIYOY-26JUL-T4.7,4.7,7d,2026-08-05,2026-08-05,0.0,0.005,0.01,0.0,False,False
KXCPIYOY-26JUL,KXCPIYOY-26JUL-T4.7,4.7,3d,2026-08-09,2026-08-09,0.0,0.005,0.01,0.0,False,False
KXCPIYOY-26JUL,KXCPIYOY-26JUL-T4.7,4.7,1d,2026-08-11,2026-08-11,0.0,0.005,0.01,0.0,False,False
KXCPIYOY-26JUL,KXCPIYOY-26JUL-T4.7,4.7,final,2026-08-12,2026-08-11,1.0,0.005,0.01,0.0,False,False
KXCPIYOY-26JUL,KXCPIYOY-26JUL-T4.8,4.8,21d,2026-07-22,2026-07-22,0.0,0.005,0.01,0.0,False,False
KXCPIYOY-26JUL,KXCPIYOY-26JUL-T4.8,4.8,14d,2026-07-29,2026-07-29,0.0,0.01,0.02,0.0,False,False
KXCPIYOY-26JUL,KXCPIYOY-26JUL-T4.8,4.8,7d,2026-08-05,2026-08-05,0.0,0.005,0.01,0.0,False,False
KXCPIYOY-26JUL,KXCPIYOY-26JUL-T4.8,4.8,3d,2026-08-09,2026-08-09,0.0,0.005,0.01,0.0,False,False
KXCPIYOY-26JUL,KXCPIYOY-26JUL-T4.8,4.8,1d,2026-08-11,2026-08-11,0.0,0.005,0.01,0.0,False,False
KXCPIYOY-26JUL,KXCPIYOY-26JUL-T4.8,4.8,final,2026-08-12,2026-08-11,1.0,0.005,0.01,0.0,False,False
KXCPIYOY-26JUL,KXCPIYOY-26JUL-T4.9,4.9,21d,2026-07-22,2026-07-22,0.0,0.005,0.01,0.0,False,False
KXCPIYOY-26JUL,KXCPIYOY-26JUL-T4.9,4.9,14d,2026-07-29,2026-07-29,0.0,0.005,0.01,0.0,False,False
KXCPIYOY-26JUL,KXCPIYOY-26JUL-T4.9,4.9,7d,2026-08-05,2026-08-05,0.0,0.005,0.01,0.0,False,False
KXCPIYOY-26JUL,KXCPIYOY-26JUL-T4.9,4.9,3d,2026-08-09,2026-08-09,0.0,0.005,0.01,0.0,False,False
KXCPIYOY-26JUL,KXCPIYOY-26JUL-T4.9,4.9,1d,2026-08-11,2026-08-11,0.0,0.005,0.01,0.0,False,False
KXCPIYOY-26JUL,KXCPIYOY-26JUL-T4.9,4.9,final,2026-08-12,2026-08-11,1.0,0.005,0.01,0.0,False,False
KXCPIYOY-26JUL,KXCPIYOY-26JUL-T5.0,5.0,21d,2026-07-22,2026-07-22,0.0,0.005,0.01,0.0,False,False
KXCPIYOY-26JUL,KXCPIYOY-26JUL-T5.0,5.0,14d,2026-07-29,2026-07-29,0.0,0.01,0.02,0.0,False,False
KXCPIYOY-26JUL,KXCPIYOY-26JUL-T5.0,5.0,7d,2026-08-05,2026-08-05,0.0,0.005,0.01,0.66,False,False
KXCPIYOY-26JUL,KXCPIYOY-26JUL-T5.0,5.0,3d,2026-08-09,2026-08-09,0.0,0.005,0.01,0.0,False,False
KXCPIYOY-26JUL,KXCPIYOY-26JUL-T5.0,5.0,1d,2026-08-11,2026-08-11,0.0,0.005,0.01,0.0,False,False
KXCPIYOY-26JUL,KXCPIYOY-26JUL-T5.0,5.0,final,2026-08-12,2026-08-11,1.0,0.005,0.01,0.0,False,False
KXCPIYOY-26JUN,KXCPIYOY-26JUN-T2.5,2.5,21d,2026-06-23,2026-06-21,2.0,0.985,0.01,24.75,False,False
KXCPIYOY-26JUN,KXCPIYOY-26JUN-T2.5,2.5,14d,2026-06-30,2026-06-24,6.0,0.995,0.01,1.0,False,False
KXCPIYOY-26JUN,KXCPIYOY-26JUN-T2.5,2.5,7d,2026-07-07,2026-07-03,4.0,0.995,0.01,4879.0,False,False
KXCPIYOY-26JUN,KXCPIYOY-26JUN-T2.5,2.5,3d,2026-07-11,2026-07-11,0.0,0.995,0.01,0.0,False,False
KXCPIYOY-26JUN,KXCPIYOY-26JUN-T2.5,2.5,1d,2026-07-13,2026-07-13,0.0,0.995,0.01,0.0,False,False
KXCPIYOY-26JUN,KXCPIYOY-26JUN-T2.5,2.5,final,2026-07-14,2026-07-13,1.0,0.995,0.01,0.0,False,False
KXCPIYOY-26JUN,KXCPIYOY-26JUN-T2.6,2.6,21d,2026-06-23,2026-06-23,0.0,0.905,0.17,0.0,False,False
KXCPIYOY-26JUN,KXCPIYOY-26JUN-T2.6,2.6,14d,2026-06-30,2026-06-25,5.0,0.995,0.01,90.0,False,False
KXCPIYOY-26JUN,KXCPIYOY-26JUN-T2.6,2.6,7d,2026-07-07,2026-07-02,5.0,0.995,0.01,0.0,False,False
KXCPIYOY-26JUN,KXCPIYOY-26JUN-T2.6,2.6,3d,2026-07-11,2026-07-11,0.0,0.995,0.01,0.0,False,False
KXCPIYOY-26JUN,KXCPIYOY-26JUN-T2.6,2.6,1d,2026-07-13,2026-07-13,0.0,0.995,0.01,0.0,False,False
KXCPIYOY-26JUN,KXCPIYOY-26JUN-T2.6,2.6,final,2026-07-14,2026-07-13,1.0,0.995,0.01,0.0,False,False
KXCPIYOY-26JUN,KXCPIYOY-26JUN-T2.7,2.7,21d,2026-06-23,2026-06-23,0.0,0.99,0.02,140.08,False,False
KXCPIYOY-26JUN,KXCPIYOY-26JUN-T2.7,2.7,14d,2026-06-30,2026-06-26,4.0,0.995,0.01,93.0,False,False
KXCPIYOY-26JUN,KXCPIYOY-26JUN-T2.7,2.7,7d,2026-07-07,2026-07-02,5.0,0.995,0.01,0.0,False,False
KXCPIYOY-26JUN,KXCPIYOY-26JUN-T2.7,2.7,3d,2026-07-11,2026-07-11,0.0,0.995,0.01,0.0,False,False
KXCPIYOY-26JUN,KXCPIYOY-26JUN-T2.7,2.7,1d,2026-07-13,2026-07-13,0.0,0.995,0.01,0.0,False,False
KXCPIYOY-26JUN,KXCPIYOY-26JUN-T2.7,2.7,final,2026-07-14,2026-07-13,1.0,0.995,0.01,0.0,False,False
KXCPIYOY-26JUN,KXCPIYOY-26JUN-T2.8,2.8,21d,2026-06-23,2026-06-23,0.0,0.99,0.02,341.5,False,False
KXCPIYOY-26JUN,KXCPIYOY-26JUN-T2.8,2.8,14d,2026-06-30,2026-06-25,5.0,0.995,0.01,2439.0,False,False
KXCPIYOY-26JUN,KXCPIYOY-26JUN-T2.8,2.8,7d,2026-07-07,2026-07-04,3.0,0.995,0.01,1048.0,False,False
KXCPIYOY-26JUN,KXCPIYOY-26JUN-T2.8,2.8,3d,2026-07-11,2026-07-11,0.0,0.995,0.01,0.0,False,False
KXCPIYOY-26JUN,KXCPIYOY-26JUN-T2.8,2.8,1d,2026-07-13,2026-07-13,0.0,0.995,0.01,0.0,False,False
KXCPIYOY-26JUN,KXCPIYOY-26JUN-T2.8,2.8,final,2026-07-14,2026-07-13,1.0,0.995,0.01,0.0,False,False
KXCPIYOY-26JUN,KXCPIYOY-26JUN-T2.9,2.9,21d,2026-06-23,2026-06-23,0.0,0.985,0.01,0.0,False,False
KXCPIYOY-26JUN,KXCPIYOY-26JUN-T2.9,2.9,14d,2026-06-30,2026-06-24,6.0,0.995,0.01,1.0,False,False
KXCPIYOY-26JUN,KXCPIYOY-26JUN-T2.9,2.9,7d,2026-07-07,2026-07-06,1.0,0.995,0.01,0.0,False,False
KXCPIYOY-26JUN,KXCPIYOY-26JUN-T2.9,2.9,3d,2026-07-11,2026-07-11,0.0,0.995,0.01,0.0,False,False
KXCPIYOY-26JUN,KXCPIYOY-26JUN-T2.9,2.9,1d,2026-07-13,2026-07-13,0.0,0.995,0.01,0.0,False,False
KXCPIYOY-26JUN,KXCPIYOY-26JUN-T2.9,2.9,final,2026-07-14,2026-07-13,1.0,0.995,0.01,0.0,False,False
KXCPIYOY-26JUN,KXCPIYOY-26JUN-T3.0,3.0,21d,2026-06-23,2026-06-23,0.0,0.805,0.37,2.5,False,False
KXCPIYOY-26JUN,KXCPIYOY-26JUN-T3.0,3.0,14d,2026-06-30,2026-06-26,4.0,0.995,0.01,93.0,False,False
KXCPIYOY-26JUN,KXCPIYOY-26JUN-T3.0,3.0,7d,2026-07-07,2026-07-04,3.0,0.995,0.01,300.0,False,False
KXCPIYOY-26JUN,KXCPIYOY-26JUN-T3.0,3.0,3d,2026-07-11,2026-07-11,0.0,0.995,0.01,0.0,False,False
KXCPIYOY-26JUN,KXCPIYOY-26JUN-T3.0,3.0,1d,2026-07-13,2026-07-13,0.0,0.995,0.01,140.27,False,False
KXCPIYOY-26JUN,KXCPIYOY-26JUN-T3.0,3.0,final,2026-07-14,2026-07-13,1.0,0.995,0.01,140.27,False,False
KXCPIYOY-26JUN,KXCPIYOY-26JUN-T3.1,3.1,21d,2026-06-23,2026-06-23,0.0,0.985,0.01,0.0,False,False
KXCPIYOY-26JUN,KXCPIYOY-26JUN-T3.1,3.1,14d,2026-06-30,2026-06-26,4.0,0.995,0.01,1.0,False,False
KXCPIYOY-26JUN,KXCPIYOY-26JUN-T3.1,3.1,7d,2026-07-07,2026-07-07,0.0,0.995,0.01,0.0,False,False
KXCPIYOY-26JUN,KXCPIYOY-26JUN-T3.1,3.1,3d,2026-07-11,2026-07-11,0.0,0.995,0.01,0.0,False,False
KXCPIYOY-26JUN,KXCPIYOY-26JUN-T3.1,3.1,1d,2026-07-13,2026-07-13,0.0,0.995,0.01,0.0,False,False
KXCPIYOY-26JUN,KXCPIYOY-26JUN-T3.1,3.1,final,2026-07-14,2026-07-13,1.0,0.995,0.01,0.0,False,False
KXCPIYOY-26JUN,KXCPIYOY-26JUN-T3.2,3.2,21d,2026-06-23,2026-06-23,0.0,0.99,0.02,0.0,False,False
KXCPIYOY-26JUN,KXCPIYOY-26JUN-T3.2,3.2,14d,2026-06-30,2026-06-30,0.0,0.995,0.01,0.0,False,False
KXCPIYOY-26JUN,KXCPIYOY-26JUN-T3.2,3.2,7d,2026-07-07,2026-07-07,0.0,0.995,0.01,0.0,False,False
KXCPIYOY-26JUN,KXCPIYOY-26JUN-T3.2,3.2,3d,2026-07-11,2026-07-11,0.0,0.995,0.01,0.0,False,False
KXCPIYOY-26JUN,KXCPIYOY-26JUN-T3.2,3.2,1d,2026-07-13,2026-07-13,0.0,0.995,0.01,0.0,False,False
KXCPIYOY-26JUN,KXCPIYOY-26JUN-T3.2,3.2,final,2026-07-14,2026-07-13,1.0,0.995,0.01,0.0,False,False
KXCPIYOY-26JUN,KXCPIYOY-26JUN-T3.3,3.3,21d,2026-06-23,2026-06-23,0.0,0.99,0.02,0.0,False,False
KXCPIYOY-26JUN,KXCPIYOY-26JUN-T3.3,3.3,14d,2026-06-30,2026-06-30,0.0,0.985,0.03,0.0,False,False
KXCPIYOY-26JUN,KXCPIYOY-26JUN-T3.3,3.3,7d,2026-07-07,2026-07-07,0.0,0.995,0.01,0.0,False,False
KXCPIYOY-26JUN,KXCPIYOY-26JUN-T3.3,3.3,3d,2026-07-11,2026-07-11,0.0,0.995,0.01,0.0,False,False
KXCPIYOY-26JUN,KXCPIYOY-26JUN-T3.3,3.3,1d,2026-07-13,2026-07-13,0.0,0.995,0.01,0.0,False,False
KXCPIYOY-26JUN,KXCPIYOY-26JUN-T3.3,3.3,final,2026-07-14,2026-07-13,1.0,0.995,0.01,0.0,False,False
KXCPIYOY-26JUN,KXCPIYOY-26JUN-T3.4,3.4,21d,2026-06-23,2026-06-23,0.0,0.99,0.02,0.0,False,False
KXCPIYOY-26JUN,KXCPIYOY-26JUN-T3.4,3.4,14d,2026-06-30,2026-06-30,0.0,0.985,0.03,0.0,False,False
KXCPIYOY-26JUN,KXCPIYOY-26JUN-T3.4,3.4,7d,2026-07-07,2026-07-07,0.0,0.995,0.01,0.0,False,False
KXCPIYOY-26JUN,KXCPIYOY-26JUN-T3.4,3.4,3d,2026-07-11,2026-07-11,0.0,0.995,0.01,60.0,False,False
KXCPIYOY-26JUN,KXCPIYOY-26JUN-T3.4,3.4,1d,2026-07-13,2026-07-13,0.0,0.995,0.01,3190.0,False,False
KXCPIYOY-26JUN,KXCPIYOY-26JUN-T3.4,3.4,final,2026-07-14,2026-07-13,1.0,0.995,0.01,3190.0,False,False
KXCPIYOY-26JUN,KXCPIYOY-26JUN-T3.5,3.5,21d,2026-06-23,2026-06-23,0.0,0.975,0.01,0.0,False,False
KXCPIYOY-26JUN,KXCPIYOY-26JUN-T3.5,3.5,14d,2026-06-30,2026-06-30,0.0,0.98,0.04,0.0,False,False
KXCPIYOY-26JUN,KXCPIYOY-26JUN-T3.5,3.5,7d,2026-07-07,2026-07-06,1.0,0.99,0.02,354.0,False,False
KXCPIYOY-26JUN,KXCPIYOY-26JUN-T3.5,3.5,3d,2026-07-11,2026-07-11,0.0,0.99,0.02,0.0,False,False
KXCPIYOY-26JUN,KXCPIYOY-26JUN-T3.5,3.5,1d,2026-07-13,2026-07-13,0.0,0.995,0.01,230.0,False,False
KXCPIYOY-26JUN,KXCPIYOY-26JUN-T3.5,3.5,final,2026-07-14,2026-07-13,1.0,0.995,0.01,230.0,False,False
KXCPIYOY-26JUN,KXCPIYOY-26JUN-T3.6,3.6,21d,2026-06-23,2026-06-23,0.0,0.945,0.07,16550.0,False,False
KXCPIYOY-26JUN,KXCPIYOY-26JUN-T3.6,3.6,14d,2026-06-30,2026-06-30,0.0,0.96,0.02,2015.71,False,False
KXCPIYOY-26JUN,KXCPIYOY-26JUN-T3.6,3.6,7d,2026-07-07,2026-07-07,0.0,0.965,0.01,343.57,False,False
KXCPIYOY-26JUN,KXCPIYOY-26JUN-T3.6,3.6,3d,2026-07-11,2026-07-11,0.0,0.97,0.02,9632.61,False,False
KXCPIYOY-26JUN,KXCPIYOY-26JUN-T3.6,3.6,1d,2026-07-13,2026-07-13,0.0,0.965,0.01,5739.11,False,False
KXCPIYOY-26JUN,KXCPIYOY-26JUN-T3.6,3.6,final,2026-07-14,2026-07-13,1.0,0.965,0.01,5739.11,False,False
KXCPIYOY-26JUN,KXCPIYOY-26JUN-T3.7,3.7,21d,2026-06-23,2026-06-23,0.0,0.71,0.06,3706.57,False,False
KXCPIYOY-26JUN,KXCPIYOY-26JUN-T3.7,3.7,14d,2026-06-30,2026-06-30,0.0,0.665,0.07,977.45,False,False
KXCPIYOY-26JUN,KXCPIYOY-26JUN-T3.7,3.7,7d,2026-07-07,2026-07-07,0.0,0.73,0.04,1267.39,False,False
KXCPIYOY-26JUN,KXCPIYOY-26JUN-T3.7,3.7,3d,2026-07-11,2026-07-11,0.0,0.725,0.03,6647.77,False,False
KXCPIYOY-26JUN,KXCPIYOY-26JUN-T3.7,3.7,1d,2026-07-13,2026-07-13,0.0,0.695,0.01,3537.01,False,False
KXCPIYOY-26JUN,KXCPIYOY-26JUN-T3.7,3.7,final,2026-07-14,2026-07-13,1.0,0.695,0.01,3537.01,False,False
KXCPIYOY-26JUN,KXCPIYOY-26JUN-T3.8,3.8,21d,2026-06-23,2026-06-23,0.0,0.335,0.01,16462.1,False,False
KXCPIYOY-26JUN,KXCPIYOY-26JUN-T3.8,3.8,14d,2026-06-30,2026-06-30,0.0,0.275,0.05,9562.25,False,False
KXCPIYOY-26JUN,KXCPIYOY-26JUN-T3.8,3.8,7d,2026-07-07,2026-07-07,0.0,0.235,0.01,7811.76,False,False
KXCPIYOY-26JUN,KXCPIYOY-26JUN-T3.8,3.8,3d,2026-07-11,2026-07-11,0.0,0.275,0.03,5817.53,False,False
KXCPIYOY-26JUN,KXCPIYOY-26JUN-T3.8,3.8,1d,2026-07-13,2026-07-13,0.0,0.25,0.02,10082.77,False,False
KXCPIYOY-26JUN,KXCPIYOY-26JUN-T3.8,3.8,final,2026-07-14,2026-07-13,1.0,0.25,0.02,10082.77,False,False
KXCPIYOY-26JUN,KXCPIYOY-26JUN-T3.9,3.9,21d,2026-06-23,2026-06-23,0.0,0.12,0.1,10163.31,False,False
KXCPIYOY-26JUN,KXCPIYOY-26JUN-T3.9,3.9,14d,2026-06-30,2026-06-30,0.0,0.235,0.05,2257.04,False,False
KXCPIYOY-26JUN,KXCPIYOY-26JUN-T3.9,3.9,7d,2026-07-07,2026-07-07,0.0,0.055,0.01,5926.62,False,False
KXCPIYOY-26JUN,KXCPIYOY-26JUN-T3.9,3.9,3d,2026-07-11,2026-07-11,0.0,0.05,0.02,14978.15,False,False
KXCPIYOY-26JUN,KXCPIYOY-26JUN-T3.9,3.9,1d,2026-07-13,2026-07-13,0.0,0.035,0.01,10439.61,False,False
KXCPIYOY-26JUN,KXCPIYOY-26JUN-T3.9,3.9,final,2026-07-14,2026-07-13,1.0,0.035,0.01,10439.61,False,False
KXCPIYOY-26JUN,KXCPIYOY-26JUN-T4.0,4.0,21d,2026-06-23,2026-06-23,0.0,0.05,0.02,8618.83,False,False
KXCPIYOY-26JUN,KXCPIYOY-26JUN-T4.0,4.0,14d,2026-06-30,2026-06-30,0.0,0.055,0.01,5519.7,False,False
KXCPIYOY-26JUN,KXCPIYOY-26JUN-T4.0,4.0,7d,2026-07-07,2026-07-07,0.0,0.015,0.01,1828.01,False,False
KXCPIYOY-26JUN,KXCPIYOY-26JUN-T4.0,4.0,3d,2026-07-11,2026-07-11,0.0,0.015,0.01,22367.66,False,False
KXCPIYOY-26JUN,KXCPIYOY-26JUN-T4.0,4.0,1d,2026-07-13,2026-07-13,0.0,0.01,0.02,12994.0,False,False
KXCPIYOY-26JUN,KXCPIYOY-26JUN-T4.0,4.0,final,2026-07-14,2026-07-13,1.0,0.01,0.02,12994.0,False,False
KXCPIYOY-26JUN,KXCPIYOY-26JUN-T4.1,4.1,21d,2026-06-23,2026-06-23,0.0,0.035,0.03,6.0,False,False
KXCPIYOY-26JUN,KXCPIYOY-26JUN-T4.1,4.1,14d,2026-06-30,2026-06-30,0.0,0.01,0.02,835.05,False,False
KXCPIYOY-26JUN,KXCPIYOY-26JUN-T4.1,4.1,7d,2026-07-07,2026-07-07,0.0,0.005,0.01,849.0,False,False
KXCPIYOY-26JUN,KXCPIYOY-26JUN-T4.1,4.1,3d,2026-07-11,2026-07-11,0.0,0.005,0.01,5177.97,False,False
KXCPIYOY-26JUN,KXCPIYOY-26JUN-T4.1,4.1,1d,2026-07-13,2026-07-13,0.0,0.005,0.01,266.12,False,False
KXCPIYOY-26JUN,KXCPIYOY-26JUN-T4.1,4.1,final,2026-07-14,2026-07-13,1.0,0.005,0.01,266.12,False,False
KXCPIYOY-26JUN,KXCPIYOY-26JUN-T4.2,4.2,21d,2026-06-23,2026-06-23,0.0,0.015,0.03,6.0,False,False
KXCPIYOY-26JUN,KXCPIYOY-26JUN-T4.2,4.2,14d,2026-06-30,2026-06-30,0.0,0.03,0.06,236.82,False,False
KXCPIYOY-26JUN,KXCPIYOY-26JUN-T4.2,4.2,7d,2026-07-07,2026-07-07,0.0,0.005,0.01,0.0,False,False
KXCPIYOY-26JUN,KXCPIYOY-26JUN-T4.2,4.2,3d,2026-07-11,2026-07-11,0.0,0.005,0.01,3.0,False,False
KXCPIYOY-26JUN,KXCPIYOY-26JUN-T4.2,4.2,1d,2026-07-13,2026-07-13,0.0,0.005,0.01,470.0,False,False
KXCPIYOY-26JUN,KXCPIYOY-26JUN-T4.2,4.2,final,2026-07-14,2026-07-13,1.0,0.005,0.01,470.0,False,False
KXCPIYOY-26JUN,KXCPIYOY-26JUN-T4.3,4.3,21d,2026-06-23,2026-06-23,0.0,0.035,0.07,113.58,False,False
KXCPIYOY-26JUN,KXCPIYOY-26JUN-T4.3,4.3,14d,2026-06-30,2026-06-30,0.0,0.045,0.09,99.01,False,False
KXCPIYOY-26JUN,KXCPIYOY-26JUN-T4.3,4.3,7d,2026-07-07,2026-07-07,0.0,0.005,0.01,0.0,False,False
KXCPIYOY-26JUN,KXCPIYOY-26JUN-T4.3,4.3,3d,2026-07-11,2026-07-11,0.0,0.005,0.01,803.0,False,False
KXCPIYOY-26JUN,KXCPIYOY-26JUN-T4.3,4.3,1d,2026-07-13,2026-07-13,0.0,0.005,0.01,152.0,False,False
KXCPIYOY-26JUN,KXCPIYOY-26JUN-T4.3,4.3,final,2026-07-14,2026-07-13,1.0,0.005,0.01,152.0,False,False
KXCPIYOY-26JUN,KXCPIYOY-26JUN-T4.4,4.4,21d,2026-06-23,2026-06-23,0.0,0.035,0.07,0.0,False,False
KXCPIYOY-26JUN,KXCPIYOY-26JUN-T4.4,4.4,14d,2026-06-30,2026-06-30,0.0,0.05,0.1,0.0,False,False
KXCPIYOY-26JUN,KXCPIYOY-26JUN-T4.4,4.4,7d,2026-07-07,2026-07-07,0.0,0.005,0.01,0.0,False,False
KXCPIYOY-26JUN,KXCPIYOY-26JUN-T4.4,4.4,3d,2026-07-11,2026-07-11,0.0,0.005,0.01,2253.0,False,False
KXCPIYOY-26JUN,KXCPIYOY-26JUN-T4.4,4.4,1d,2026-07-13,2026-07-13,0.0,0.005,0.01,0.0,False,False
KXCPIYOY-26JUN,KXCPIYOY-26JUN-T4.4,4.4,final,2026-07-14,2026-07-13,1.0,0.005,0.01,0.0,False,False
KXCPIYOY-26JUN,KXCPIYOY-26JUN-T4.5,4.5,21d,2026-06-23,2026-06-23,0.0,0.035,0.07,4.0,False,False
KXCPIYOY-26JUN,KXCPIYOY-26JUN-T4.5,4.5,14d,2026-06-30,2026-06-30,0.0,0.045,0.09,0.0,False,False
KXCPIYOY-26JUN,KXCPIYOY-26JUN-T4.5,4.5,7d,2026-07-07,2026-07-07,0.0,0.005,0.01,0.0,False,False
KXCPIYOY-26JUN,KXCPIYOY-26JUN-T4.5,4.5,3d,2026-07-11,2026-07-11,0.0,0.005,0.01,3143.0,False,False
KXCPIYOY-26JUN,KXCPIYOY-26JUN-T4.5,4.5,1d,2026-07-13,2026-07-13,0.0,0.005,0.01,0.0,False,False
KXCPIYOY-26JUN,KXCPIYOY-26JUN-T4.5,4.5,final,2026-07-14,2026-07-13,1.0,0.005,0.01,0.0,False,False
KXCPIYOY-26MAY,KXCPIYOY-26MAY-T2.4,2.4,21d,2026-05-20,2026-05-20,0.0,0.995,0.01,0.0,False,False
KXCPIYOY-26MAY,KXCPIYOY-26MAY-T2.4,2.4,14d,2026-05-27,2026-05-27,0.0,0.995,0.01,0.0,False,False
KXCPIYOY-26MAY,KXCPIYOY-26MAY-T2.4,2.4,7d,2026-06-03,2026-06-03,0.0,0.995,0.01,0.0,False,False
KXCPIYOY-26MAY,KXCPIYOY-26MAY-T2.4,2.4,3d,2026-06-07,2026-06-07,0.0,0.995,0.01,0.0,False,False
KXCPIYOY-26MAY,KXCPIYOY-26MAY-T2.4,2.4,1d,2026-06-09,2026-06-09,0.0,0.995,0.01,0.0,False,False
KXCPIYOY-26MAY,KXCPIYOY-26MAY-T2.4,2.4,final,2026-06-10,2026-06-09,1.0,0.995,0.01,0.0,False,False
KXCPIYOY-26MAY,KXCPIYOY-26MAY-T2.5,2.5,21d,2026-05-20,2026-05-20,0.0,0.99,0.02,0.0,False,False
KXCPIYOY-26MAY,KXCPIYOY-26MAY-T2.5,2.5,14d,2026-05-27,2026-05-27,0.0,0.985,0.03,0.0,False,False
KXCPIYOY-26MAY,KXCPIYOY-26MAY-T2.5,2.5,7d,2026-06-03,2026-06-03,0.0,0.985,0.03,0.0,False,False
KXCPIYOY-26MAY,KXCPIYOY-26MAY-T2.5,2.5,3d,2026-06-07,2026-06-07,0.0,0.995,0.01,0.0,False,False
KXCPIYOY-26MAY,KXCPIYOY-26MAY-T2.5,2.5,1d,2026-06-09,2026-06-09,0.0,0.995,0.01,0.0,False,False
KXCPIYOY-26MAY,KXCPIYOY-26MAY-T2.5,2.5,final,2026-06-10,2026-06-09,1.0,0.995,0.01,0.0,False,False
KXCPIYOY-26MAY,KXCPIYOY-26MAY-T2.6,2.6,21d,2026-05-20,2026-05-20,0.0,0.995,0.01,0.0,False,False
KXCPIYOY-26MAY,KXCPIYOY-26MAY-T2.6,2.6,14d,2026-05-27,2026-05-27,0.0,0.99,0.02,0.0,False,False
KXCPIYOY-26MAY,KXCPIYOY-26MAY-T2.6,2.6,7d,2026-06-03,2026-06-03,0.0,0.995,0.01,0.0,False,False
KXCPIYOY-26MAY,KXCPIYOY-26MAY-T2.6,2.6,3d,2026-06-07,2026-06-06,1.0,0.995,0.01,358.0,False,False
KXCPIYOY-26MAY,KXCPIYOY-26MAY-T2.6,2.6,1d,2026-06-09,2026-06-09,0.0,0.995,0.01,0.0,False,False
KXCPIYOY-26MAY,KXCPIYOY-26MAY-T2.6,2.6,final,2026-06-10,2026-06-09,1.0,0.995,0.01,0.0,False,False
KXCPIYOY-26MAY,KXCPIYOY-26MAY-T2.7,2.7,21d,2026-05-20,2026-05-20,0.0,0.995,0.01,0.0,False,False
KXCPIYOY-26MAY,KXCPIYOY-26MAY-T2.7,2.7,14d,2026-05-27,2026-05-27,0.0,0.99,0.02,0.0,False,False
KXCPIYOY-26MAY,KXCPIYOY-26MAY-T2.7,2.7,7d,2026-06-03,2026-06-03,0.0,0.995,0.01,0.0,False,False
KXCPIYOY-26MAY,KXCPIYOY-26MAY-T2.7,2.7,3d,2026-06-07,2026-06-06,1.0,0.995,0.01,521.0,False,False
KXCPIYOY-26MAY,KXCPIYOY-26MAY-T2.7,2.7,1d,2026-06-09,2026-06-09,0.0,0.995,0.01,0.0,False,False
KXCPIYOY-26MAY,KXCPIYOY-26MAY-T2.7,2.7,final,2026-06-10,2026-06-09,1.0,0.995,0.01,0.0,False,False
KXCPIYOY-26MAY,KXCPIYOY-26MAY-T2.8,2.8,21d,2026-05-20,2026-05-20,0.0,0.985,0.03,0.0,False,False
KXCPIYOY-26MAY,KXCPIYOY-26MAY-T2.8,2.8,14d,2026-05-27,2026-05-27,0.0,0.98,0.04,0.0,False,False
KXCPIYOY-26MAY,KXCPIYOY-26MAY-T2.8,2.8,7d,2026-06-03,2026-06-03,0.0,0.985,0.03,0.0,False,False
KXCPIYOY-26MAY,KXCPIYOY-26MAY-T2.8,2.8,3d,2026-06-07,2026-06-06,1.0,0.995,0.01,368.0,False,False
KXCPIYOY-26MAY,KXCPIYOY-26MAY-T2.8,2.8,1d,2026-06-09,2026-06-06,3.0,0.995,0.01,368.0,False,False
KXCPIYOY-26MAY,KXCPIYOY-26MAY-T2.8,2.8,final,2026-06-10,2026-06-06,4.0,0.995,0.01,368.0,False,False
KXCPIYOY-26MAY,KXCPIYOY-26MAY-T2.9,2.9,21d,2026-05-20,2026-05-20,0.0,0.985,0.03,0.0,False,False
KXCPIYOY-26MAY,KXCPIYOY-26MAY-T2.9,2.9,14d,2026-05-27,2026-05-27,0.0,0.985,0.03,0.0,False,False
KXCPIYOY-26MAY,KXCPIYOY-26MAY-T2.9,2.9,7d,2026-06-03,2026-06-03,0.0,0.99,0.02,0.0,False,False
KXCPIYOY-26MAY,KXCPIYOY-26MAY-T2.9,2.9,3d,2026-06-07,2026-06-07,0.0,0.995,0.01,0.0,False,False
KXCPIYOY-26MAY,KXCPIYOY-26MAY-T2.9,2.9,1d,2026-06-09,2026-06-07,2.0,0.995,0.01,0.0,False,False
KXCPIYOY-26MAY,KXCPIYOY-26MAY-T2.9,2.9,final,2026-06-10,2026-06-07,3.0,0.995,0.01,0.0,False,False
KXCPIYOY-26MAY,KXCPIYOY-26MAY-T3.0,3.0,21d,2026-05-20,2026-05-20,0.0,0.985,0.03,0.0,False,False
KXCPIYOY-26MAY,KXCPIYOY-26MAY-T3.0,3.0,14d,2026-05-27,2026-05-27,0.0,0.975,0.05,0.0,False,False
KXCPIYOY-26MAY,KXCPIYOY-26MAY-T3.0,3.0,7d,2026-06-03,2026-06-03,0.0,0.98,0.04,0.0,False,False
KXCPIYOY-26MAY,KXCPIYOY-26MAY-T3.0,3.0,3d,2026-06-07,2026-06-06,1.0,0.995,0.01,0.0,False,False
KXCPIYOY-26MAY,KXCPIYOY-26MAY-T3.0,3.0,1d,2026-06-09,2026-06-06,3.0,0.995,0.01,0.0,False,False
KXCPIYOY-26MAY,KXCPIYOY-26MAY-T3.0,3.0,final,2026-06-10,2026-06-06,4.0,0.995,0.01,0.0,False,False
KXCPIYOY-26MAY,KXCPIYOY-26MAY-T3.1,3.1,21d,2026-05-20,2026-05-20,0.0,0.985,0.03,0.0,False,False
KXCPIYOY-26MAY,KXCPIYOY-26MAY-T3.1,3.1,14d,2026-05-27,2026-05-27,0.0,0.99,0.02,0.0,False,False
KXCPIYOY-26MAY,KXCPIYOY-26MAY-T3.1,3.1,7d,2026-06-03,2026-06-03,0.0,0.98,0.04,0.0,False,False
KXCPIYOY-26MAY,KXCPIYOY-26MAY-T3.1,3.1,3d,2026-06-07,2026-06-07,0.0,0.995,0.01,0.0,False,False
KXCPIYOY-26MAY,KXCPIYOY-26MAY-T3.1,3.1,1d,2026-06-09,2026-06-09,0.0,0.995,0.01,0.0,False,False
KXCPIYOY-26MAY,KXCPIYOY-26MAY-T3.1,3.1,final,2026-06-10,2026-06-09,1.0,0.995,0.01,0.0,False,False
KXCPIYOY-26MAY,KXCPIYOY-26MAY-T3.2,3.2,21d,2026-05-20,2026-05-19,1.0,0.995,0.01,0.0,False,False
KXCPIYOY-26MAY,KXCPIYOY-26MAY-T3.2,3.2,14d,2026-05-27,2026-05-27,0.0,0.98,0.04,0.0,False,False
KXCPIYOY-26MAY,KXCPIYOY-26MAY-T3.2,3.2,7d,2026-06-03,2026-06-03,0.0,0.98,0.04,0.0,False,False
KXCPIYOY-26MAY,KXCPIYOY-26MAY-T3.2,3.2,3d,2026-06-07,2026-06-06,1.0,0.995,0.01,34.0,False,False
KXCPIYOY-26MAY,KXCPIYOY-26MAY-T3.2,3.2,1d,2026-06-09,2026-06-06,3.0,0.995,0.01,34.0,False,False
KXCPIYOY-26MAY,KXCPIYOY-26MAY-T3.2,3.2,final,2026-06-10,2026-06-06,4.0,0.995,0.01,34.0,False,False
KXCPIYOY-26MAY,KXCPIYOY-26MAY-T3.3,3.3,21d,2026-05-20,2026-05-20,0.0,0.995,0.01,0.0,False,False
KXCPIYOY-26MAY,KXCPIYOY-26MAY-T3.3,3.3,14d,2026-05-27,2026-05-27,0.0,0.995,0.01,0.0,False,False
KXCPIYOY-26MAY,KXCPIYOY-26MAY-T3.3,3.3,7d,2026-06-03,2026-05-27,7.0,0.995,0.01,0.0,False,False
KXCPIYOY-26MAY,KXCPIYOY-26MAY-T3.3,3.3,3d,2026-06-07,2026-06-07,0.0,0.995,0.01,0.0,False,False
KXCPIYOY-26MAY,KXCPIYOY-26MAY-T3.3,3.3,1d,2026-06-09,2026-06-09,0.0,0.995,0.01,0.0,False,False
KXCPIYOY-26MAY,KXCPIYOY-26MAY-T3.3,3.3,final,2026-06-10,2026-06-09,1.0,0.995,0.01,0.0,False,False
KXCPIYOY-26MAY,KXCPIYOY-26MAY-T3.4,3.4,21d,2026-05-20,2026-05-20,0.0,0.995,0.01,0.0,False,False
KXCPIYOY-26MAY,KXCPIYOY-26MAY-T3.4,3.4,14d,2026-05-27,2026-05-27,0.0,0.99,0.02,0.0,False,False
KXCPIYOY-26MAY,KXCPIYOY-26MAY-T3.4,3.4,7d,2026-06-03,2026-06-03,0.0,0.995,0.01,0.0,False,False
KXCPIYOY-26MAY,KXCPIYOY-26MAY-T3.4,3.4,3d,2026-06-07,2026-06-07,0.0,0.995,0.01,95.0,False,False
KXCPIYOY-26MAY,KXCPIYOY-26MAY-T3.4,3.4,1d,2026-06-09,2026-06-07,2.0,0.995,0.01,95.0,False,False
KXCPIYOY-26MAY,KXCPIYOY-26MAY-T3.4,3.4,final,2026-06-10,2026-06-07,3.0,0.995,0.01,95.0,False,False
KXCPIYOY-26MAY,KXCPIYOY-26MAY-T3.5,3.5,21d,2026-05-20,2026-05-20,0.0,0.995,0.01,0.0,False,False
KXCPIYOY-26MAY,KXCPIYOY-26MAY-T3.5,3.5,14d,2026-05-27,2026-05-27,0.0,0.985,0.03,0.0,False,False
KXCPIYOY-26MAY,KXCPIYOY-26MAY-T3.5,3.5,7d,2026-06-03,2026-06-03,0.0,0.995,0.01,0.0,False,False
KXCPIYOY-26MAY,KXCPIYOY-26MAY-T3.5,3.5,3d,2026-06-07,2026-06-07,0.0,0.995,0.01,0.0,False,False
KXCPIYOY-26MAY,KXCPIYOY-26MAY-T3.5,3.5,1d,2026-06-09,2026-06-09,0.0,0.995,0.01,10.0,False,False
KXCPIYOY-26MAY,KXCPIYOY-26MAY-T3.5,3.5,final,2026-06-10,2026-06-09,1.0,0.995,0.01,10.0,False,False
KXCPIYOY-26MAY,KXCPIYOY-26MAY-T3.6,3.6,21d,2026-05-20,2026-05-20,0.0,0.995,0.01,0.0,False,False
KXCPIYOY-26MAY,KXCPIYOY-26MAY-T3.6,3.6,14d,2026-05-27,2026-05-27,0.0,0.975,0.05,440.74,False,False
KXCPIYOY-26MAY,KXCPIYOY-26MAY-T3.6,3.6,7d,2026-06-03,2026-05-31,3.0,0.995,0.01,0.0,False,False
KXCPIYOY-26MAY,KXCPIYOY-26MAY-T3.6,3.6,3d,2026-06-07,2026-06-07,0.0,0.995,0.01,0.0,False,False
KXCPIYOY-26MAY,KXCPIYOY-26MAY-T3.6,3.6,1d,2026-06-09,2026-06-07,2.0,0.995,0.01,0.0,False,False
KXCPIYOY-26MAY,KXCPIYOY-26MAY-T3.6,3.6,final,2026-06-10,2026-06-07,3.0,0.995,0.01,0.0,False,False
KXCPIYOY-26MAY,KXCPIYOY-26MAY-T3.7,3.7,21d,2026-05-20,2026-05-20,0.0,0.995,0.01,0.0,False,False
KXCPIYOY-26MAY,KXCPIYOY-26MAY-T3.7,3.7,14d,2026-05-27,2026-05-27,0.0,0.97,0.06,0.0,False,False
KXCPIYOY-26MAY,KXCPIYOY-26MAY-T3.7,3.7,7d,2026-06-03,2026-05-31,3.0,0.995,0.01,0.0,False,False
KXCPIYOY-26MAY,KXCPIYOY-26MAY-T3.7,3.7,3d,2026-06-07,2026-06-07,0.0,0.995,0.01,0.0,False,False
KXCPIYOY-26MAY,KXCPIYOY-26MAY-T3.7,3.7,1d,2026-06-09,2026-06-09,0.0,0.995,0.01,1.0,False,False
KXCPIYOY-26MAY,KXCPIYOY-26MAY-T3.7,3.7,final,2026-06-10,2026-06-09,1.0,0.995,0.01,1.0,False,False
KXCPIYOY-26MAY,KXCPIYOY-26MAY-T3.8,3.8,21d,2026-05-20,2026-05-20,0.0,0.995,0.01,333.0,False,False
KXCPIYOY-26MAY,KXCPIYOY-26MAY-T3.8,3.8,14d,2026-05-27,2026-05-27,0.0,0.98,0.04,0.0,False,False
KXCPIYOY-26MAY,KXCPIYOY-26MAY-T3.8,3.8,7d,2026-06-03,2026-06-03,0.0,0.99,0.02,0.0,False,False
KXCPIYOY-26MAY,KXCPIYOY-26MAY-T3.8,3.8,3d,2026-06-07,2026-06-07,0.0,0.985,0.03,97.0,False,False
KXCPIYOY-26MAY,KXCPIYOY-26MAY-T3.8,3.8,1d,2026-06-09,2026-06-09,0.0,0.985,0.03,41.0,False,False
KXCPIYOY-26MAY,KXCPIYOY-26MAY-T3.8,3.8,final,2026-06-10,2026-06-09,1.0,0.985,0.03,41.0,False,False
KXCPIYOY-26MAY,KXCPIYOY-26MAY-T3.9,3.9,21d,2026-05-20,2026-05-20,0.0,0.995,0.01,187.03,False,False
KXCPIYOY-26MAY,KXCPIYOY-26MAY-T3.9,3.9,14d,2026-05-27,2026-05-27,0.0,0.97,0.06,60.0,False,False
KXCPIYOY-26MAY,KXCPIYOY-26MAY-T3.9,3.9,7d,2026-06-03,2026-06-03,0.0,0.99,0.02,0.0,False,False
KXCPIYOY-26MAY,KXCPIYOY-26MAY-T3.9,3.9,3d,2026-06-07,2026-06-07,0.0,0.98,0.02,1477.06,False,False
KXCPIYOY-26MAY,KXCPIYOY-26MAY-T3.9,3.9,1d,2026-06-09,2026-06-09,0.0,0.985,0.03,10093.71,False,False
KXCPIYOY-26MAY,KXCPIYOY-26MAY-T3.9,3.9,final,2026-06-10,2026-06-09,1.0,0.985,0.03,10093.71,False,False
KXCPIYOY-26MAY,KXCPIYOY-26MAY-T4.0,4.0,21d,2026-05-20,2026-05-20,0.0,0.975,0.01,1612.0,False,False
KXCPIYOY-26MAY,KXCPIYOY-26MAY-T4.0,4.0,14d,2026-05-27,2026-05-27,0.0,0.975,0.01,5805.16,False,False
KXCPIYOY-26MAY,KXCPIYOY-26MAY-T4.0,4.0,7d,2026-06-03,2026-06-03,0.0,0.99,0.02,1556.79,False,False
KXCPIYOY-26MAY,KXCPIYOY-26MAY-T4.0,4.0,3d,2026-06-07,2026-06-07,0.0,0.97,0.02,690.0,False,False
KXCPIYOY-26MAY,KXCPIYOY-26MAY-T4.0,4.0,1d,2026-06-09,2026-06-09,0.0,0.97,0.02,28399.15,False,False
KXCPIYOY-26MAY,KXCPIYOY-26MAY-T4.0,4.0,final,2026-06-10,2026-06-09,1.0,0.97,0.02,28399.15,False,False
KXCPIYOY-26MAY,KXCPIYOY-26MAY-T4.1,4.1,21d,2026-05-20,2026-05-20,0.0,0.94,0.02,4486.65,False,False
KXCPIYOY-26MAY,KXCPIYOY-26MAY-T4.1,4.1,14d,2026-05-27,2026-05-27,0.0,0.935,0.01,1916.19,False,False
KXCPIYOY-26MAY,KXCPIYOY-26MAY-T4.1,4.1,7d,2026-06-03,2026-06-03,0.0,0.915,0.01,487.31,False,False
KXCPIYOY-26MAY,KXCPIYOY-26MAY-T4.1,4.1,3d,2026-06-07,2026-06-07,0.0,0.905,0.01,2910.8,False,False
KXCPIYOY-26MAY,KXCPIYOY-26MAY-T4.1,4.1,1d,2026-06-09,2026-06-09,0.0,0.905,0.01,10364.13,False,False
KXCPIYOY-26MAY,KXCPIYOY-26MAY-T4.1,4.1,final,2026-06-10,2026-06-09,1.0,0.905,0.01,10364.13,False,False
KXCPIYOY-26MAY,KXCPIYOY-26MAY-T4.2,4.2,21d,2026-05-20,2026-05-20,0.0,0.75,0.02,1279.99,False,False
KXCPIYOY-26MAY,KXCPIYOY-26MAY-T4.2,4.2,14d,2026-05-27,2026-05-27,0.0,0.66,0.08,4445.94,False,False
KXCPIYOY-26MAY,KXCPIYOY-26MAY-T4.2,4.2,7d,2026-06-03,2026-06-03,0.0,0.555,0.03,4763.49,False,False
KXCPIYOY-26MAY,KXCPIYOY-26MAY-T4.2,4.2,3d,2026-06-07,2026-06-07,0.0,0.505,0.05,7721.17,False,False
KXCPIYOY-26MAY,KXCPIYOY-26MAY-T4.2,4.2,1d,2026-06-09,2026-06-09,0.0,0.475,0.03,9338.74,False,False
KXCPIYOY-26MAY,KXCPIYOY-26MAY-T4.2,4.2,final,2026-06-10,2026-06-09,1.0,0.475,0.03,9338.74,False,False
KXCPIYOY-26MAY,KXCPIYOY-26MAY-T4.3,4.3,21d,2026-05-20,2026-05-20,0.0,0.39,0.04,16784.93,False,False
KXCPIYOY-26MAY,KXCPIYOY-26MAY-T4.3,4.3,14d,2026-05-27,2026-05-27,0.0,0.25,0.02,6932.56,False,False
KXCPIYOY-26MAY,KXCPIYOY-26MAY-T4.3,4.3,7d,2026-06-03,2026-06-03,0.0,0.12,0.04,1192.41,False,False
KXCPIYOY-26MAY,KXCPIYOY-26MAY-T4.3,4.3,3d,2026-06-07,2026-06-07,0.0,0.105,0.01,5551.31,False,False
KXCPIYOY-26MAY,KXCPIYOY-26MAY-T4.3,4.3,1d,2026-06-09,2026-06-09,0.0,0.125,0.01,15470.19,False,False
KXCPIYOY-26MAY,KXCPIYOY-26MAY-T4.3,4.3,final,2026-06-10,2026-06-09,1.0,0.125,0.01,15470.19,False,False
KXCPIYOY-26MAY,KXCPIYOY-26MAY-T4.4,4.4,21d,2026-05-20,2026-05-20,0.0,0.165,0.01,1533.81,False,False
KXCPIYOY-26MAY,KXCPIYOY-26MAY-T4.4,4.4,14d,2026-05-27,2026-05-27,0.0,0.085,0.05,1356.06,False,False
KXCPIYOY-26MAY,KXCPIYOY-26MAY-T4.4,4.4,7d,2026-06-03,2026-06-03,0.0,0.025,0.01,1619.2,False,False
KXCPIYOY-26MAY,KXCPIYOY-26MAY-T4.4,4.4,3d,2026-06-07,2026-06-07,0.0,0.02,0.04,1130.01,False,False
KXCPIYOY-26MAY,KXCPIYOY-26MAY-T4.4,4.4,1d,2026-06-09,2026-06-09,0.0,0.035,0.01,5994.26,False,False
KXCPIYOY-26MAY,KXCPIYOY-26MAY-T4.4,4.4,final,2026-06-10,2026-06-09,1.0,0.035,0.01,5994.26,False,False
KXCPIYOY-26MAY,KXCPIYOY-26MAY-T4.5,4.5,21d,2026-05-20,2026-05-20,0.0,0.085,0.01,1147.55,False,False
KXCPIYOY-26MAY,KXCPIYOY-26MAY-T4.5,4.5,14d,2026-05-27,2026-05-27,0.0,0.035,0.05,809.51,False,False
KXCPIYOY-26MAY,KXCPIYOY-26MAY-T4.5,4.5,7d,2026-06-03,2026-06-03,0.0,0.01,0.02,347.0,False,False
KXCPIYOY-26MAY,KXCPIYOY-26MAY-T4.5,4.5,3d,2026-06-07,2026-06-07,0.0,0.01,0.02,322.0,False,False
KXCPIYOY-26MAY,KXCPIYOY-26MAY-T4.5,4.5,1d,2026-06-09,2026-06-09,0.0,0.005,0.01,18.7,False,False
KXCPIYOY-26MAY,KXCPIYOY-26MAY-T4.5,4.5,final,2026-06-10,2026-06-09,1.0,0.005,0.01,18.7,False,False
KXCPIYOY-26MAY,KXCPIYOY-26MAY-T4.6,4.6,21d,2026-05-20,2026-05-20,0.0,0.025,0.01,1264.29,False,False
KXCPIYOY-26MAY,KXCPIYOY-26MAY-T4.6,4.6,14d,2026-05-27,2026-05-27,0.0,0.015,0.03,0.0,False,False
KXCPIYOY-26MAY,KXCPIYOY-26MAY-T4.6,4.6,7d,2026-06-03,2026-06-03,0.0,0.005,0.01,0.0,False,False
KXCPIYOY-26MAY,KXCPIYOY-26MAY-T4.6,4.6,3d,2026-06-07,2026-06-07,0.0,0.005,0.01,0.0,False,False
KXCPIYOY-26MAY,KXCPIYOY-26MAY-T4.6,4.6,1d,2026-06-09,2026-06-09,0.0,0.005,0.01,0.0,False,False
KXCPIYOY-26MAY,KXCPIYOY-26MAY-T4.6,4.6,final,2026-06-10,2026-06-09,1.0,0.005,0.01,0.0,False,False
KXCPIYOY-26MAY,KXCPIYOY-26MAY-T4.7,4.7,21d,2026-05-20,2026-05-20,0.0,0.01,0.02,0.0,False,False
KXCPIYOY-26MAY,KXCPIYOY-26MAY-T4.7,4.7,14d,2026-05-27,2026-05-27,0.0,0.01,0.02,0.0,False,False
KXCPIYOY-26MAY,KXCPIYOY-26MAY-T4.7,4.7,7d,2026-06-03,2026-06-03,0.0,0.005,0.01,0.0,False,False
KXCPIYOY-26MAY,KXCPIYOY-26MAY-T4.7,4.7,3d,2026-06-07,2026-06-07,0.0,0.005,0.01,0.0,False,False
KXCPIYOY-26MAY,KXCPIYOY-26MAY-T4.7,4.7,1d,2026-06-09,2026-06-09,0.0,0.005,0.01,0.0,False,False
KXCPIYOY-26MAY,KXCPIYOY-26MAY-T4.7,4.7,final,2026-06-10,2026-06-09,1.0,0.005,0.01,0.0,False,False
KXCPIYOY-26MAY,KXCPIYOY-26MAY-T4.8,4.8,21d,2026-05-20,2026-05-20,0.0,0.005,0.01,0.0,False,False
KXCPIYOY-26MAY,KXCPIYOY-26MAY-T4.8,4.8,14d,2026-05-27,2026-05-27,0.0,0.01,0.02,0.0,False,False
KXCPIYOY-26MAY,KXCPIYOY-26MAY-T4.8,4.8,7d,2026-06-03,2026-06-03,0.0,0.005,0.01,0.0,False,False
KXCPIYOY-26MAY,KXCPIYOY-26MAY-T4.8,4.8,3d,2026-06-07,2026-06-07,0.0,0.005,0.01,0.0,False,False
KXCPIYOY-26MAY,KXCPIYOY-26MAY-T4.8,4.8,1d,2026-06-09,2026-06-09,0.0,0.005,0.01,0.0,False,False
KXCPIYOY-26MAY,KXCPIYOY-26MAY-T4.8,4.8,final,2026-06-10,2026-06-09,1.0,0.005,0.01,0.0,False,False
KXCPIYOY-26MAY,KXCPIYOY-26MAY-T4.9,4.9,21d,2026-05-20,2026-05-20,0.0,0.005,0.01,0.0,False,False
KXCPIYOY-26MAY,KXCPIYOY-26MAY-T4.9,4.9,14d,2026-05-27,2026-05-27,0.0,0.005,0.01,0.0,False,False
KXCPIYOY-26MAY,KXCPIYOY-26MAY-T4.9,4.9,7d,2026-06-03,2026-06-03,0.0,0.005,0.01,0.0,False,False
KXCPIYOY-26MAY,KXCPIYOY-26MAY-T4.9,4.9,3d,2026-06-07,2026-06-06,1.0,0.005,0.01,0.0,False,False
KXCPIYOY-26MAY,KXCPIYOY-26MAY-T4.9,4.9,1d,2026-06-09,2026-06-09,0.0,0.005,0.01,0.0,False,False
KXCPIYOY-26MAY,KXCPIYOY-26MAY-T4.9,4.9,final,2026-06-10,2026-06-09,1.0,0.005,0.01,0.0,False,False
KXCPIYOY-26MAY,KXCPIYOY-26MAY-T5.0,5.0,21d,2026-05-20,2026-05-20,0.0,0.005,0.01,0.0,False,False
KXCPIYOY-26MAY,KXCPIYOY-26MAY-T5.0,5.0,14d,2026-05-27,2026-05-27,0.0,0.005,0.01,0.0,False,False
KXCPIYOY-26MAY,KXCPIYOY-26MAY-T5.0,5.0,7d,2026-06-03,2026-06-03,0.0,0.005,0.01,0.0,False,False
KXCPIYOY-26MAY,KXCPIYOY-26MAY-T5.0,5.0,3d,2026-06-07,2026-06-06,1.0,0.005,0.01,0.0,False,False
KXCPIYOY-26MAY,KXCPIYOY-26MAY-T5.0,5.0,1d,2026-06-09,2026-06-09,0.0,0.005,0.01,0.0,False,False
KXCPIYOY-26MAY,KXCPIYOY-26MAY-T5.0,5.0,final,2026-06-10,2026-06-09,1.0,0.005,0.01,0.0,False,False
KXCPIYOY-26APR,KXCPIYOY-26APR-T4.5,4.5,21d,2026-04-21,2026-04-21,0.0,0.005,0.01,0.0,False,False
KXCPIYOY-26APR,KXCPIYOY-26APR-T4.5,4.5,14d,2026-04-28,2026-04-28,0.0,0.005,0.01,0.0,False,False
KXCPIYOY-26APR,KXCPIYOY-26APR-T4.5,4.5,7d,2026-05-05,2026-05-05,0.0,0.005,0.01,8.0,False,False
KXCPIYOY-26APR,KXCPIYOY-26APR-T4.5,4.5,3d,2026-05-09,2026-05-09,0.0,0.005,0.01,0.0,False,False
KXCPIYOY-26APR,KXCPIYOY-26APR-T4.5,4.5,1d,2026-05-11,2026-05-11,0.0,0.005,0.01,10.0,False,False
KXCPIYOY-26APR,KXCPIYOY-26APR-T4.5,4.5,final,2026-05-12,2026-05-11,1.0,0.005,0.01,10.0,False,False
KXCPIYOY-26APR,KXCPIYOY-26APR-T4.4,4.4,21d,2026-04-21,2026-04-21,0.0,0.005,0.01,0.0,False,False
KXCPIYOY-26APR,KXCPIYOY-26APR-T4.4,4.4,14d,2026-04-28,2026-04-28,0.0,0.005,0.01,0.0,False,False
KXCPIYOY-26APR,KXCPIYOY-26APR-T4.4,4.4,7d,2026-05-05,2026-05-05,0.0,0.005,0.01,0.0,False,False
KXCPIYOY-26APR,KXCPIYOY-26APR-T4.4,4.4,3d,2026-05-09,2026-05-09,0.0,0.005,0.01,0.0,False,False
KXCPIYOY-26APR,KXCPIYOY-26APR-T4.4,4.4,1d,2026-05-11,2026-05-11,0.0,0.005,0.01,0.0,False,False
KXCPIYOY-26APR,KXCPIYOY-26APR-T4.4,4.4,final,2026-05-12,2026-05-11,1.0,0.005,0.01,0.0,False,False
KXCPIYOY-26APR,KXCPIYOY-26APR-T4.3,4.3,21d,2026-04-21,2026-04-21,0.0,0.01,0.02,0.0,False,False
KXCPIYOY-26APR,KXCPIYOY-26APR-T4.3,4.3,14d,2026-04-28,2026-04-28,0.0,0.005,0.01,0.0,False,False
KXCPIYOY-26APR,KXCPIYOY-26APR-T4.3,4.3,7d,2026-05-05,2026-05-05,0.0,0.005,0.01,0.0,False,False
KXCPIYOY-26APR,KXCPIYOY-26APR-T4.3,4.3,3d,2026-05-09,2026-05-09,0.0,0.005,0.01,0.0,False,False
KXCPIYOY-26APR,KXCPIYOY-26APR-T4.3,4.3,1d,2026-05-11,2026-05-11,0.0,0.005,0.01,0.0,False,False
KXCPIYOY-26APR,KXCPIYOY-26APR-T4.3,4.3,final,2026-05-12,2026-05-11,1.0,0.005,0.01,0.0,False,False
KXCPIYOY-26APR,KXCPIYOY-26APR-T4.2,4.2,21d,2026-04-21,2026-04-21,0.0,0.01,0.02,0.0,False,False
KXCPIYOY-26APR,KXCPIYOY-26APR-T4.2,4.2,14d,2026-04-28,2026-04-28,0.0,0.005,0.01,0.0,False,False
KXCPIYOY-26APR,KXCPIYOY-26APR-T4.2,4.2,7d,2026-05-05,2026-05-05,0.0,0.005,0.01,0.0,False,False
KXCPIYOY-26APR,KXCPIYOY-26APR-T4.2,4.2,3d,2026-05-09,2026-05-09,0.0,0.005,0.01,10.0,False,False
KXCPIYOY-26APR,KXCPIYOY-26APR-T4.2,4.2,1d,2026-05-11,2026-05-11,0.0,0.005,0.01,0.0,False,False
KXCPIYOY-26APR,KXCPIYOY-26APR-T4.2,4.2,final,2026-05-12,2026-05-11,1.0,0.005,0.01,0.0,False,False
KXCPIYOY-26APR,KXCPIYOY-26APR-T4.1,4.1,21d,2026-04-21,2026-04-21,0.0,0.015,0.01,0.0,False,False
KXCPIYOY-26APR,KXCPIYOY-26APR-T4.1,4.1,14d,2026-04-28,2026-04-28,0.0,0.005,0.01,1.0,False,False
KXCPIYOY-26APR,KXCPIYOY-26APR-T4.1,4.1,7d,2026-05-05,2026-05-05,0.0,0.005,0.01,400.0,False,False
KXCPIYOY-26APR,KXCPIYOY-26APR-T4.1,4.1,3d,2026-05-09,2026-05-09,0.0,0.005,0.01,0.0,False,False
KXCPIYOY-26APR,KXCPIYOY-26APR-T4.1,4.1,1d,2026-05-11,2026-05-11,0.0,0.005,0.01,1666.0,False,False
KXCPIYOY-26APR,KXCPIYOY-26APR-T4.1,4.1,final,2026-05-12,2026-05-11,1.0,0.005,0.01,1666.0,False,False
KXCPIYOY-26APR,KXCPIYOY-26APR-T4.0,4.0,21d,2026-04-21,2026-04-21,0.0,0.025,0.01,2.0,False,False
KXCPIYOY-26APR,KXCPIYOY-26APR-T4.0,4.0,14d,2026-04-28,2026-04-28,0.0,0.01,0.02,283.0,False,False
KXCPIYOY-26APR,KXCPIYOY-26APR-T4.0,4.0,7d,2026-05-05,2026-05-05,0.0,0.01,0.02,432.0,False,False
KXCPIYOY-26APR,KXCPIYOY-26APR-T4.0,4.0,3d,2026-05-09,2026-05-09,0.0,0.01,0.02,3339.8,False,False
KXCPIYOY-26APR,KXCPIYOY-26APR-T4.0,4.0,1d,2026-05-11,2026-05-11,0.0,0.02,0.02,2147.02,False,False
KXCPIYOY-26APR,KXCPIYOY-26APR-T4.0,4.0,final,2026-05-12,2026-05-11,1.0,0.02,0.02,2147.02,False,False
KXCPIYOY-26APR,KXCPIYOY-26APR-T3.9,3.9,21d,2026-04-21,2026-04-21,0.0,0.035,0.01,904.0,False,False
KXCPIYOY-26APR,KXCPIYOY-26APR-T3.9,3.9,14d,2026-04-28,2026-04-28,0.0,0.035,0.01,119.0,False,False
KXCPIYOY-26APR,KXCPIYOY-26APR-T3.9,3.9,7d,2026-05-05,2026-05-05,0.0,0.025,0.01,16419.39,False,False
KXCPIYOY-26APR,KXCPIYOY-26APR-T3.9,3.9,3d,2026-05-09,2026-05-09,0.0,0.02,0.02,12072.0,False,False
KXCPIYOY-26APR,KXCPIYOY-26APR-T3.9,3.9,1d,2026-05-11,2026-05-11,0.0,0.02,0.02,4348.04,False,False
KXCPIYOY-26APR,KXCPIYOY-26APR-T3.9,3.9,final,2026-05-12,2026-05-11,1.0,0.02,0.02,4348.04,False,False
KXCPIYOY-26APR,KXCPIYOY-26APR-T3.8,3.8,21d,2026-04-21,2026-04-21,0.0,0.095,0.01,745.94,False,False
KXCPIYOY-26APR,KXCPIYOY-26APR-T3.8,3.8,14d,2026-04-28,2026-04-28,0.0,0.07,0.02,3588.71,False,False
KXCPIYOY-26APR,KXCPIYOY-26APR-T3.8,3.8,7d,2026-05-05,2026-05-05,0.0,0.085,0.01,4938.94,False,False
KXCPIYOY-26APR,KXCPIYOY-26APR-T3.8,3.8,3d,2026-05-09,2026-05-09,0.0,0.07,0.02,7194.94,False,False
KXCPIYOY-26APR,KXCPIYOY-26APR-T3.8,3.8,1d,2026-05-11,2026-05-11,0.0,0.095,0.01,1359.04,False,False
KXCPIYOY-26APR,KXCPIYOY-26APR-T3.8,3.8,final,2026-05-12,2026-05-11,1.0,0.095,0.01,1359.04,False,False
KXCPIYOY-26APR,KXCPIYOY-26APR-T3.7,3.7,21d,2026-04-21,2026-04-21,0.0,0.225,0.03,1530.81,False,False
KXCPIYOY-26APR,KXCPIYOY-26APR-T3.7,3.7,14d,2026-04-28,2026-04-28,0.0,0.275,0.01,27759.67,False,False
KXCPIYOY-26APR,KXCPIYOY-26APR-T3.7,3.7,7d,2026-05-05,2026-05-05,0.0,0.32,0.02,5247.89,False,False
KXCPIYOY-26APR,KXCPIYOY-26APR-T3.7,3.7,3d,2026-05-09,2026-05-09,0.0,0.355,0.01,19328.82,False,False
KXCPIYOY-26APR,KXCPIYOY-26APR-T3.7,3.7,1d,2026-05-11,2026-05-11,0.0,0.31,0.08,1046.73,False,False
KXCPIYOY-26APR,KXCPIYOY-26APR-T3.7,3.7,final,2026-05-12,2026-05-11,1.0,0.31,0.08,1046.73,False,False
KXCPIYOY-26APR,KXCPIYOY-26APR-T3.6,3.6,21d,2026-04-21,2026-04-21,0.0,0.46,0.02,1341.6,False,False
KXCPIYOY-26APR,KXCPIYOY-26APR-T3.6,3.6,14d,2026-04-28,2026-04-28,0.0,0.565,0.01,37064.64,False,False
KXCPIYOY-26APR,KXCPIYOY-26APR-T3.6,3.6,7d,2026-05-05,2026-05-05,0.0,0.645,0.01,3477.95,False,False
KXCPIYOY-26APR,KXCPIYOY-26APR-T3.6,3.6,3d,2026-05-09,2026-05-09,0.0,0.705,0.03,26790.03,False,False
KXCPIYOY-26APR,KXCPIYOY-26APR-T3.6,3.6,1d,2026-05-11,2026-05-11,0.0,0.7,0.02,618.71,False,False
KXCPIYOY-26APR,KXCPIYOY-26APR-T3.6,3.6,final,2026-05-12,2026-05-11,1.0,0.7,0.02,618.71,False,False
KXCPIYOY-26APR,KXCPIYOY-26APR-T3.5,3.5,21d,2026-04-21,2026-04-21,0.0,0.775,0.07,36.22,False,False
KXCPIYOY-26APR,KXCPIYOY-26APR-T3.5,3.5,14d,2026-04-28,2026-04-28,0.0,0.85,0.04,9643.56,False,False
KXCPIYOY-26APR,KXCPIYOY-26APR-T3.5,3.5,7d,2026-05-05,2026-05-05,0.0,0.86,0.06,745.62,False,False
KXCPIYOY-26APR,KXCPIYOY-26APR-T3.5,3.5,3d,2026-05-09,2026-05-09,0.0,0.895,0.07,5180.66,False,False
KXCPIYOY-26APR,KXCPIYOY-26APR-T3.5,3.5,1d,2026-05-11,2026-05-11,0.0,0.92,0.1,1606.64,False,False
KXCPIYOY-26APR,KXCPIYOY-26APR-T3.5,3.5,final,2026-05-12,2026-05-11,1.0,0.92,0.1,1606.64,False,False
KXCPIYOY-26APR,KXCPIYOY-26APR-T3.4,3.4,21d,2026-04-21,2026-04-21,0.0,0.93,0.02,131.0,False,False
KXCPIYOY-26APR,KXCPIYOY-26APR-T3.4,3.4,14d,2026-04-28,2026-04-28,0.0,0.945,0.03,447.55,False,False
KXCPIYOY-26APR,KXCPIYOY-26APR-T3.4,3.4,7d,2026-05-05,2026-05-05,0.0,0.96,0.02,311.5,False,False
KXCPIYOY-26APR,KXCPIYOY-26APR-T3.4,3.4,3d,2026-05-09,2026-05-09,0.0,0.97,0.02,4330.29,False,False
KXCPIYOY-26APR,KXCPIYOY-26APR-T3.4,3.4,1d,2026-05-11,2026-05-11,0.0,0.965,0.03,94.76,False,False
KXCPIYOY-26APR,KXCPIYOY-26APR-T3.4,3.4,final,2026-05-12,2026-05-11,1.0,0.965,0.03,94.76,False,False
KXCPIYOY-26APR,KXCPIYOY-26APR-T3.3,3.3,21d,2026-04-21,2026-04-21,0.0,0.97,0.02,1530.0,False,False
KXCPIYOY-26APR,KXCPIYOY-26APR-T3.3,3.3,14d,2026-04-28,2026-04-28,0.0,0.975,0.01,30.0,False,False
KXCPIYOY-26APR,KXCPIYOY-26APR-T3.3,3.3,7d,2026-05-05,2026-05-05,0.0,0.99,0.02,433.95,False,False
KXCPIYOY-26APR,KXCPIYOY-26APR-T3.3,3.3,3d,2026-05-09,2026-05-09,0.0,0.98,0.02,3512.89,False,False
KXCPIYOY-26APR,KXCPIYOY-26APR-T3.3,3.3,1d,2026-05-11,2026-05-11,0.0,0.95,0.08,0.0,False,False
KXCPIYOY-26APR,KXCPIYOY-26APR-T3.3,3.3,final,2026-05-12,2026-05-11,1.0,0.95,0.08,0.0,False,False
KXCPIYOY-26APR,KXCPIYOY-26APR-T3.2,3.2,21d,2026-04-21,2026-04-21,0.0,0.985,0.03,0.0,False,False
KXCPIYOY-26APR,KXCPIYOY-26APR-T3.2,3.2,14d,2026-04-28,2026-04-28,0.0,0.99,0.02,30.0,False,False
KXCPIYOY-26APR,KXCPIYOY-26APR-T3.2,3.2,7d,2026-05-05,2026-05-05,0.0,0.995,0.01,0.0,False,False
KXCPIYOY-26APR,KXCPIYOY-26APR-T3.2,3.2,3d,2026-05-09,2026-05-08,1.0,0.995,0.01,60.0,False,False
KXCPIYOY-26APR,KXCPIYOY-26APR-T3.2,3.2,1d,2026-05-11,2026-05-10,1.0,0.985,0.03,140.0,False,False
KXCPIYOY-26APR,KXCPIYOY-26APR-T3.2,3.2,final,2026-05-12,2026-05-10,2.0,0.985,0.03,140.0,False,False
KXCPIYOY-26APR,KXCPIYOY-26APR-T3.1,3.1,21d,2026-04-21,2026-04-21,0.0,0.985,0.03,0.0,False,False
KXCPIYOY-26APR,KXCPIYOY-26APR-T3.1,3.1,14d,2026-04-28,2026-04-28,0.0,0.99,0.02,24.0,False,False
KXCPIYOY-26APR,KXCPIYOY-26APR-T3.1,3.1,7d,2026-05-05,2026-05-05,0.0,0.99,0.02,0.0,False,False
KXCPIYOY-26APR,KXCPIYOY-26APR-T3.1,3.1,3d,2026-05-09,2026-05-09,0.0,0.995,0.01,5.0,False,False
KXCPIYOY-26APR,KXCPIYOY-26APR-T3.1,3.1,1d,2026-05-11,2026-05-11,0.0,0.985,0.03,0.0,False,False
KXCPIYOY-26APR,KXCPIYOY-26APR-T3.1,3.1,final,2026-05-12,2026-05-11,1.0,0.985,0.03,0.0,False,False
KXCPIYOY-26APR,KXCPIYOY-26APR-T3.0,3.0,21d,2026-04-21,2026-04-21,0.0,0.99,0.02,0.0,False,False
KXCPIYOY-26APR,KXCPIYOY-26APR-T3.0,3.0,14d,2026-04-28,2026-04-28,0.0,0.99,0.02,25.0,False,False
KXCPIYOY-26APR,KXCPIYOY-26APR-T3.0,3.0,7d,2026-05-05,2026-05-05,0.0,0.97,0.06,0.0,False,False
KXCPIYOY-26APR,KXCPIYOY-26APR-T3.0,3.0,3d,2026-05-09,2026-05-08,1.0,0.995,0.01,50.0,False,False
KXCPIYOY-26APR,KXCPIYOY-26APR-T3.0,3.0,1d,2026-05-11,2026-05-08,3.0,0.995,0.01,50.0,False,False
KXCPIYOY-26APR,KXCPIYOY-26APR-T3.0,3.0,final,2026-05-12,2026-05-08,4.0,0.995,0.01,50.0,False,False
KXCPIYOY-26APR,KXCPIYOY-26APR-T2.9,2.9,21d,2026-04-21,2026-04-21,0.0,0.99,0.02,0.0,False,False
KXCPIYOY-26APR,KXCPIYOY-26APR-T2.9,2.9,14d,2026-04-28,2026-04-28,0.0,0.99,0.02,0.0,False,False
KXCPIYOY-26APR,KXCPIYOY-26APR-T2.9,2.9,7d,2026-05-05,2026-05-05,0.0,0.99,0.02,0.0,False,False
KXCPIYOY-26APR,KXCPIYOY-26APR-T2.9,2.9,3d,2026-05-09,2026-05-08,1.0,0.995,0.01,50.0,False,False
KXCPIYOY-26APR,KXCPIYOY-26APR-T2.9,2.9,1d,2026-05-11,2026-05-08,3.0,0.995,0.01,50.0,False,False
KXCPIYOY-26APR,KXCPIYOY-26APR-T2.9,2.9,final,2026-05-12,2026-05-08,4.0,0.995,0.01,50.0,False,False
KXCPIYOY-26APR,KXCPIYOY-26APR-T2.8,2.8,21d,2026-04-21,2026-04-21,0.0,0.99,0.02,0.0,False,False
KXCPIYOY-26APR,KXCPIYOY-26APR-T2.8,2.8,14d,2026-04-28,2026-04-28,0.0,0.99,0.02,0.0,False,False
KXCPIYOY-26APR,KXCPIYOY-26APR-T2.8,2.8,7d,2026-05-05,2026-05-05,0.0,0.97,0.06,0.0,False,False
KXCPIYOY-26APR,KXCPIYOY-26APR-T2.8,2.8,3d,2026-05-09,2026-05-08,1.0,0.995,0.01,50.0,False,False
KXCPIYOY-26APR,KXCPIYOY-26APR-T2.8,2.8,1d,2026-05-11,2026-05-08,3.0,0.995,0.01,50.0,False,False
KXCPIYOY-26APR,KXCPIYOY-26APR-T2.8,2.8,final,2026-05-12,2026-05-08,4.0,0.995,0.01,50.0,False,False
KXCPIYOY-26APR,KXCPIYOY-26APR-T2.7,2.7,21d,2026-04-21,2026-04-21,0.0,0.99,0.02,0.0,False,False
KXCPIYOY-26APR,KXCPIYOY-26APR-T2.7,2.7,14d,2026-04-28,2026-04-28,0.0,0.99,0.02,0.0,False,False
KXCPIYOY-26APR,KXCPIYOY-26APR-T2.7,2.7,7d,2026-05-05,2026-05-05,0.0,0.97,0.06,0.0,False,False
KXCPIYOY-26APR,KXCPIYOY-26APR-T2.7,2.7,3d,2026-05-09,2026-05-09,0.0,0.995,0.01,0.0,False,False
KXCPIYOY-26APR,KXCPIYOY-26APR-T2.7,2.7,1d,2026-05-11,2026-05-11,0.0,0.99,0.02,0.0,False,False
KXCPIYOY-26APR,KXCPIYOY-26APR-T2.7,2.7,final,2026-05-12,2026-05-11,1.0,0.99,0.02,0.0,False,False
KXCPIYOY-26APR,KXCPIYOY-26APR-T2.6,2.6,21d,2026-04-21,2026-04-21,0.0,0.98,0.02,30.0,False,False
KXCPIYOY-26APR,KXCPIYOY-26APR-T2.6,2.6,14d,2026-04-28,2026-04-28,0.0,0.99,0.02,0.0,False,False
KXCPIYOY-26APR,KXCPIYOY-26APR-T2.6,2.6,7d,2026-05-05,2026-05-05,0.0,0.97,0.06,0.0,False,False
KXCPIYOY-26APR,KXCPIYOY-26APR-T2.6,2.6,3d,2026-05-09,2026-05-09,0.0,0.995,0.01,0.0,False,False
KXCPIYOY-26APR,KXCPIYOY-26APR-T2.6,2.6,1d,2026-05-11,2026-05-11,0.0,0.99,0.02,0.0,False,False
KXCPIYOY-26APR,KXCPIYOY-26APR-T2.6,2.6,final,2026-05-12,2026-05-11,1.0,0.99,0.02,0.0,False,False
KXCPIYOY-26APR,KXCPIYOY-26APR-T2.5,2.5,21d,2026-04-21,2026-04-21,0.0,0.99,0.02,0.0,False,False
KXCPIYOY-26APR,KXCPIYOY-26APR-T2.5,2.5,14d,2026-04-28,2026-04-28,0.0,0.99,0.02,0.0,False,False
KXCPIYOY-26APR,KXCPIYOY-26APR-T2.5,2.5,7d,2026-05-05,2026-05-05,0.0,0.97,0.06,0.0,False,False
KXCPIYOY-26APR,KXCPIYOY-26APR-T2.5,2.5,3d,2026-05-09,2026-05-09,0.0,0.995,0.01,0.0,False,False
KXCPIYOY-26APR,KXCPIYOY-26APR-T2.5,2.5,1d,2026-05-11,2026-05-11,0.0,0.99,0.02,0.0,False,False
KXCPIYOY-26APR,KXCPIYOY-26APR-T2.5,2.5,final,2026-05-12,2026-05-11,1.0,0.99,0.02,0.0,False,False
KXCPIYOY-26APR,KXCPIYOY-26APR-T2.4,2.4,21d,2026-04-21,2026-04-21,0.0,0.99,0.02,0.0,False,False
KXCPIYOY-26APR,KXCPIYOY-26APR-T2.4,2.4,14d,2026-04-28,2026-04-28,0.0,0.99,0.02,0.0,False,False
KXCPIYOY-26APR,KXCPIYOY-26APR-T2.4,2.4,7d,2026-05-05,2026-05-05,0.0,0.97,0.06,0.0,False,False
KXCPIYOY-26APR,KXCPIYOY-26APR-T2.4,2.4,3d,2026-05-09,2026-05-09,0.0,0.995,0.01,0.0,False,False
KXCPIYOY-26APR,KXCPIYOY-26APR-T2.4,2.4,1d,2026-05-11,2026-05-11,0.0,0.99,0.02,0.0,False,False
KXCPIYOY-26APR,KXCPIYOY-26APR-T2.4,2.4,final,2026-05-12,2026-05-11,1.0,0.99,0.02,0.0,False,False
KXCPIYOY-26APR,KXCPIYOY-26APR-T2.3,2.3,21d,2026-04-21,2026-04-21,0.0,0.99,0.02,0.0,False,False
KXCPIYOY-26APR,KXCPIYOY-26APR-T2.3,2.3,14d,2026-04-28,2026-04-28,0.0,0.995,0.01,0.0,False,False
KXCPIYOY-26APR,KXCPIYOY-26APR-T2.3,2.3,7d,2026-05-05,2026-05-05,0.0,0.97,0.06,0.0,False,False
KXCPIYOY-26APR,KXCPIYOY-26APR-T2.3,2.3,3d,2026-05-09,2026-05-09,0.0,0.995,0.01,0.0,False,False
KXCPIYOY-26APR,KXCPIYOY-26APR-T2.3,2.3,1d,2026-05-11,2026-05-11,0.0,0.99,0.02,0.0,False,False
KXCPIYOY-26APR,KXCPIYOY-26APR-T2.3,2.3,final,2026-05-12,2026-05-11,1.0,0.99,0.02,0.0,False,False
KXCPIYOY-26MAR,KXCPIYOY-26MAR-T4.0,4.0,21d,2026-03-20,2026-03-16,4.0,0.005,0.01,375.0,False,False
KXCPIYOY-26MAR,KXCPIYOY-26MAR-T4.0,4.0,14d,2026-03-27,2026-03-27,0.0,0.01,0.02,0.0,False,False
KXCPIYOY-26MAR,KXCPIYOY-26MAR-T4.0,4.0,7d,2026-04-03,2026-04-03,0.0,0.005,0.01,0.0,False,False
KXCPIYOY-26MAR,KXCPIYOY-26MAR-T4.0,4.0,3d,2026-04-07,2026-04-07,0.0,0.005,0.01,0.0,False,False
KXCPIYOY-26MAR,KXCPIYOY-26MAR-T4.0,4.0,1d,2026-04-09,2026-04-09,0.0,0.005,0.01,0.0,False,False
KXCPIYOY-26MAR,KXCPIYOY-26MAR-T4.0,4.0,final,2026-04-10,2026-04-09,1.0,0.005,0.01,0.0,False,False
KXCPIYOY-26MAR,KXCPIYOY-26MAR-T3.9,3.9,21d,2026-03-20,2026-03-20,0.0,0.005,0.01,64.0,False,False
KXCPIYOY-26MAR,KXCPIYOY-26MAR-T3.9,3.9,14d,2026-03-27,2026-03-27,0.0,0.01,0.02,0.0,False,False
KXCPIYOY-26MAR,KXCPIYOY-26MAR-T3.9,3.9,7d,2026-04-03,2026-04-03,0.0,0.005,0.01,0.0,False,False
KXCPIYOY-26MAR,KXCPIYOY-26MAR-T3.9,3.9,3d,2026-04-07,2026-04-07,0.0,0.005,0.01,0.0,False,False
KXCPIYOY-26MAR,KXCPIYOY-26MAR-T3.9,3.9,1d,2026-04-09,2026-04-09,0.0,0.005,0.01,0.0,False,False
KXCPIYOY-26MAR,KXCPIYOY-26MAR-T3.9,3.9,final,2026-04-10,2026-04-09,1.0,0.005,0.01,0.0,False,False
KXCPIYOY-26MAR,KXCPIYOY-26MAR-T3.8,3.8,21d,2026-03-20,2026-03-20,0.0,0.02,0.02,86.0,False,False
KXCPIYOY-26MAR,KXCPIYOY-26MAR-T3.8,3.8,14d,2026-03-27,2026-03-27,0.0,0.015,0.03,0.0,False,False
KXCPIYOY-26MAR,KXCPIYOY-26MAR-T3.8,3.8,7d,2026-04-03,2026-04-03,0.0,0.005,0.01,0.0,False,False
KXCPIYOY-26MAR,KXCPIYOY-26MAR-T3.8,3.8,3d,2026-04-07,2026-04-07,0.0,0.005,0.01,27.0,False,False
KXCPIYOY-26MAR,KXCPIYOY-26MAR-T3.8,3.8,1d,2026-04-09,2026-04-09,0.0,0.005,0.01,0.0,False,False
KXCPIYOY-26MAR,KXCPIYOY-26MAR-T3.8,3.8,final,2026-04-10,2026-04-09,1.0,0.005,0.01,0.0,False,False
KXCPIYOY-26MAR,KXCPIYOY-26MAR-T3.7,3.7,21d,2026-03-20,2026-03-20,0.0,0.07,0.12,6443.0,False,False
KXCPIYOY-26MAR,KXCPIYOY-26MAR-T3.7,3.7,14d,2026-03-27,2026-03-27,0.0,0.015,0.03,0.0,False,False
KXCPIYOY-26MAR,KXCPIYOY-26MAR-T3.7,3.7,7d,2026-04-03,2026-04-03,0.0,0.01,0.02,374.0,False,False
KXCPIYOY-26MAR,KXCPIYOY-26MAR-T3.7,3.7,3d,2026-04-07,2026-04-07,0.0,0.01,0.02,0.0,False,False
KXCPIYOY-26MAR,KXCPIYOY-26MAR-T3.7,3.7,1d,2026-04-09,2026-04-09,0.0,0.005,0.01,0.0,False,False
KXCPIYOY-26MAR,KXCPIYOY-26MAR-T3.7,3.7,final,2026-04-10,2026-04-09,1.0,0.005,0.01,0.0,False,False
KXCPIYOY-26MAR,KXCPIYOY-26MAR-T3.6,3.6,21d,2026-03-20,2026-03-20,0.0,0.055,0.03,864.0,False,False
KXCPIYOY-26MAR,KXCPIYOY-26MAR-T3.6,3.6,14d,2026-03-27,2026-03-27,0.0,0.02,0.04,2233.0,False,False
KXCPIYOY-26MAR,KXCPIYOY-26MAR-T3.6,3.6,7d,2026-04-03,2026-04-03,0.0,0.01,0.02,6143.0,False,False
KXCPIYOY-26MAR,KXCPIYOY-26MAR-T3.6,3.6,3d,2026-04-07,2026-04-07,0.0,0.005,0.01,2386.0,False,False
KXCPIYOY-26MAR,KXCPIYOY-26MAR-T3.6,3.6,1d,2026-04-09,2026-04-09,0.0,0.005,0.01,345.0,False,False
KXCPIYOY-26MAR,KXCPIYOY-26MAR-T3.6,3.6,final,2026-04-10,2026-04-09,1.0,0.005,0.01,345.0,False,False
KXCPIYOY-26MAR,KXCPIYOY-26MAR-T3.5,3.5,21d,2026-03-20,2026-03-20,0.0,0.09,0.08,380.0,False,False
KXCPIYOY-26MAR,KXCPIYOY-26MAR-T3.5,3.5,14d,2026-03-27,2026-03-27,0.0,0.065,0.07,2536.0,False,False
KXCPIYOY-26MAR,KXCPIYOY-26MAR-T3.5,3.5,7d,2026-04-03,2026-04-03,0.0,0.025,0.01,3378.0,False,False
KXCPIYOY-26MAR,KXCPIYOY-26MAR-T3.5,3.5,3d,2026-04-07,2026-04-07,0.0,0.065,0.01,7459.0,False,False
KXCPIYOY-26MAR,KXCPIYOY-26MAR-T3.5,3.5,1d,2026-04-09,2026-04-09,0.0,0.075,0.01,19209.0,False,False
KXCPIYOY-26MAR,KXCPIYOY-26MAR-T3.5,3.5,final,2026-04-10,2026-04-09,1.0,0.075,0.01,19209.0,False,False
KXCPIYOY-26MAR,KXCPIYOY-26MAR-T3.4,3.4,21d,2026-03-20,2026-03-20,0.0,0.22,0.1,1334.0,False,False
KXCPIYOY-26MAR,KXCPIYOY-26MAR-T3.4,3.4,14d,2026-03-27,2026-03-27,0.0,0.165,0.03,10814.0,False,False
KXCPIYOY-26MAR,KXCPIYOY-26MAR-T3.4,3.4,7d,2026-04-03,2026-04-03,0.0,0.15,0.02,2334.0,False,False
KXCPIYOY-26MAR,KXCPIYOY-26MAR-T3.4,3.4,3d,2026-04-07,2026-04-07,0.0,0.19,0.02,5493.0,False,False
KXCPIYOY-26MAR,KXCPIYOY-26MAR-T3.4,3.4,1d,2026-04-09,2026-04-09,0.0,0.135,0.01,7483.0,False,False
KXCPIYOY-26MAR,KXCPIYOY-26MAR-T3.4,3.4,final,2026-04-10,2026-04-09,1.0,0.135,0.01,7483.0,False,False
KXCPIYOY-26MAR,KXCPIYOY-26MAR-T3.3,3.3,21d,2026-03-20,2026-03-20,0.0,0.54,0.1,13749.0,False,False
KXCPIYOY-26MAR,KXCPIYOY-26MAR-T3.3,3.3,14d,2026-03-27,2026-03-27,0.0,0.49,0.1,13165.0,False,False
KXCPIYOY-26MAR,KXCPIYOY-26MAR-T3.3,3.3,7d,2026-04-03,2026-04-03,0.0,0.385,0.01,5559.0,False,False
KXCPIYOY-26MAR,KXCPIYOY-26MAR-T3.3,3.3,3d,2026-04-07,2026-04-07,0.0,0.515,0.01,5718.0,False,False
KXCPIYOY-26MAR,KXCPIYOY-26MAR-T3.3,3.3,1d,2026-04-09,2026-04-09,0.0,0.395,0.01,12801.0,False,False
KXCPIYOY-26MAR,KXCPIYOY-26MAR-T3.3,3.3,final,2026-04-10,2026-04-09,1.0,0.395,0.01,12801.0,False,False
KXCPIYOY-26MAR,KXCPIYOY-26MAR-T3.2,3.2,21d,2026-03-20,2026-03-20,0.0,0.725,0.15,1510.0,False,False
KXCPIYOY-26MAR,KXCPIYOY-26MAR-T3.2,3.2,14d,2026-03-27,2026-03-27,0.0,0.79,0.28,10644.0,False,False
KXCPIYOY-26MAR,KXCPIYOY-26MAR-T3.2,3.2,7d,2026-04-03,2026-04-03,0.0,0.835,0.01,9459.0,False,False
KXCPIYOY-26MAR,KXCPIYOY-26MAR-T3.2,3.2,3d,2026-04-07,2026-04-07,0.0,0.875,0.01,4666.0,False,False
KXCPIYOY-26MAR,KXCPIYOY-26MAR-T3.2,3.2,1d,2026-04-09,2026-04-09,0.0,0.8,0.04,19903.0,False,False
KXCPIYOY-26MAR,KXCPIYOY-26MAR-T3.2,3.2,final,2026-04-10,2026-04-09,1.0,0.8,0.04,19903.0,False,False
KXCPIYOY-26MAR,KXCPIYOY-26MAR-T3.1,3.1,21d,2026-03-20,2026-03-20,0.0,0.8,0.06,725.0,False,False
KXCPIYOY-26MAR,KXCPIYOY-26MAR-T3.1,3.1,14d,2026-03-27,2026-03-27,0.0,0.895,0.03,1267.0,False,False
KXCPIYOY-26MAR,KXCPIYOY-26MAR-T3.1,3.1,7d,2026-04-03,2026-04-03,0.0,0.905,0.01,9229.0,False,False
KXCPIYOY-26MAR,KXCPIYOY-26MAR-T3.1,3.1,3d,2026-04-07,2026-04-07,0.0,0.945,0.01,2860.0,False,False
KXCPIYOY-26MAR,KXCPIYOY-26MAR-T3.1,3.1,1d,2026-04-09,2026-04-09,0.0,0.945,0.01,934.0,False,False
KXCPIYOY-26MAR,KXCPIYOY-26MAR-T3.1,3.1,final,2026-04-10,2026-04-09,1.0,0.945,0.01,934.0,False,False
KXCPIYOY-26MAR,KXCPIYOY-26MAR-T3.0,3.0,21d,2026-03-20,2026-03-20,0.0,0.855,0.11,165.0,False,False
KXCPIYOY-26MAR,KXCPIYOY-26MAR-T3.0,3.0,14d,2026-03-27,2026-03-27,0.0,0.93,0.02,932.0,False,False
KXCPIYOY-26MAR,KXCPIYOY-26MAR-T3.0,3.0,7d,2026-04-03,2026-04-03,0.0,0.98,0.02,4081.0,False,False
KXCPIYOY-26MAR,KXCPIYOY-26MAR-T3.0,3.0,3d,2026-04-07,2026-04-07,0.0,0.995,0.01,386.0,False,False
KXCPIYOY-26MAR,KXCPIYOY-26MAR-T3.0,3.0,1d,2026-04-09,2026-04-09,0.0,0.985,0.01,352.0,False,False
KXCPIYOY-26MAR,KXCPIYOY-26MAR-T3.0,3.0,final,2026-04-10,2026-04-09,1.0,0.985,0.01,352.0,False,False
KXCPIYOY-26MAR,KXCPIYOY-26MAR-T2.9,2.9,21d,2026-03-20,2026-03-20,0.0,0.975,0.01,388.0,False,False
KXCPIYOY-26MAR,KXCPIYOY-26MAR-T2.9,2.9,14d,2026-03-27,2026-03-27,0.0,0.97,0.04,5761.0,False,False
KXCPIYOY-26MAR,KXCPIYOY-26MAR-T2.9,2.9,7d,2026-04-03,2026-04-03,0.0,0.985,0.03,1456.0,False,False
KXCPIYOY-26MAR,KXCPIYOY-26MAR-T2.9,2.9,3d,2026-04-07,2026-04-07,0.0,0.995,0.01,0.0,False,False
KXCPIYOY-26MAR,KXCPIYOY-26MAR-T2.9,2.9,1d,2026-04-09,2026-04-09,0.0,0.995,0.01,2.0,False,False
KXCPIYOY-26MAR,KXCPIYOY-26MAR-T2.9,2.9,final,2026-04-10,2026-04-09,1.0,0.995,0.01,2.0,False,False
KXCPIYOY-26MAR,KXCPIYOY-26MAR-T2.8,2.8,21d,2026-03-20,2026-03-20,0.0,0.98,0.02,1032.0,False,False
KXCPIYOY-26MAR,KXCPIYOY-26MAR-T2.8,2.8,14d,2026-03-27,2026-03-27,0.0,0.985,0.03,23.0,False,False
KXCPIYOY-26MAR,KXCPIYOY-26MAR-T2.8,2.8,7d,2026-04-03,2026-04-03,0.0,0.99,0.02,29.0,False,False
KXCPIYOY-26MAR,KXCPIYOY-26MAR-T2.8,2.8,3d,2026-04-07,2026-04-07,0.0,0.995,0.01,5.0,False,False
KXCPIYOY-26MAR,KXCPIYOY-26MAR-T2.8,2.8,1d,2026-04-09,2026-04-09,0.0,0.99,0.02,0.0,False,False
KXCPIYOY-26MAR,KXCPIYOY-26MAR-T2.8,2.8,final,2026-04-10,2026-04-09,1.0,0.99,0.02,0.0,False,False
KXCPIYOY-26MAR,KXCPIYOY-26MAR-T2.7,2.7,21d,2026-03-20,2026-03-20,0.0,0.88,0.2,345.0,False,False
KXCPIYOY-26MAR,KXCPIYOY-26MAR-T2.7,2.7,14d,2026-03-27,2026-03-27,0.0,0.985,0.03,504.0,False,False
KXCPIYOY-26MAR,KXCPIYOY-26MAR-T2.7,2.7,7d,2026-04-03,2026-04-03,0.0,0.99,0.02,0.0,False,False
KXCPIYOY-26MAR,KXCPIYOY-26MAR-T2.7,2.7,3d,2026-04-07,2026-04-07,0.0,0.99,0.02,0.0,False,False
KXCPIYOY-26MAR,KXCPIYOY-26MAR-T2.7,2.7,1d,2026-04-09,2026-04-09,0.0,0.985,0.03,312.0,False,False
KXCPIYOY-26MAR,KXCPIYOY-26MAR-T2.7,2.7,final,2026-04-10,2026-04-09,1.0,0.985,0.03,312.0,False,False
KXCPIYOY-26MAR,KXCPIYOY-26MAR-T2.6,2.6,21d,2026-03-20,2026-03-20,0.0,0.98,0.04,0.0,False,False
KXCPIYOY-26MAR,KXCPIYOY-26MAR-T2.6,2.6,14d,2026-03-27,2026-03-27,0.0,0.985,0.03,0.0,False,False
KXCPIYOY-26MAR,KXCPIYOY-26MAR-T2.6,2.6,7d,2026-04-03,2026-04-03,0.0,0.995,0.01,1300.0,False,False
KXCPIYOY-26MAR,KXCPIYOY-26MAR-T2.6,2.6,3d,2026-04-07,2026-04-07,0.0,0.995,0.01,0.0,False,False
KXCPIYOY-26MAR,KXCPIYOY-26MAR-T2.6,2.6,1d,2026-04-09,2026-04-09,0.0,0.995,0.01,0.0,False,False
KXCPIYOY-26MAR,KXCPIYOY-26MAR-T2.6,2.6,final,2026-04-10,2026-04-09,1.0,0.995,0.01,0.0,False,False
KXCPIYOY-26MAR,KXCPIYOY-26MAR-T2.5,2.5,21d,2026-03-20,2026-03-20,0.0,0.98,0.02,169.0,False,False
KXCPIYOY-26MAR,KXCPIYOY-26MAR-T2.5,2.5,14d,2026-03-27,2026-03-27,0.0,0.985,0.03,0.0,False,False
KXCPIYOY-26MAR,KXCPIYOY-26MAR-T2.5,2.5,7d,2026-04-03,2026-04-03,0.0,0.995,0.01,0.0,False,False
KXCPIYOY-26MAR,KXCPIYOY-26MAR-T2.5,2.5,3d,2026-04-07,2026-04-07,0.0,0.995,0.01,0.0,False,False
KXCPIYOY-26MAR,KXCPIYOY-26MAR-T2.5,2.5,1d,2026-04-09,2026-04-09,0.0,0.995,0.01,0.0,False,False
KXCPIYOY-26MAR,KXCPIYOY-26MAR-T2.5,2.5,final,2026-04-10,2026-04-09,1.0,0.995,0.01,0.0,False,False
KXCPIYOY-26MAR,KXCPIYOY-26MAR-T2.4,2.4,21d,2026-03-20,2026-03-19,1.0,0.98,0.04,17.0,False,False
KXCPIYOY-26MAR,KXCPIYOY-26MAR-T2.4,2.4,14d,2026-03-27,2026-03-27,0.0,0.985,0.03,0.0,False,False
KXCPIYOY-26MAR,KXCPIYOY-26MAR-T2.4,2.4,7d,2026-04-03,2026-04-03,0.0,0.995,0.01,0.0,False,False
KXCPIYOY-26MAR,KXCPIYOY-26MAR-T2.4,2.4,3d,2026-04-07,2026-04-07,0.0,0.995,0.01,0.0,False,False
KXCPIYOY-26MAR,KXCPIYOY-26MAR-T2.4,2.4,1d,2026-04-09,2026-04-09,0.0,0.995,0.01,0.0,False,False
KXCPIYOY-26MAR,KXCPIYOY-26MAR-T2.4,2.4,final,2026-04-10,2026-04-09,1.0,0.995,0.01,0.0,False,False
KXCPIYOY-26MAR,KXCPIYOY-26MAR-T2.3,2.3,21d,2026-03-20,2026-03-19,1.0,0.98,0.04,0.0,False,False
KXCPIYOY-26MAR,KXCPIYOY-26MAR-T2.3,2.3,14d,2026-03-27,2026-03-27,0.0,0.985,0.03,0.0,False,False
KXCPIYOY-26MAR,KXCPIYOY-26MAR-T2.3,2.3,7d,2026-04-03,2026-04-03,0.0,0.995,0.01,0.0,False,False
KXCPIYOY-26MAR,KXCPIYOY-26MAR-T2.3,2.3,3d,2026-04-07,2026-04-07,0.0,0.995,0.01,0.0,False,False
KXCPIYOY-26MAR,KXCPIYOY-26MAR-T2.3,2.3,1d,2026-04-09,2026-04-09,0.0,0.995,0.01,0.0,False,False
KXCPIYOY-26MAR,KXCPIYOY-26MAR-T2.3,2.3,final,2026-04-10,2026-04-09,1.0,0.995,0.01,0.0,False,False
KXCPIYOY-26MAR,KXCPIYOY-26MAR-T2.2,2.2,21d,2026-03-20,2026-03-20,0.0,0.98,0.04,0.0,False,False
KXCPIYOY-26MAR,KXCPIYOY-26MAR-T2.2,2.2,14d,2026-03-27,2026-03-27,0.0,0.985,0.03,0.0,False,False
KXCPIYOY-26MAR,KXCPIYOY-26MAR-T2.2,2.2,7d,2026-04-03,2026-04-03,0.0,0.995,0.01,0.0,False,False
KXCPIYOY-26MAR,KXCPIYOY-26MAR-T2.2,2.2,3d,2026-04-07,2026-04-07,0.0,0.995,0.01,0.0,False,False
KXCPIYOY-26MAR,KXCPIYOY-26MAR-T2.2,2.2,1d,2026-04-09,2026-04-09,0.0,0.995,0.01,0.0,False,False
KXCPIYOY-26MAR,KXCPIYOY-26MAR-T2.2,2.2,final,2026-04-10,2026-04-09,1.0,0.995,0.01,0.0,False,False
KXCPIYOY-26MAR,KXCPIYOY-26MAR-T2.1,2.1,21d,2026-03-20,2026-03-20,0.0,0.98,0.04,0.0,False,False
KXCPIYOY-26MAR,KXCPIYOY-26MAR-T2.1,2.1,14d,2026-03-27,2026-03-27,0.0,0.99,0.02,0.0,False,False
KXCPIYOY-26MAR,KXCPIYOY-26MAR-T2.1,2.1,7d,2026-04-03,2026-04-03,0.0,0.995,0.01,0.0,False,False
KXCPIYOY-26MAR,KXCPIYOY-26MAR-T2.1,2.1,3d,2026-04-07,2026-04-07,0.0,0.995,0.01,0.0,False,False
KXCPIYOY-26MAR,KXCPIYOY-26MAR-T2.1,2.1,1d,2026-04-09,2026-04-09,0.0,0.995,0.01,0.0,False,False
KXCPIYOY-26MAR,KXCPIYOY-26MAR-T2.1,2.1,final,2026-04-10,2026-04-09,1.0,0.995,0.01,0.0,False,False
KXCPIYOY-26MAR,KXCPIYOY-26MAR-T2.0,2.0,21d,2026-03-20,2026-03-20,0.0,0.98,0.04,238.0,False,False
KXCPIYOY-26MAR,KXCPIYOY-26MAR-T2.0,2.0,14d,2026-03-27,2026-03-27,0.0,0.995,0.01,0.0,False,False
KXCPIYOY-26MAR,KXCPIYOY-26MAR-T2.0,2.0,7d,2026-04-03,2026-04-03,0.0,0.995,0.01,0.0,False,False
KXCPIYOY-26MAR,KXCPIYOY-26MAR-T2.0,2.0,3d,2026-04-07,2026-04-07,0.0,0.995,0.01,150.0,False,False
KXCPIYOY-26MAR,KXCPIYOY-26MAR-T2.0,2.0,1d,2026-04-09,2026-04-09,0.0,0.995,0.01,60.0,False,False
KXCPIYOY-26MAR,KXCPIYOY-26MAR-T2.0,2.0,final,2026-04-10,2026-04-09,1.0,0.995,0.01,60.0,False,False
KXCPIYOY-26MAR,KXCPIYOY-26MAR-T1.9,1.9,21d,2026-03-20,2026-03-20,0.0,0.75,0.5,0.0,False,False
KXCPIYOY-26MAR,KXCPIYOY-26MAR-T1.9,1.9,14d,2026-03-27,2026-03-27,0.0,0.995,0.01,0.0,False,False
KXCPIYOY-26MAR,KXCPIYOY-26MAR-T1.9,1.9,7d,2026-04-03,2026-04-03,0.0,0.995,0.01,0.0,False,False
KXCPIYOY-26MAR,KXCPIYOY-26MAR-T1.9,1.9,3d,2026-04-07,2026-04-07,0.0,0.995,0.01,0.0,False,False
KXCPIYOY-26MAR,KXCPIYOY-26MAR-T1.9,1.9,1d,2026-04-09,2026-04-09,0.0,0.995,0.01,0.0,False,False
KXCPIYOY-26MAR,KXCPIYOY-26MAR-T1.9,1.9,final,2026-04-10,2026-04-09,1.0,0.995,0.01,0.0,False,False
KXCPIYOY-26MAR,KXCPIYOY-26MAR-T1.8,1.8,21d,2026-03-20,2026-03-20,0.0,0.76,0.48,0.0,False,False
KXCPIYOY-26MAR,KXCPIYOY-26MAR-T1.8,1.8,14d,2026-03-27,2026-03-27,0.0,0.995,0.01,0.0,False,False
KXCPIYOY-26MAR,KXCPIYOY-26MAR-T1.8,1.8,7d,2026-04-03,2026-04-03,0.0,0.995,0.01,0.0,False,False
KXCPIYOY-26MAR,KXCPIYOY-26MAR-T1.8,1.8,3d,2026-04-07,2026-04-07,0.0,0.995,0.01,76.0,False,False
KXCPIYOY-26MAR,KXCPIYOY-26MAR-T1.8,1.8,1d,2026-04-09,2026-04-09,0.0,0.995,0.01,30.0,False,False
KXCPIYOY-26MAR,KXCPIYOY-26MAR-T1.8,1.8,final,2026-04-10,2026-04-09,1.0,0.995,0.01,30.0,False,False
KXCPIYOY-26FEB,KXCPIYOY-26FEB-T2.2,2.2,21d,2026-02-18,2026-02-18,0.0,0.945,0.05,100.0,False,False
KXCPIYOY-26FEB,KXCPIYOY-26FEB-T2.2,2.2,14d,2026-02-25,2026-02-25,0.0,0.965,0.05,305.0,False,False
KXCPIYOY-26FEB,KXCPIYOY-26FEB-T2.2,2.2,7d,2026-03-04,2026-03-04,0.0,0.965,0.01,5379.0,False,False
KXCPIYOY-26FEB,KXCPIYOY-26FEB-T2.2,2.2,3d,2026-03-08,2026-03-08,0.0,0.985,0.01,1139.0,False,False
KXCPIYOY-26FEB,KXCPIYOY-26FEB-T2.2,2.2,1d,2026-03-10,2026-03-10,0.0,0.975,0.01,8927.0,False,False
KXCPIYOY-26FEB,KXCPIYOY-26FEB-T2.2,2.2,final,2026-03-11,2026-03-10,1.0,0.975,0.01,8927.0,False,False
KXCPIYOY-26FEB,KXCPIYOY-26FEB-T2.3,2.3,21d,2026-02-18,2026-02-18,0.0,0.82,0.02,3530.0,False,False
KXCPIYOY-26FEB,KXCPIYOY-26FEB-T2.3,2.3,14d,2026-02-25,2026-02-25,0.0,0.775,0.01,943.0,False,False
KXCPIYOY-26FEB,KXCPIYOY-26FEB-T2.3,2.3,7d,2026-03-04,2026-03-04,0.0,0.89,0.04,11169.0,False,False
KXCPIYOY-26FEB,KXCPIYOY-26FEB-T2.3,2.3,3d,2026-03-08,2026-03-08,0.0,0.88,0.02,3523.0,False,False
KXCPIYOY-26FEB,KXCPIYOY-26FEB-T2.3,2.3,1d,2026-03-10,2026-03-10,0.0,0.87,0.02,10782.0,False,False
KXCPIYOY-26FEB,KXCPIYOY-26FEB-T2.3,2.3,final,2026-03-11,2026-03-10,1.0,0.87,0.02,10782.0,False,False
KXCPIYOY-26FEB,KXCPIYOY-26FEB-T3.1,3.1,21d,2026-02-18,2026-02-18,0.0,0.01,0.02,46.0,False,False
KXCPIYOY-26FEB,KXCPIYOY-26FEB-T3.1,3.1,14d,2026-02-25,2026-02-25,0.0,0.015,0.01,88.0,False,False
KXCPIYOY-26FEB,KXCPIYOY-26FEB-T3.1,3.1,7d,2026-03-04,2026-03-04,0.0,0.015,0.01,36.0,False,False
KXCPIYOY-26FEB,KXCPIYOY-26FEB-T3.1,3.1,3d,2026-03-08,2026-03-08,0.0,0.005,0.01,9.0,False,False
KXCPIYOY-26FEB,KXCPIYOY-26FEB-T3.1,3.1,1d,2026-03-10,2026-03-10,0.0,0.005,0.01,2.0,False,False
KXCPIYOY-26FEB,KXCPIYOY-26FEB-T3.1,3.1,final,2026-03-11,2026-03-10,1.0,0.005,0.01,2.0,False,False
KXCPIYOY-26FEB,KXCPIYOY-26FEB-T3.0,3.0,21d,2026-02-18,2026-02-18,0.0,0.005,0.01,46.0,False,False
KXCPIYOY-26FEB,KXCPIYOY-26FEB-T3.0,3.0,14d,2026-02-25,2026-02-25,0.0,0.01,0.02,0.0,False,False
KXCPIYOY-26FEB,KXCPIYOY-26FEB-T3.0,3.0,7d,2026-03-04,2026-03-04,0.0,0.01,0.02,29.0,False,False
KXCPIYOY-26FEB,KXCPIYOY-26FEB-T3.0,3.0,3d,2026-03-08,2026-03-08,0.0,0.005,0.01,3342.0,False,False
KXCPIYOY-26FEB,KXCPIYOY-26FEB-T3.0,3.0,1d,2026-03-10,2026-03-10,0.0,0.005,0.01,52.0,False,False
KXCPIYOY-26FEB,KXCPIYOY-26FEB-T3.0,3.0,final,2026-03-11,2026-03-10,1.0,0.005,0.01,52.0,False,False
KXCPIYOY-26FEB,KXCPIYOY-26FEB-T2.9,2.9,21d,2026-02-18,2026-02-18,0.0,0.015,0.01,102.0,False,False
KXCPIYOY-26FEB,KXCPIYOY-26FEB-T2.9,2.9,14d,2026-02-25,2026-02-23,2.0,0.005,0.01,1870.0,False,False
KXCPIYOY-26FEB,KXCPIYOY-26FEB-T2.9,2.9,7d,2026-03-04,2026-03-04,0.0,0.015,0.01,93.0,False,False
KXCPIYOY-26FEB,KXCPIYOY-26FEB-T2.9,2.9,3d,2026-03-08,2026-03-08,0.0,0.005,0.01,3366.0,False,False
KXCPIYOY-26FEB,KXCPIYOY-26FEB-T2.9,2.9,1d,2026-03-10,2026-03-10,0.0,0.005,0.01,655.0,False,False
KXCPIYOY-26FEB,KXCPIYOY-26FEB-T2.9,2.9,final,2026-03-11,2026-03-10,1.0,0.005,0.01,655.0,False,False
KXCPIYOY-26FEB,KXCPIYOY-26FEB-T2.8,2.8,21d,2026-02-18,2026-02-18,0.0,0.025,0.01,31.0,False,False
KXCPIYOY-26FEB,KXCPIYOY-26FEB-T2.8,2.8,14d,2026-02-25,2026-02-25,0.0,0.02,0.02,259.0,False,False
KXCPIYOY-26FEB,KXCPIYOY-26FEB-T2.8,2.8,7d,2026-03-04,2026-03-04,0.0,0.025,0.01,21.0,False,False
KXCPIYOY-26FEB,KXCPIYOY-26FEB-T2.8,2.8,3d,2026-03-08,2026-03-08,0.0,0.01,0.02,4.0,False,False
KXCPIYOY-26FEB,KXCPIYOY-26FEB-T2.8,2.8,1d,2026-03-10,2026-03-10,0.0,0.01,0.02,200.0,False,False
KXCPIYOY-26FEB,KXCPIYOY-26FEB-T2.8,2.8,final,2026-03-11,2026-03-10,1.0,0.01,0.02,200.0,False,False
KXCPIYOY-26FEB,KXCPIYOY-26FEB-T2.7,2.7,21d,2026-02-18,2026-02-18,0.0,0.035,0.01,0.0,False,False
KXCPIYOY-26FEB,KXCPIYOY-26FEB-T2.7,2.7,14d,2026-02-25,2026-02-25,0.0,0.03,0.02,41.0,False,False
KXCPIYOY-26FEB,KXCPIYOY-26FEB-T2.7,2.7,7d,2026-03-04,2026-03-04,0.0,0.025,0.01,77.0,False,False
KXCPIYOY-26FEB,KXCPIYOY-26FEB-T2.7,2.7,3d,2026-03-08,2026-03-08,0.0,0.025,0.01,0.0,False,False
KXCPIYOY-26FEB,KXCPIYOY-26FEB-T2.7,2.7,1d,2026-03-10,2026-03-10,0.0,0.02,0.02,911.0,False,False
KXCPIYOY-26FEB,KXCPIYOY-26FEB-T2.7,2.7,final,2026-03-11,2026-03-10,1.0,0.02,0.02,911.0,False,False
KXCPIYOY-26FEB,KXCPIYOY-26FEB-T2.6,2.6,21d,2026-02-18,2026-02-18,0.0,0.06,0.02,359.0,False,False
KXCPIYOY-26FEB,KXCPIYOY-26FEB-T2.6,2.6,14d,2026-02-25,2026-02-25,0.0,0.045,0.01,713.0,False,False
KXCPIYOY-26FEB,KXCPIYOY-26FEB-T2.6,2.6,7d,2026-03-04,2026-03-04,0.0,0.065,0.01,1357.0,False,False
KXCPIYOY-26FEB,KXCPIYOY-26FEB-T2.6,2.6,3d,2026-03-08,2026-03-08,0.0,0.04,0.02,1166.0,False,False
KXCPIYOY-26FEB,KXCPIYOY-26FEB-T2.6,2.6,1d,2026-03-10,2026-03-10,0.0,0.055,0.01,4998.0,False,False
KXCPIYOY-26FEB,KXCPIYOY-26FEB-T2.6,2.6,final,2026-03-11,2026-03-10,1.0,0.055,0.01,4998.0,False,False
KXCPIYOY-26FEB,KXCPIYOY-26FEB-T2.5,2.5,21d,2026-02-18,2026-02-18,0.0,0.155,0.01,2575.0,False,False
KXCPIYOY-26FEB,KXCPIYOY-26FEB-T2.5,2.5,14d,2026-02-25,2026-02-25,0.0,0.135,0.01,990.0,False,False
KXCPIYOY-26FEB,KXCPIYOY-26FEB-T2.5,2.5,7d,2026-03-04,2026-03-04,0.0,0.145,0.01,6860.0,False,False
KXCPIYOY-26FEB,KXCPIYOY-26FEB-T2.5,2.5,3d,2026-03-08,2026-03-08,0.0,0.1,0.02,2730.0,False,False
KXCPIYOY-26FEB,KXCPIYOY-26FEB-T2.5,2.5,1d,2026-03-10,2026-03-10,0.0,0.11,0.02,7228.0,False,False
KXCPIYOY-26FEB,KXCPIYOY-26FEB-T2.5,2.5,final,2026-03-11,2026-03-10,1.0,0.11,0.02,7228.0,False,False
KXCPIYOY-26FEB,KXCPIYOY-26FEB-T2.4,2.4,21d,2026-02-18,2026-02-18,0.0,0.435,0.01,2555.0,False,False
KXCPIYOY-26FEB,KXCPIYOY-26FEB-T2.4,2.4,14d,2026-02-25,2026-02-25,0.0,0.395,0.01,512.0,False,False
KXCPIYOY-26FEB,KXCPIYOY-26FEB-T2.4,2.4,7d,2026-03-04,2026-03-04,0.0,0.535,0.01,9220.0,False,False
KXCPIYOY-26FEB,KXCPIYOY-26FEB-T2.4,2.4,3d,2026-03-08,2026-03-08,0.0,0.53,0.02,1421.0,False,False
KXCPIYOY-26FEB,KXCPIYOY-26FEB-T2.4,2.4,1d,2026-03-10,2026-03-10,0.0,0.49,0.02,4386.0,False,False
KXCPIYOY-26FEB,KXCPIYOY-26FEB-T2.4,2.4,final,2026-03-11,2026-03-10,1.0,0.49,0.02,4386.0,False,False
KXCPIYOY-26JAN,KXCPIYOY-26JAN-T2.1,2.1,21d,2026-01-23,2026-01-23,0.0,0.975,0.01,1419.0,False,False
KXCPIYOY-26JAN,KXCPIYOY-26JAN-T2.1,2.1,14d,2026-01-30,2026-01-30,0.0,0.98,0.02,1064.0,False,False
KXCPIYOY-26JAN,KXCPIYOY-26JAN-T2.1,2.1,7d,2026-02-06,2026-02-06,0.0,0.985,0.03,7.0,False,False
KXCPIYOY-26JAN,KXCPIYOY-26JAN-T2.1,2.1,3d,2026-02-10,2026-02-10,0.0,0.995,0.01,12.0,False,False
KXCPIYOY-26JAN,KXCPIYOY-26JAN-T2.1,2.1,1d,2026-02-12,2026-02-12,0.0,0.99,0.02,3906.0,False,False
KXCPIYOY-26JAN,KXCPIYOY-26JAN-T2.1,2.1,final,2026-02-13,2026-02-12,1.0,0.99,0.02,3906.0,False,False
KXCPIYOY-26JAN,KXCPIYOY-26JAN-T2.2,2.2,21d,2026-01-23,2026-01-23,0.0,0.9,0.02,6458.0,False,False
KXCPIYOY-26JAN,KXCPIYOY-26JAN-T2.2,2.2,14d,2026-01-30,2026-01-30,0.0,0.935,0.03,273.0,False,False
KXCPIYOY-26JAN,KXCPIYOY-26JAN-T2.2,2.2,7d,2026-02-06,2026-02-06,0.0,0.935,0.01,6061.0,False,False
KXCPIYOY-26JAN,KXCPIYOY-26JAN-T2.2,2.2,3d,2026-02-10,2026-02-10,0.0,0.96,0.02,1639.0,False,False
KXCPIYOY-26JAN,KXCPIYOY-26JAN-T2.2,2.2,1d,2026-02-12,2026-02-12,0.0,0.955,0.01,9526.0,False,False
KXCPIYOY-26JAN,KXCPIYOY-26JAN-T2.2,2.2,final,2026-02-13,2026-02-12,1.0,0.955,0.01,9526.0,False,False
KXCPIYOY-26JAN,KXCPIYOY-26JAN-T2.3,2.3,21d,2026-01-23,2026-01-23,0.0,0.78,0.02,35236.0,False,False
KXCPIYOY-26JAN,KXCPIYOY-26JAN-T2.3,2.3,14d,2026-01-30,2026-01-30,0.0,0.765,0.03,965.0,False,False
KXCPIYOY-26JAN,KXCPIYOY-26JAN-T2.3,2.3,7d,2026-02-06,2026-02-06,0.0,0.845,0.01,22325.0,False,False
KXCPIYOY-26JAN,KXCPIYOY-26JAN-T2.3,2.3,3d,2026-02-10,2026-02-10,0.0,0.925,0.01,30910.0,False,False
KXCPIYOY-26JAN,KXCPIYOY-26JAN-T2.3,2.3,1d,2026-02-12,2026-02-12,0.0,0.865,0.01,41850.0,False,False
KXCPIYOY-26JAN,KXCPIYOY-26JAN-T2.3,2.3,final,2026-02-13,2026-02-12,1.0,0.865,0.01,41850.0,False,False
KXCPIYOY-26JAN,KXCPIYOY-26JAN-T3.1,3.1,21d,2026-01-23,2026-01-23,0.0,0.015,0.03,0.0,False,False
KXCPIYOY-26JAN,KXCPIYOY-26JAN-T3.1,3.1,14d,2026-01-30,2026-01-30,0.0,0.005,0.01,33.0,False,False
KXCPIYOY-26JAN,KXCPIYOY-26JAN-T3.1,3.1,7d,2026-02-06,2026-02-06,0.0,0.01,0.02,0.0,False,False
KXCPIYOY-26JAN,KXCPIYOY-26JAN-T3.1,3.1,3d,2026-02-10,2026-02-10,0.0,0.005,0.01,8657.0,False,False
KXCPIYOY-26JAN,KXCPIYOY-26JAN-T3.1,3.1,1d,2026-02-12,2026-02-12,0.0,0.01,0.02,1593.0,False,False
KXCPIYOY-26JAN,KXCPIYOY-26JAN-T3.1,3.1,final,2026-02-13,2026-02-12,1.0,0.01,0.02,1593.0,False,False
KXCPIYOY-26JAN,KXCPIYOY-26JAN-T3.0,3.0,21d,2026-01-23,2026-01-23,0.0,0.025,0.03,780.0,False,False
KXCPIYOY-26JAN,KXCPIYOY-26JAN-T3.0,3.0,14d,2026-01-30,2026-01-30,0.0,0.015,0.03,718.0,False,False
KXCPIYOY-26JAN,KXCPIYOY-26JAN-T3.0,3.0,7d,2026-02-06,2026-02-06,0.0,0.01,0.02,93.0,False,False
KXCPIYOY-26JAN,KXCPIYOY-26JAN-T3.0,3.0,3d,2026-02-10,2026-02-10,0.0,0.015,0.01,1241.0,False,False
KXCPIYOY-26JAN,KXCPIYOY-26JAN-T3.0,3.0,1d,2026-02-12,2026-02-12,0.0,0.01,0.02,1997.0,False,False
KXCPIYOY-26JAN,KXCPIYOY-26JAN-T3.0,3.0,final,2026-02-13,2026-02-12,1.0,0.01,0.02,1997.0,False,False
KXCPIYOY-26JAN,KXCPIYOY-26JAN-T2.9,2.9,21d,2026-01-23,2026-01-23,0.0,0.015,0.03,365.0,False,False
KXCPIYOY-26JAN,KXCPIYOY-26JAN-T2.9,2.9,14d,2026-01-30,2026-01-30,0.0,0.02,0.02,583.0,False,False
KXCPIYOY-26JAN,KXCPIYOY-26JAN-T2.9,2.9,7d,2026-02-06,2026-02-06,0.0,0.01,0.02,0.0,False,False
KXCPIYOY-26JAN,KXCPIYOY-26JAN-T2.9,2.9,3d,2026-02-10,2026-02-10,0.0,0.025,0.05,6639.0,False,False
KXCPIYOY-26JAN,KXCPIYOY-26JAN-T2.9,2.9,1d,2026-02-12,2026-02-12,0.0,0.02,0.04,3231.0,False,False
KXCPIYOY-26JAN,KXCPIYOY-26JAN-T2.9,2.9,final,2026-02-13,2026-02-12,1.0,0.02,0.04,3231.0,False,False
KXCPIYOY-26JAN,KXCPIYOY-26JAN-T2.8,2.8,21d,2026-01-23,2026-01-23,0.0,0.02,0.02,3408.0,False,False
KXCPIYOY-26JAN,KXCPIYOY-26JAN-T2.8,2.8,14d,2026-01-30,2026-01-30,0.0,0.02,0.02,598.0,False,False
KXCPIYOY-26JAN,KXCPIYOY-26JAN-T2.8,2.8,7d,2026-02-06,2026-02-06,0.0,0.02,0.04,0.0,False,False
KXCPIYOY-26JAN,KXCPIYOY-26JAN-T2.8,2.8,3d,2026-02-10,2026-02-10,0.0,0.02,0.02,7916.0,False,False
KXCPIYOY-26JAN,KXCPIYOY-26JAN-T2.8,2.8,1d,2026-02-12,2026-02-12,0.0,0.01,0.02,10670.0,False,False
KXCPIYOY-26JAN,KXCPIYOY-26JAN-T2.8,2.8,final,2026-02-13,2026-02-12,1.0,0.01,0.02,10670.0,False,False
KXCPIYOY-26JAN,KXCPIYOY-26JAN-T2.7,2.7,21d,2026-01-23,2026-01-23,0.0,0.06,0.02,5778.0,False,False
KXCPIYOY-26JAN,KXCPIYOY-26JAN-T2.7,2.7,14d,2026-01-30,2026-01-30,0.0,0.045,0.03,488.0,False,False
KXCPIYOY-26JAN,KXCPIYOY-26JAN-T2.7,2.7,7d,2026-02-06,2026-02-06,0.0,0.035,0.01,3260.0,False,False
KXCPIYOY-26JAN,KXCPIYOY-26JAN-T2.7,2.7,3d,2026-02-10,2026-02-10,0.0,0.105,0.11,3810.0,False,False
KXCPIYOY-26JAN,KXCPIYOY-26JAN-T2.7,2.7,1d,2026-02-12,2026-02-12,0.0,0.03,0.02,10191.0,False,False
KXCPIYOY-26JAN,KXCPIYOY-26JAN-T2.7,2.7,final,2026-02-13,2026-02-12,1.0,0.03,0.02,10191.0,False,False
KXCPIYOY-26JAN,KXCPIYOY-26JAN-T2.6,2.6,21d,2026-01-23,2026-01-23,0.0,0.065,0.07,53457.0,False,False
KXCPIYOY-26JAN,KXCPIYOY-26JAN-T2.6,2.6,14d,2026-01-30,2026-01-30,0.0,0.15,0.02,8398.0,False,False
KXCPIYOY-26JAN,KXCPIYOY-26JAN-T2.6,2.6,7d,2026-02-06,2026-02-06,0.0,0.13,0.02,15326.0,False,False
KXCPIYOY-26JAN,KXCPIYOY-26JAN-T2.6,2.6,3d,2026-02-10,2026-02-10,0.0,0.125,0.05,26686.0,False,False
KXCPIYOY-26JAN,KXCPIYOY-26JAN-T2.6,2.6,1d,2026-02-12,2026-02-12,0.0,0.095,0.01,16655.0,False,False
KXCPIYOY-26JAN,KXCPIYOY-26JAN-T2.6,2.6,final,2026-02-13,2026-02-12,1.0,0.095,0.01,16655.0,False,False
KXCPIYOY-26JAN,KXCPIYOY-26JAN-T2.5,2.5,21d,2026-01-23,2026-01-23,0.0,0.235,0.03,10983.0,False,False
KXCPIYOY-26JAN,KXCPIYOY-26JAN-T2.5,2.5,14d,2026-01-30,2026-01-30,0.0,0.275,0.05,12147.0,False,False
KXCPIYOY-26JAN,KXCPIYOY-26JAN-T2.5,2.5,7d,2026-02-06,2026-02-06,0.0,0.375,0.05,21392.0,False,False
KXCPIYOY-26JAN,KXCPIYOY-26JAN-T2.5,2.5,3d,2026-02-10,2026-02-10,0.0,0.27,0.06,27159.0,False,False
KXCPIYOY-26JAN,KXCPIYOY-26JAN-T2.5,2.5,1d,2026-02-12,2026-02-12,0.0,0.295,0.01,20079.0,False,False
KXCPIYOY-26JAN,KXCPIYOY-26JAN-T2.5,2.5,final,2026-02-13,2026-02-12,1.0,0.295,0.01,20079.0,False,False
KXCPIYOY-26JAN,KXCPIYOY-26JAN-T2.4,2.4,21d,2026-01-23,2026-01-23,0.0,0.465,0.05,14774.0,False,False
KXCPIYOY-26JAN,KXCPIYOY-26JAN-T2.4,2.4,14d,2026-01-30,2026-01-30,0.0,0.485,0.01,5754.0,False,False
KXCPIYOY-26JAN,KXCPIYOY-26JAN-T2.4,2.4,7d,2026-02-06,2026-02-06,0.0,0.555,0.03,18382.0,False,False
KXCPIYOY-26JAN,KXCPIYOY-26JAN-T2.4,2.4,3d,2026-02-10,2026-02-10,0.0,0.56,0.12,27935.0,False,False
KXCPIYOY-26JAN,KXCPIYOY-26JAN-T2.4,2.4,1d,2026-02-12,2026-02-12,0.0,0.555,0.01,47652.0,False,False
KXCPIYOY-26JAN,KXCPIYOY-26JAN-T2.4,2.4,final,2026-02-13,2026-02-12,1.0,0.555,0.01,47652.0,False,False
KXCPIYOY-25DEC,KXCPIYOY-25DEC-T3.1,3.1,21d,2025-12-23,2025-12-23,0.0,0.025,0.03,300.0,False,False
KXCPIYOY-25DEC,KXCPIYOY-25DEC-T3.1,3.1,14d,2025-12-30,2025-12-30,0.0,0.015,0.03,0.0,False,False
KXCPIYOY-25DEC,KXCPIYOY-25DEC-T3.1,3.1,7d,2026-01-06,2026-01-06,0.0,0.01,0.02,387.0,False,False
KXCPIYOY-25DEC,KXCPIYOY-25DEC-T3.1,3.1,3d,2026-01-10,2026-01-10,0.0,0.015,0.01,448.0,False,False
KXCPIYOY-25DEC,KXCPIYOY-25DEC-T3.1,3.1,1d,2026-01-12,2026-01-12,0.0,0.01,0.02,0.0,False,False
KXCPIYOY-25DEC,KXCPIYOY-25DEC-T3.1,3.1,final,2026-01-13,2026-01-12,1.0,0.01,0.02,0.0,False,False
KXCPIYOY-25DEC,KXCPIYOY-25DEC-T3.0,3.0,21d,2025-12-23,2025-12-23,0.0,0.05,0.04,5635.0,False,False
KXCPIYOY-25DEC,KXCPIYOY-25DEC-T3.0,3.0,14d,2025-12-30,2025-12-30,0.0,0.035,0.03,5352.0,False,False
KXCPIYOY-25DEC,KXCPIYOY-25DEC-T3.0,3.0,7d,2026-01-06,2026-01-06,0.0,0.035,0.05,5397.0,False,False
KXCPIYOY-25DEC,KXCPIYOY-25DEC-T3.0,3.0,3d,2026-01-10,2026-01-10,0.0,0.02,0.02,5699.0,False,False
KXCPIYOY-25DEC,KXCPIYOY-25DEC-T3.0,3.0,1d,2026-01-12,2026-01-12,0.0,0.03,0.04,314.0,False,False
KXCPIYOY-25DEC,KXCPIYOY-25DEC-T3.0,3.0,final,2026-01-13,2026-01-12,1.0,0.03,0.04,314.0,False,False
KXCPIYOY-25DEC,KXCPIYOY-25DEC-T2.9,2.9,21d,2025-12-23,2025-12-23,0.0,0.105,0.01,4442.0,False,False
KXCPIYOY-25DEC,KXCPIYOY-25DEC-T2.9,2.9,14d,2025-12-30,2025-12-30,0.0,0.09,0.04,5323.0,False,False
KXCPIYOY-25DEC,KXCPIYOY-25DEC-T2.9,2.9,7d,2026-01-06,2026-01-06,0.0,0.075,0.03,3340.0,False,False
KXCPIYOY-25DEC,KXCPIYOY-25DEC-T2.9,2.9,3d,2026-01-10,2026-01-10,0.0,0.075,0.01,491.0,False,False
KXCPIYOY-25DEC,KXCPIYOY-25DEC-T2.9,2.9,1d,2026-01-12,2026-01-12,0.0,0.055,0.01,1559.0,False,False
KXCPIYOY-25DEC,KXCPIYOY-25DEC-T2.9,2.9,final,2026-01-13,2026-01-12,1.0,0.055,0.01,1559.0,False,False
KXCPIYOY-25DEC,KXCPIYOY-25DEC-T2.8,2.8,21d,2025-12-23,2025-12-23,0.0,0.205,0.03,11312.0,False,False
KXCPIYOY-25DEC,KXCPIYOY-25DEC-T2.8,2.8,14d,2025-12-30,2025-12-30,0.0,0.155,0.01,3.0,False,False
KXCPIYOY-25DEC,KXCPIYOY-25DEC-T2.8,2.8,7d,2026-01-06,2026-01-06,0.0,0.135,0.01,3327.0,False,False
KXCPIYOY-25DEC,KXCPIYOY-25DEC-T2.8,2.8,3d,2026-01-10,2026-01-10,0.0,0.13,0.02,15938.0,False,False
KXCPIYOY-25DEC,KXCPIYOY-25DEC-T2.8,2.8,1d,2026-01-12,2026-01-12,0.0,0.135,0.03,1138.0,False,False
KXCPIYOY-25DEC,KXCPIYOY-25DEC-T2.8,2.8,final,2026-01-13,2026-01-12,1.0,0.135,0.03,1138.0,False,False
KXCPIYOY-25DEC,KXCPIYOY-25DEC-T2.7,2.7,21d,2025-12-23,2025-12-23,0.0,0.38,0.06,9226.0,False,False
KXCPIYOY-25DEC,KXCPIYOY-25DEC-T2.7,2.7,14d,2025-12-30,2025-12-30,0.0,0.34,0.04,335.0,False,False
KXCPIYOY-25DEC,KXCPIYOY-25DEC-T2.7,2.7,7d,2026-01-06,2026-01-06,0.0,0.325,0.03,7558.0,False,False
KXCPIYOY-25DEC,KXCPIYOY-25DEC-T2.7,2.7,3d,2026-01-10,2026-01-10,0.0,0.335,0.01,3014.0,False,False
KXCPIYOY-25DEC,KXCPIYOY-25DEC-T2.7,2.7,1d,2026-01-12,2026-01-12,0.0,0.345,0.05,783.0,False,False
KXCPIYOY-25DEC,KXCPIYOY-25DEC-T2.7,2.7,final,2026-01-13,2026-01-12,1.0,0.345,0.05,783.0,False,False
KXCPIYOY-25DEC,KXCPIYOY-25DEC-T2.6,2.6,21d,2025-12-23,2025-12-23,0.0,0.555,0.07,15468.0,False,False
KXCPIYOY-25DEC,KXCPIYOY-25DEC-T2.6,2.6,14d,2025-12-30,2025-12-30,0.0,0.485,0.07,1579.0,False,False
KXCPIYOY-25DEC,KXCPIYOY-25DEC-T2.6,2.6,7d,2026-01-06,2026-01-06,0.0,0.575,0.01,9565.0,False,False
KXCPIYOY-25DEC,KXCPIYOY-25DEC-T2.6,2.6,3d,2026-01-10,2026-01-10,0.0,0.655,0.05,2388.0,False,False
KXCPIYOY-25DEC,KXCPIYOY-25DEC-T2.6,2.6,1d,2026-01-12,2026-01-12,0.0,0.635,0.01,2778.0,False,False
KXCPIYOY-25DEC,KXCPIYOY-25DEC-T2.6,2.6,final,2026-01-13,2026-01-12,1.0,0.635,0.01,2778.0,False,False
KXCPIYOY-25DEC,KXCPIYOY-25DEC-T2.5,2.5,21d,2025-12-23,2025-12-23,0.0,0.925,0.05,530.0,False,False
KXCPIYOY-25DEC,KXCPIYOY-25DEC-T2.5,2.5,14d,2025-12-30,2025-12-30,0.0,0.9,0.04,22.0,False,False
KXCPIYOY-25DEC,KXCPIYOY-25DEC-T2.5,2.5,7d,2026-01-06,2026-01-06,0.0,0.855,0.01,175.0,False,False
KXCPIYOY-25DEC,KXCPIYOY-25DEC-T2.5,2.5,3d,2026-01-10,2026-01-10,0.0,0.905,0.01,16412.0,False,False
KXCPIYOY-25DEC,KXCPIYOY-25DEC-T2.5,2.5,1d,2026-01-12,2026-01-12,0.0,0.915,0.01,1080.0,False,False
KXCPIYOY-25DEC,KXCPIYOY-25DEC-T2.5,2.5,final,2026-01-13,2026-01-12,1.0,0.915,0.01,1080.0,False,False
KXCPIYOY-25DEC,KXCPIYOY-25DEC-T2.4,2.4,21d,2025-12-23,2025-12-23,0.0,0.975,0.01,2311.0,False,False
KXCPIYOY-25DEC,KXCPIYOY-25DEC-T2.4,2.4,14d,2025-12-30,2025-12-30,0.0,0.975,0.01,111.0,False,False
KXCPIYOY-25DEC,KXCPIYOY-25DEC-T2.4,2.4,7d,2026-01-06,2026-01-06,0.0,0.96,0.02,4739.0,False,False
KXCPIYOY-25DEC,KXCPIYOY-25DEC-T2.4,2.4,3d,2026-01-10,2026-01-10,0.0,0.95,0.02,7396.0,False,False
KXCPIYOY-25DEC,KXCPIYOY-25DEC-T2.4,2.4,1d,2026-01-12,2026-01-12,0.0,0.96,0.04,520.0,False,False
KXCPIYOY-25DEC,KXCPIYOY-25DEC-T2.4,2.4,final,2026-01-13,2026-01-12,1.0,0.96,0.04,520.0,False,False
KXCPIYOY-25NOV,KXCPIYOY-25NOV-T3.1,3.1,21d,2025-11-27,2025-11-27,0.0,0.145,0.01,311.0,False,False
KXCPIYOY-25NOV,KXCPIYOY-25NOV-T3.1,3.1,14d,2025-12-04,2025-12-04,0.0,0.11,0.02,710.0,False,False
KXCPIYOY-25NOV,KXCPIYOY-25NOV-T3.1,3.1,7d,2025-12-11,2025-12-11,0.0,0.045,0.03,5322.0,False,False
KXCPIYOY-25NOV,KXCPIYOY-25NOV-T3.1,3.1,3d,2025-12-15,2025-12-15,0.0,0.05,0.02,1548.0,False,False
KXCPIYOY-25NOV,KXCPIYOY-25NOV-T3.1,3.1,1d,2025-12-17,2025-12-17,0.0,0.055,0.01,9008.0,False,False
KXCPIYOY-25NOV,KXCPIYOY-25NOV-T3.1,3.1,final,2025-12-18,2025-12-17,1.0,0.055,0.01,9008.0,False,False
KXCPIYOY-25NOV,KXCPIYOY-25NOV-T3.0,3.0,21d,2025-11-27,2025-11-27,0.0,0.495,0.03,2615.0,False,False
KXCPIYOY-25NOV,KXCPIYOY-25NOV-T3.0,3.0,14d,2025-12-04,2025-12-04,0.0,0.475,0.03,5549.0,False,False
KXCPIYOY-25NOV,KXCPIYOY-25NOV-T3.0,3.0,7d,2025-12-11,2025-12-11,0.0,0.345,0.05,15239.0,False,False
KXCPIYOY-25NOV,KXCPIYOY-25NOV-T3.0,3.0,3d,2025-12-15,2025-12-15,0.0,0.36,0.08,2036.0,False,False
KXCPIYOY-25NOV,KXCPIYOY-25NOV-T3.0,3.0,1d,2025-12-17,2025-12-17,0.0,0.365,0.03,11458.0,False,False
KXCPIYOY-25NOV,KXCPIYOY-25NOV-T3.0,3.0,final,2025-12-18,2025-12-17,1.0,0.365,0.03,11458.0,False,False
KXCPIYOY-25NOV,KXCPIYOY-25NOV-T2.9,2.9,21d,2025-11-27,2025-11-27,0.0,0.845,0.01,101.0,False,False
KXCPIYOY-25NOV,KXCPIYOY-25NOV-T2.9,2.9,14d,2025-12-04,2025-12-04,0.0,0.835,0.01,25986.0,False,False
KXCPIYOY-25NOV,KXCPIYOY-25NOV-T2.9,2.9,7d,2025-12-11,2025-12-11,0.0,0.72,0.06,17271.0,False,False
KXCPIYOY-25NOV,KXCPIYOY-25NOV-T2.9,2.9,3d,2025-12-15,2025-12-15,0.0,0.8,0.08,211.0,False,False
KXCPIYOY-25NOV,KXCPIYOY-25NOV-T2.9,2.9,1d,2025-12-17,2025-12-17,0.0,0.765,0.01,27410.0,False,False
KXCPIYOY-25NOV,KXCPIYOY-25NOV-T2.9,2.9,final,2025-12-18,2025-12-17,1.0,0.765,0.01,27410.0,False,False
KXCPIYOY-25NOV,KXCPIYOY-25NOV-T2.8,2.8,21d,2025-11-27,2025-11-27,0.0,0.975,0.03,10.0,False,False
KXCPIYOY-25NOV,KXCPIYOY-25NOV-T2.8,2.8,14d,2025-12-04,2025-12-04,0.0,0.955,0.01,177.0,False,False
KXCPIYOY-25NOV,KXCPIYOY-25NOV-T2.8,2.8,7d,2025-12-11,2025-12-11,0.0,0.945,0.01,4845.0,False,False
KXCPIYOY-25NOV,KXCPIYOY-25NOV-T2.8,2.8,3d,2025-12-15,2025-12-15,0.0,0.97,0.04,12.0,False,False
KXCPIYOY-25NOV,KXCPIYOY-25NOV-T2.8,2.8,1d,2025-12-17,2025-12-17,0.0,0.96,0.02,64247.0,False,False
KXCPIYOY-25NOV,KXCPIYOY-25NOV-T2.8,2.8,final,2025-12-18,2025-12-17,1.0,0.96,0.02,64247.0,False,False
KXCPIYOY-25NOV,KXCPIYOY-25NOV-T2.7,2.7,21d,2025-11-27,2025-11-27,0.0,0.985,0.03,0.0,False,False
KXCPIYOY-25NOV,KXCPIYOY-25NOV-T2.7,2.7,14d,2025-12-04,2025-12-04,0.0,0.985,0.03,0.0,False,False
KXCPIYOY-25NOV,KXCPIYOY-25NOV-T2.7,2.7,7d,2025-12-11,2025-12-11,0.0,0.99,0.02,0.0,False,False
KXCPIYOY-25NOV,KXCPIYOY-25NOV-T2.7,2.7,3d,2025-12-15,2025-12-15,0.0,0.99,0.02,0.0,False,False
KXCPIYOY-25NOV,KXCPIYOY-25NOV-T2.7,2.7,1d,2025-12-17,2025-12-17,0.0,0.99,0.02,10600.0,False,False
KXCPIYOY-25NOV,KXCPIYOY-25NOV-T2.7,2.7,final,2025-12-18,2025-12-17,1.0,0.99,0.02,10600.0,False,False
KXCPIYOY-25NOV,KXCPIYOY-25NOV-T2.6,2.6,21d,2025-11-27,2025-11-27,0.0,0.99,0.02,0.0,False,False
KXCPIYOY-25NOV,KXCPIYOY-25NOV-T2.6,2.6,14d,2025-12-04,2025-12-04,0.0,0.99,0.02,0.0,False,False
KXCPIYOY-25NOV,KXCPIYOY-25NOV-T2.6,2.6,7d,2025-12-11,2025-12-11,0.0,0.99,0.02,0.0,False,False
KXCPIYOY-25NOV,KXCPIYOY-25NOV-T2.6,2.6,3d,2025-12-15,2025-12-15,0.0,0.97,0.06,0.0,False,False
KXCPIYOY-25NOV,KXCPIYOY-25NOV-T2.6,2.6,1d,2025-12-17,2025-12-17,0.0,0.99,0.02,80.0,False,False
KXCPIYOY-25NOV,KXCPIYOY-25NOV-T2.6,2.6,final,2025-12-18,2025-12-17,1.0,0.99,0.02,80.0,False,False
KXCPIYOY-25NOV,KXCPIYOY-25NOV-T2.5,2.5,21d,2025-11-27,2025-11-27,0.0,0.995,0.01,0.0,False,False
KXCPIYOY-25NOV,KXCPIYOY-25NOV-T2.5,2.5,14d,2025-12-04,2025-12-04,0.0,0.99,0.02,0.0,False,False
KXCPIYOY-25NOV,KXCPIYOY-25NOV-T2.5,2.5,7d,2025-12-11,2025-12-11,0.0,0.995,0.01,0.0,False,False
KXCPIYOY-25NOV,KXCPIYOY-25NOV-T2.5,2.5,3d,2025-12-15,2025-12-15,0.0,0.97,0.06,0.0,False,False
KXCPIYOY-25NOV,KXCPIYOY-25NOV-T2.5,2.5,1d,2025-12-17,2025-12-17,0.0,0.995,0.01,0.0,False,False
KXCPIYOY-25NOV,KXCPIYOY-25NOV-T2.5,2.5,final,2025-12-18,2025-12-17,1.0,0.995,0.01,0.0,False,False
KXCPIYOY-25NOV,KXCPIYOY-25NOV-T2.4,2.4,21d,2025-11-27,2025-11-27,0.0,0.995,0.01,0.0,False,False
KXCPIYOY-25NOV,KXCPIYOY-25NOV-T2.4,2.4,14d,2025-12-04,2025-12-04,0.0,0.995,0.01,0.0,False,False
KXCPIYOY-25NOV,KXCPIYOY-25NOV-T2.4,2.4,7d,2025-12-11,2025-12-11,0.0,0.995,0.01,0.0,False,False
KXCPIYOY-25NOV,KXCPIYOY-25NOV-T2.4,2.4,3d,2025-12-15,2025-12-15,0.0,0.99,0.02,0.0,False,False
KXCPIYOY-25NOV,KXCPIYOY-25NOV-T2.4,2.4,1d,2025-12-17,2025-12-17,0.0,0.995,0.01,33.0,False,False
KXCPIYOY-25NOV,KXCPIYOY-25NOV-T2.4,2.4,final,2025-12-18,2025-12-17,1.0,0.995,0.01,33.0,False,False
KXCPIYOY-25OCT,KXCPIYOY-25OCT-T3.1,3.1,21d,2025-10-23,2025-10-23,0.0,0.185,0.01,649.0,False,False
KXCPIYOY-25OCT,KXCPIYOY-25OCT-T3.1,3.1,14d,2025-10-30,2025-10-30,0.0,0.31,0.02,3570.0,False,False
KXCPIYOY-25OCT,KXCPIYOY-25OCT-T3.1,3.1,7d,2025-11-06,2025-11-06,0.0,0.295,0.01,8655.0,False,False
KXCPIYOY-25OCT,KXCPIYOY-25OCT-T3.1,3.1,3d,2025-11-10,2025-11-10,0.0,0.315,0.01,5088.0,False,False
KXCPIYOY-25OCT,KXCPIYOY-25OCT-T3.1,3.1,1d,2025-11-12,2025-11-12,0.0,0.275,0.03,24551.0,False,False
KXCPIYOY-25OCT,KXCPIYOY-25OCT-T3.1,3.1,final,2025-11-13,2025-11-12,1.0,0.275,0.03,24551.0,False,False
KXCPIYOY-25OCT,KXCPIYOY-25OCT-T3.0,3.0,21d,2025-10-23,2025-10-23,0.0,0.535,0.01,34680.0,False,False
KXCPIYOY-25OCT,KXCPIYOY-25OCT-T3.0,3.0,14d,2025-10-30,2025-10-30,0.0,0.58,0.02,12277.0,False,False
KXCPIYOY-25OCT,KXCPIYOY-25OCT-T3.0,3.0,7d,2025-11-06,2025-11-06,0.0,0.51,0.02,26616.0,False,False
KXCPIYOY-25OCT,KXCPIYOY-25OCT-T3.0,3.0,3d,2025-11-10,2025-11-10,0.0,0.505,0.01,10120.0,False,False
KXCPIYOY-25OCT,KXCPIYOY-25OCT-T3.0,3.0,1d,2025-11-12,2025-11-12,0.0,0.525,0.01,3736.0,False,False
KXCPIYOY-25OCT,KXCPIYOY-25OCT-T3.0,3.0,final,2025-11-13,2025-11-12,1.0,0.525,0.01,3736.0,False,False
KXCPIYOY-25OCT,KXCPIYOY-25OCT-T2.9,2.9,21d,2025-10-23,2025-10-23,0.0,0.875,0.01,6225.0,False,False
KXCPIYOY-25OCT,KXCPIYOY-25OCT-T2.9,2.9,14d,2025-10-30,2025-10-30,0.0,0.87,0.02,1945.0,False,False
KXCPIYOY-25OCT,KXCPIYOY-25OCT-T2.9,2.9,7d,2025-11-06,2025-11-06,0.0,0.895,0.03,452.0,False,False
KXCPIYOY-25OCT,KXCPIYOY-25OCT-T2.9,2.9,3d,2025-11-10,2025-11-10,0.0,0.885,0.01,664.0,False,False
KXCPIYOY-25OCT,KXCPIYOY-25OCT-T2.9,2.9,1d,2025-11-12,2025-11-12,0.0,0.865,0.01,872.0,False,False
KXCPIYOY-25OCT,KXCPIYOY-25OCT-T2.9,2.9,final,2025-11-13,2025-11-12,1.0,0.865,0.01,872.0,False,False
KXCPIYOY-25OCT,KXCPIYOY-25OCT-T2.8,2.8,21d,2025-10-23,2025-10-23,0.0,0.945,0.03,263.0,False,False
KXCPIYOY-25OCT,KXCPIYOY-25OCT-T2.8,2.8,14d,2025-10-30,2025-10-30,0.0,0.935,0.07,183.0,False,False
KXCPIYOY-25OCT,KXCPIYOY-25OCT-T2.8,2.8,7d,2025-11-06,2025-11-06,0.0,0.97,0.02,0.0,False,False
KXCPIYOY-25OCT,KXCPIYOY-25OCT-T2.8,2.8,3d,2025-11-10,2025-11-10,0.0,0.97,0.02,0.0,False,False
KXCPIYOY-25OCT,KXCPIYOY-25OCT-T2.8,2.8,1d,2025-11-12,2025-11-12,0.0,0.97,0.02,0.0,False,False
KXCPIYOY-25OCT,KXCPIYOY-25OCT-T2.8,2.8,final,2025-11-13,2025-11-12,1.0,0.97,0.02,0.0,False,False
KXCPIYOY-25OCT,KXCPIYOY-25OCT-T2.7,2.7,21d,2025-10-23,2025-10-23,0.0,0.97,0.06,0.0,False,False
KXCPIYOY-25OCT,KXCPIYOY-25OCT-T2.7,2.7,14d,2025-10-30,2025-10-30,0.0,0.975,0.03,0.0,False,False
KXCPIYOY-25OCT,KXCPIYOY-25OCT-T2.7,2.7,7d,2025-11-06,2025-11-06,0.0,0.975,0.01,0.0,False,False
KXCPIYOY-25OCT,KXCPIYOY-25OCT-T2.7,2.7,3d,2025-11-10,2025-11-10,0.0,0.975,0.01,0.0,False,False
KXCPIYOY-25OCT,KXCPIYOY-25OCT-T2.7,2.7,1d,2025-11-12,2025-11-12,0.0,0.975,0.01,0.0,False,False
KXCPIYOY-25OCT,KXCPIYOY-25OCT-T2.7,2.7,final,2025-11-13,2025-11-12,1.0,0.975,0.01,0.0,False,False
KXCPIYOY-25OCT,KXCPIYOY-25OCT-T2.6,2.6,21d,2025-10-23,2025-10-23,0.0,0.975,0.03,0.0,False,False
KXCPIYOY-25OCT,KXCPIYOY-25OCT-T2.6,2.6,14d,2025-10-30,2025-10-30,0.0,0.98,0.04,0.0,False,False
KXCPIYOY-25OCT,KXCPIYOY-25OCT-T2.6,2.6,7d,2025-11-06,2025-11-06,0.0,0.985,0.03,0.0,False,False
KXCPIYOY-25OCT,KXCPIYOY-25OCT-T2.6,2.6,3d,2025-11-10,2025-11-10,0.0,0.98,0.02,0.0,False,False
KXCPIYOY-25OCT,KXCPIYOY-25OCT-T2.6,2.6,1d,2025-11-12,2025-11-12,0.0,0.98,0.02,0.0,False,False
KXCPIYOY-25OCT,KXCPIYOY-25OCT-T2.6,2.6,final,2025-11-13,2025-11-12,1.0,0.98,0.02,0.0,False,False
KXCPIYOY-25OCT,KXCPIYOY-25OCT-T2.5,2.5,21d,2025-10-23,2025-10-23,0.0,0.975,0.03,12.0,False,False
KXCPIYOY-25OCT,KXCPIYOY-25OCT-T2.5,2.5,14d,2025-10-30,2025-10-30,0.0,0.99,0.02,0.0,False,False
KXCPIYOY-25OCT,KXCPIYOY-25OCT-T2.5,2.5,7d,2025-11-06,2025-11-06,0.0,0.99,0.02,0.0,False,False
KXCPIYOY-25OCT,KXCPIYOY-25OCT-T2.5,2.5,3d,2025-11-10,2025-11-10,0.0,0.98,0.02,0.0,False,False
KXCPIYOY-25OCT,KXCPIYOY-25OCT-T2.5,2.5,1d,2025-11-12,2025-11-12,0.0,0.98,0.02,0.0,False,False
KXCPIYOY-25OCT,KXCPIYOY-25OCT-T2.5,2.5,final,2025-11-13,2025-11-12,1.0,0.98,0.02,0.0,False,False
KXCPIYOY-25OCT,KXCPIYOY-25OCT-T2.4,2.4,21d,2025-10-23,2025-10-23,0.0,0.975,0.01,0.0,False,False
KXCPIYOY-25OCT,KXCPIYOY-25OCT-T2.4,2.4,14d,2025-10-30,2025-10-30,0.0,0.99,0.02,0.0,False,False
KXCPIYOY-25OCT,KXCPIYOY-25OCT-T2.4,2.4,7d,2025-11-06,2025-11-06,0.0,0.99,0.02,0.0,False,False
KXCPIYOY-25OCT,KXCPIYOY-25OCT-T2.4,2.4,3d,2025-11-10,2025-11-10,0.0,0.99,0.02,0.0,False,False
KXCPIYOY-25OCT,KXCPIYOY-25OCT-T2.4,2.4,1d,2025-11-12,2025-11-12,0.0,0.99,0.02,0.0,False,False
KXCPIYOY-25OCT,KXCPIYOY-25OCT-T2.4,2.4,final,2025-11-13,2025-11-12,1.0,0.99,0.02,0.0,False,False
KXCPIYOY-25SEP,KXCPIYOY-25SEP-T3.1,3.1,21d,2025-09-24,2025-09-24,0.0,0.245,0.01,2344.0,False,False
KXCPIYOY-25SEP,KXCPIYOY-25SEP-T3.1,3.1,14d,2025-10-01,2025-10-01,0.0,0.18,0.02,21888.0,False,False
KXCPIYOY-25SEP,KXCPIYOY-25SEP-T3.1,3.1,7d,2025-10-08,2025-10-08,0.0,0.21,0.02,23091.0,False,False
KXCPIYOY-25SEP,KXCPIYOY-25SEP-T3.1,3.1,3d,2025-10-12,2025-10-12,0.0,0.195,0.03,636.0,False,False
KXCPIYOY-25SEP,KXCPIYOY-25SEP-T3.1,3.1,1d,2025-10-14,2025-10-14,0.0,0.18,0.02,1134.0,False,False
KXCPIYOY-25SEP,KXCPIYOY-25SEP-T3.1,3.1,final,2025-10-15,2025-10-14,1.0,0.18,0.02,1134.0,False,False
KXCPIYOY-25SEP,KXCPIYOY-25SEP-T3.0,3.0,21d,2025-09-24,2025-09-24,0.0,0.655,0.01,1441.0,False,False
KXCPIYOY-25SEP,KXCPIYOY-25SEP-T3.0,3.0,14d,2025-10-01,2025-10-01,0.0,0.56,0.04,8272.0,False,False
KXCPIYOY-25SEP,KXCPIYOY-25SEP-T3.0,3.0,7d,2025-10-08,2025-10-08,0.0,0.55,0.02,21304.0,False,False
KXCPIYOY-25SEP,KXCPIYOY-25SEP-T3.0,3.0,3d,2025-10-12,2025-10-12,0.0,0.56,0.02,1631.0,False,False
KXCPIYOY-25SEP,KXCPIYOY-25SEP-T3.0,3.0,1d,2025-10-14,2025-10-14,0.0,0.55,0.02,7347.0,False,False
KXCPIYOY-25SEP,KXCPIYOY-25SEP-T3.0,3.0,final,2025-10-15,2025-10-14,1.0,0.55,0.02,7347.0,False,False
KXCPIYOY-25SEP,KXCPIYOY-25SEP-T2.9,2.9,21d,2025-09-24,2025-09-24,0.0,0.925,0.01,3695.0,False,False
KXCPIYOY-25SEP,KXCPIYOY-25SEP-T2.9,2.9,14d,2025-10-01,2025-10-01,0.0,0.89,0.02,11500.0,False,False
KXCPIYOY-25SEP,KXCPIYOY-25SEP-T2.9,2.9,7d,2025-10-08,2025-10-08,0.0,0.865,0.01,5039.0,False,False
KXCPIYOY-25SEP,KXCPIYOY-25SEP-T2.9,2.9,3d,2025-10-12,2025-10-12,0.0,0.885,0.01,349.0,False,False
KXCPIYOY-25SEP,KXCPIYOY-25SEP-T2.9,2.9,1d,2025-10-14,2025-10-14,0.0,0.87,0.02,3285.0,False,False
KXCPIYOY-25SEP,KXCPIYOY-25SEP-T2.9,2.9,final,2025-10-15,2025-10-14,1.0,0.87,0.02,3285.0,False,False
KXCPIYOY-25SEP,KXCPIYOY-25SEP-T2.8,2.8,21d,2025-09-24,2025-09-24,0.0,0.955,0.01,10.0,False,False
KXCPIYOY-25SEP,KXCPIYOY-25SEP-T2.8,2.8,14d,2025-10-01,2025-10-01,0.0,0.95,0.02,146.0,False,False
KXCPIYOY-25SEP,KXCPIYOY-25SEP-T2.8,2.8,7d,2025-10-08,2025-10-08,0.0,0.955,0.01,4886.0,False,False
KXCPIYOY-25SEP,KXCPIYOY-25SEP-T2.8,2.8,3d,2025-10-12,2025-10-12,0.0,0.935,0.01,1036.0,False,False
KXCPIYOY-25SEP,KXCPIYOY-25SEP-T2.8,2.8,1d,2025-10-14,2025-10-14,0.0,0.965,0.01,29116.0,False,False
KXCPIYOY-25SEP,KXCPIYOY-25SEP-T2.8,2.8,final,2025-10-15,2025-10-14,1.0,0.965,0.01,29116.0,False,False
KXCPIYOY-25SEP,KXCPIYOY-25SEP-T2.7,2.7,21d,2025-09-24,2025-09-24,0.0,0.97,0.02,0.0,False,False
KXCPIYOY-25SEP,KXCPIYOY-25SEP-T2.7,2.7,14d,2025-10-01,2025-10-01,0.0,0.975,0.01,197.0,False,False
KXCPIYOY-25SEP,KXCPIYOY-25SEP-T2.7,2.7,7d,2025-10-08,2025-10-08,0.0,0.975,0.01,1586.0,False,False
KXCPIYOY-25SEP,KXCPIYOY-25SEP-T2.7,2.7,3d,2025-10-12,2025-10-12,0.0,0.965,0.01,481.0,False,False
KXCPIYOY-25SEP,KXCPIYOY-25SEP-T2.7,2.7,1d,2025-10-14,2025-10-14,0.0,0.975,0.01,673.0,False,False
KXCPIYOY-25SEP,KXCPIYOY-25SEP-T2.7,2.7,final,2025-10-15,2025-10-14,1.0,0.975,0.01,673.0,False,False
KXCPIYOY-25SEP,KXCPIYOY-25SEP-T2.6,2.6,21d,2025-09-24,2025-09-24,0.0,0.975,0.01,205.0,False,False
KXCPIYOY-25SEP,KXCPIYOY-25SEP-T2.6,2.6,14d,2025-10-01,2025-10-01,0.0,0.985,0.03,35.0,False,False
KXCPIYOY-25SEP,KXCPIYOY-25SEP-T2.6,2.6,7d,2025-10-08,2025-10-08,0.0,0.98,0.02,472.0,False,False
KXCPIYOY-25SEP,KXCPIYOY-25SEP-T2.6,2.6,3d,2025-10-12,2025-10-12,0.0,0.99,0.02,185.0,False,False
KXCPIYOY-25SEP,KXCPIYOY-25SEP-T2.6,2.6,1d,2025-10-14,2025-10-14,0.0,0.99,0.02,0.0,False,False
KXCPIYOY-25SEP,KXCPIYOY-25SEP-T2.6,2.6,final,2025-10-15,2025-10-14,1.0,0.99,0.02,0.0,False,False
KXCPIYOY-25SEP,KXCPIYOY-25SEP-T2.5,2.5,21d,2025-09-24,2025-09-24,0.0,0.985,0.01,0.0,False,False
KXCPIYOY-25SEP,KXCPIYOY-25SEP-T2.5,2.5,14d,2025-10-01,2025-10-01,0.0,0.995,0.01,20.0,False,False
KXCPIYOY-25SEP,KXCPIYOY-25SEP-T2.5,2.5,7d,2025-10-08,2025-10-08,0.0,0.99,0.02,794.0,False,False
KXCPIYOY-25SEP,KXCPIYOY-25SEP-T2.5,2.5,3d,2025-10-12,2025-10-12,0.0,0.985,0.03,1.0,False,False
KXCPIYOY-25SEP,KXCPIYOY-25SEP-T2.5,2.5,1d,2025-10-14,2025-10-14,0.0,0.985,0.03,0.0,False,False
KXCPIYOY-25SEP,KXCPIYOY-25SEP-T2.5,2.5,final,2025-10-15,2025-10-14,1.0,0.985,0.03,0.0,False,False
KXCPIYOY-25SEP,KXCPIYOY-25SEP-T2.4,2.4,21d,2025-09-24,2025-09-24,0.0,0.995,0.01,0.0,False,False
KXCPIYOY-25SEP,KXCPIYOY-25SEP-T2.4,2.4,14d,2025-10-01,2025-10-01,0.0,0.99,0.02,0.0,False,False
KXCPIYOY-25SEP,KXCPIYOY-25SEP-T2.4,2.4,7d,2025-10-08,2025-10-08,0.0,0.99,0.02,0.0,False,False
KXCPIYOY-25SEP,KXCPIYOY-25SEP-T2.4,2.4,3d,2025-10-12,2025-10-12,0.0,0.99,0.02,0.0,False,False
KXCPIYOY-25SEP,KXCPIYOY-25SEP-T2.4,2.4,1d,2025-10-14,2025-10-14,0.0,0.99,0.02,0.0,False,False
KXCPIYOY-25SEP,KXCPIYOY-25SEP-T2.4,2.4,final,2025-10-15,2025-10-14,1.0,0.99,0.02,0.0,False,False
KXCPIYOY-25AUG,KXCPIYOY-25AUG-T3.1,3.1,21d,2025-08-21,2025-08-21,0.0,0.025,0.01,0.0,False,False
KXCPIYOY-25AUG,KXCPIYOY-25AUG-T3.1,3.1,14d,2025-08-28,2025-08-28,0.0,0.03,0.02,59.0,False,False
KXCPIYOY-25AUG,KXCPIYOY-25AUG-T3.1,3.1,7d,2025-09-04,2025-09-04,0.0,0.015,0.01,0.0,False,False
KXCPIYOY-25AUG,KXCPIYOY-25AUG-T3.1,3.1,3d,2025-09-08,2025-09-08,0.0,0.01,0.02,0.0,False,False
KXCPIYOY-25AUG,KXCPIYOY-25AUG-T3.1,3.1,1d,2025-09-10,2025-09-10,0.0,0.015,0.03,11160.0,False,False
KXCPIYOY-25AUG,KXCPIYOY-25AUG-T3.1,3.1,final,2025-09-11,2025-09-10,1.0,0.015,0.03,11160.0,False,False
KXCPIYOY-25AUG,KXCPIYOY-25AUG-T3.0,3.0,21d,2025-08-21,2025-08-21,0.0,0.045,0.01,6485.0,False,False
KXCPIYOY-25AUG,KXCPIYOY-25AUG-T3.0,3.0,14d,2025-08-28,2025-08-28,0.0,0.07,0.04,5570.0,False,False
KXCPIYOY-25AUG,KXCPIYOY-25AUG-T3.0,3.0,7d,2025-09-04,2025-09-04,0.0,0.06,0.02,55.0,False,False
KXCPIYOY-25AUG,KXCPIYOY-25AUG-T3.0,3.0,3d,2025-09-08,2025-09-08,0.0,0.035,0.01,6770.0,False,False
KXCPIYOY-25AUG,KXCPIYOY-25AUG-T3.0,3.0,1d,2025-09-10,2025-09-10,0.0,0.035,0.03,43885.0,False,False
KXCPIYOY-25AUG,KXCPIYOY-25AUG-T3.0,3.0,final,2025-09-11,2025-09-10,1.0,0.035,0.03,43885.0,False,False
KXCPIYOY-25AUG,KXCPIYOY-25AUG-T2.9,2.9,21d,2025-08-21,2025-08-21,0.0,0.165,0.01,4502.0,False,False
KXCPIYOY-25AUG,KXCPIYOY-25AUG-T2.9,2.9,14d,2025-08-28,2025-08-28,0.0,0.22,0.02,11782.0,False,False
KXCPIYOY-25AUG,KXCPIYOY-25AUG-T2.9,2.9,7d,2025-09-04,2025-09-04,0.0,0.23,0.02,21291.0,False,False
KXCPIYOY-25AUG,KXCPIYOY-25AUG-T2.9,2.9,3d,2025-09-08,2025-09-08,0.0,0.185,0.01,18251.0,False,False
KXCPIYOY-25AUG,KXCPIYOY-25AUG-T2.9,2.9,1d,2025-09-10,2025-09-10,0.0,0.225,0.03,28732.0,False,False
KXCPIYOY-25AUG,KXCPIYOY-25AUG-T2.9,2.9,final,2025-09-11,2025-09-10,1.0,0.225,0.03,28732.0,False,False
KXCPIYOY-25AUG,KXCPIYOY-25AUG-T2.8,2.8,21d,2025-08-21,2025-08-21,0.0,0.575,0.01,2347.0,False,False
KXCPIYOY-25AUG,KXCPIYOY-25AUG-T2.8,2.8,14d,2025-08-28,2025-08-28,0.0,0.63,0.02,2937.0,False,False
KXCPIYOY-25AUG,KXCPIYOY-25AUG-T2.8,2.8,7d,2025-09-04,2025-09-04,0.0,0.635,0.03,10659.0,False,False
KXCPIYOY-25AUG,KXCPIYOY-25AUG-T2.8,2.8,3d,2025-09-08,2025-09-08,0.0,0.625,0.01,9115.0,False,False
KXCPIYOY-25AUG,KXCPIYOY-25AUG-T2.8,2.8,1d,2025-09-10,2025-09-10,0.0,0.685,0.03,17799.0,False,False
KXCPIYOY-25AUG,KXCPIYOY-25AUG-T2.8,2.8,final,2025-09-11,2025-09-10,1.0,0.685,0.03,17799.0,False,False
KXCPIYOY-25AUG,KXCPIYOY-25AUG-T2.7,2.7,21d,2025-08-21,2025-08-21,0.0,0.865,0.01,4318.0,False,False
KXCPIYOY-25AUG,KXCPIYOY-25AUG-T2.7,2.7,14d,2025-08-28,2025-08-28,0.0,0.895,0.03,8009.0,False,False
KXCPIYOY-25AUG,KXCPIYOY-25AUG-T2.7,2.7,7d,2025-09-04,2025-09-04,0.0,0.92,0.02,2948.0,False,False
KXCPIYOY-25AUG,KXCPIYOY-25AUG-T2.7,2.7,3d,2025-09-08,2025-09-08,0.0,0.92,0.02,4245.0,False,False
KXCPIYOY-25AUG,KXCPIYOY-25AUG-T2.7,2.7,1d,2025-09-10,2025-09-10,0.0,0.97,0.02,39637.0,False,False
KXCPIYOY-25AUG,KXCPIYOY-25AUG-T2.7,2.7,final,2025-09-11,2025-09-10,1.0,0.97,0.02,39637.0,False,False
KXCPIYOY-25AUG,KXCPIYOY-25AUG-T2.6,2.6,21d,2025-08-21,2025-08-21,0.0,0.955,0.01,17940.0,False,False
KXCPIYOY-25AUG,KXCPIYOY-25AUG-T2.6,2.6,14d,2025-08-28,2025-08-28,0.0,0.955,0.01,150.0,False,False
KXCPIYOY-25AUG,KXCPIYOY-25AUG-T2.6,2.6,7d,2025-09-04,2025-09-04,0.0,0.96,0.02,491.0,False,False
KXCPIYOY-25AUG,KXCPIYOY-25AUG-T2.6,2.6,3d,2025-09-08,2025-09-08,0.0,0.975,0.01,3411.0,False,False
KXCPIYOY-25AUG,KXCPIYOY-25AUG-T2.6,2.6,1d,2025-09-10,2025-09-10,0.0,0.98,0.02,3761.0,False,False
KXCPIYOY-25AUG,KXCPIYOY-25AUG-T2.6,2.6,final,2025-09-11,2025-09-10,1.0,0.98,0.02,3761.0,False,False
KXCPIYOY-25AUG,KXCPIYOY-25AUG-T2.5,2.5,21d,2025-08-21,2025-08-21,0.0,0.975,0.01,4107.0,False,False
KXCPIYOY-25AUG,KXCPIYOY-25AUG-T2.5,2.5,14d,2025-08-28,2025-08-28,0.0,0.97,0.02,0.0,False,False
KXCPIYOY-25AUG,KXCPIYOY-25AUG-T2.5,2.5,7d,2025-09-04,2025-09-04,0.0,0.975,0.01,1.0,False,False
KXCPIYOY-25AUG,KXCPIYOY-25AUG-T2.5,2.5,3d,2025-09-08,2025-09-08,0.0,0.99,0.02,0.0,False,False
KXCPIYOY-25AUG,KXCPIYOY-25AUG-T2.5,2.5,1d,2025-09-10,2025-09-10,0.0,0.99,0.02,487.0,False,False
KXCPIYOY-25AUG,KXCPIYOY-25AUG-T2.5,2.5,final,2025-09-11,2025-09-10,1.0,0.99,0.02,487.0,False,False
KXCPIYOY-25AUG,KXCPIYOY-25AUG-T2.4,2.4,21d,2025-08-21,2025-08-21,0.0,0.98,0.02,521.0,False,False
KXCPIYOY-25AUG,KXCPIYOY-25AUG-T2.4,2.4,14d,2025-08-28,2025-08-28,0.0,0.99,0.02,0.0,False,False
KXCPIYOY-25AUG,KXCPIYOY-25AUG-T2.4,2.4,7d,2025-09-04,2025-09-04,0.0,0.99,0.02,0.0,False,False
KXCPIYOY-25AUG,KXCPIYOY-25AUG-T2.4,2.4,3d,2025-09-08,2025-09-08,0.0,0.99,0.02,0.0,False,False
KXCPIYOY-25AUG,KXCPIYOY-25AUG-T2.4,2.4,1d,2025-09-10,2025-09-10,0.0,0.995,0.01,30.0,False,False
KXCPIYOY-25AUG,KXCPIYOY-25AUG-T2.4,2.4,final,2025-09-11,2025-09-10,1.0,0.995,0.01,30.0,False,False
KXCPIYOY-25JUL,KXCPIYOY-25JUL-T3.1,3.1,21d,2025-07-22,2025-07-22,0.0,0.025,0.05,43.0,False,False
KXCPIYOY-25JUL,KXCPIYOY-25JUL-T3.1,3.1,14d,2025-07-29,2025-07-29,0.0,0.03,0.02,200.0,False,False
KXCPIYOY-25JUL,KXCPIYOY-25JUL-T3.1,3.1,7d,2025-08-05,2025-08-05,0.0,0.015,0.01,0.0,False,False
KXCPIYOY-25JUL,KXCPIYOY-25JUL-T3.1,3.1,3d,2025-08-09,2025-08-09,0.0,0.01,0.02,50.0,False,False
KXCPIYOY-25JUL,KXCPIYOY-25JUL-T3.1,3.1,1d,2025-08-11,2025-08-11,0.0,0.01,0.02,115.0,False,False
KXCPIYOY-25JUL,KXCPIYOY-25JUL-T3.1,3.1,final,2025-08-12,2025-08-11,1.0,0.01,0.02,115.0,False,False
KXCPIYOY-25JUL,KXCPIYOY-25JUL-T3.0,3.0,21d,2025-07-22,2025-07-22,0.0,0.055,0.03,244.0,False,False
KXCPIYOY-25JUL,KXCPIYOY-25JUL-T3.0,3.0,14d,2025-07-29,2025-07-29,0.0,0.03,0.02,300.0,False,False
KXCPIYOY-25JUL,KXCPIYOY-25JUL-T3.0,3.0,7d,2025-08-05,2025-08-05,0.0,0.02,0.02,1162.0,False,False
KXCPIYOY-25JUL,KXCPIYOY-25JUL-T3.0,3.0,3d,2025-08-09,2025-08-09,0.0,0.01,0.02,1962.0,False,False
KXCPIYOY-25JUL,KXCPIYOY-25JUL-T3.0,3.0,1d,2025-08-11,2025-08-11,0.0,0.01,0.02,688.0,False,False
KXCPIYOY-25JUL,KXCPIYOY-25JUL-T3.0,3.0,final,2025-08-12,2025-08-11,1.0,0.01,0.02,688.0,False,False
KXCPIYOY-25JUL,KXCPIYOY-25JUL-T2.9,2.9,21d,2025-07-22,2025-07-22,0.0,0.105,0.01,4041.0,False,False
KXCPIYOY-25JUL,KXCPIYOY-25JUL-T2.9,2.9,14d,2025-07-29,2025-07-29,0.0,0.095,0.03,1634.0,False,False
KXCPIYOY-25JUL,KXCPIYOY-25JUL-T2.9,2.9,7d,2025-08-05,2025-08-05,0.0,0.05,0.02,19113.0,False,False
KXCPIYOY-25JUL,KXCPIYOY-25JUL-T2.9,2.9,3d,2025-08-09,2025-08-09,0.0,0.035,0.03,2433.0,False,False
KXCPIYOY-25JUL,KXCPIYOY-25JUL-T2.9,2.9,1d,2025-08-11,2025-08-11,0.0,0.025,0.01,26242.0,False,False
KXCPIYOY-25JUL,KXCPIYOY-25JUL-T2.9,2.9,final,2025-08-12,2025-08-11,1.0,0.025,0.01,26242.0,False,False
KXCPIYOY-25JUL,KXCPIYOY-25JUL-T2.8,2.8,21d,2025-07-22,2025-07-22,0.0,0.255,0.01,6476.0,False,False
KXCPIYOY-25JUL,KXCPIYOY-25JUL-T2.8,2.8,14d,2025-07-29,2025-07-29,0.0,0.24,0.04,1316.0,False,False
KXCPIYOY-25JUL,KXCPIYOY-25JUL-T2.8,2.8,7d,2025-08-05,2025-08-05,0.0,0.21,0.02,19762.0,False,False
KXCPIYOY-25JUL,KXCPIYOY-25JUL-T2.8,2.8,3d,2025-08-09,2025-08-09,0.0,0.165,0.01,10826.0,False,False
KXCPIYOY-25JUL,KXCPIYOY-25JUL-T2.8,2.8,1d,2025-08-11,2025-08-11,0.0,0.205,0.01,10695.0,False,False
KXCPIYOY-25JUL,KXCPIYOY-25JUL-T2.8,2.8,final,2025-08-12,2025-08-11,1.0,0.205,0.01,10695.0,False,False
KXCPIYOY-25JUL,KXCPIYOY-25JUL-T2.7,2.7,21d,2025-07-22,2025-07-22,0.0,0.645,0.01,10389.0,False,False
KXCPIYOY-25JUL,KXCPIYOY-25JUL-T2.7,2.7,14d,2025-07-29,2025-07-29,0.0,0.61,0.04,6248.0,False,False
KXCPIYOY-25JUL,KXCPIYOY-25JUL-T2.7,2.7,7d,2025-08-05,2025-08-05,0.0,0.67,0.02,22333.0,False,False
KXCPIYOY-25JUL,KXCPIYOY-25JUL-T2.7,2.7,3d,2025-08-09,2025-08-09,0.0,0.57,0.02,30303.0,False,False
KXCPIYOY-25JUL,KXCPIYOY-25JUL-T2.7,2.7,1d,2025-08-11,2025-08-11,0.0,0.665,0.05,21536.0,False,False
KXCPIYOY-25JUL,KXCPIYOY-25JUL-T2.7,2.7,final,2025-08-12,2025-08-11,1.0,0.665,0.05,21536.0,False,False
KXCPIYOY-25JUL,KXCPIYOY-25JUL-T2.6,2.6,21d,2025-07-22,2025-07-22,0.0,0.9,0.04,25541.0,False,False
KXCPIYOY-25JUL,KXCPIYOY-25JUL-T2.6,2.6,14d,2025-07-29,2025-07-29,0.0,0.89,0.02,3683.0,False,False
KXCPIYOY-25JUL,KXCPIYOY-25JUL-T2.6,2.6,7d,2025-08-05,2025-08-05,0.0,0.89,0.02,43830.0,False,False
KXCPIYOY-25JUL,KXCPIYOY-25JUL-T2.6,2.6,3d,2025-08-09,2025-08-09,0.0,0.91,0.02,8414.0,False,False
KXCPIYOY-25JUL,KXCPIYOY-25JUL-T2.6,2.6,1d,2025-08-11,2025-08-11,0.0,0.935,0.03,2605.0,False,False
KXCPIYOY-25JUL,KXCPIYOY-25JUL-T2.6,2.6,final,2025-08-12,2025-08-11,1.0,0.935,0.03,2605.0,False,False
KXCPIYOY-25JUL,KXCPIYOY-25JUL-T2.5,2.5,21d,2025-07-22,2025-07-22,0.0,0.955,0.05,218.0,False,False
KXCPIYOY-25JUL,KXCPIYOY-25JUL-T2.5,2.5,14d,2025-07-29,2025-07-29,0.0,0.955,0.03,356.0,False,False
KXCPIYOY-25JUL,KXCPIYOY-25JUL-T2.5,2.5,7d,2025-08-05,2025-08-05,0.0,0.965,0.03,893.0,False,False
KXCPIYOY-25JUL,KXCPIYOY-25JUL-T2.5,2.5,3d,2025-08-09,2025-08-09,0.0,0.98,0.02,1507.0,False,False
KXCPIYOY-25JUL,KXCPIYOY-25JUL-T2.5,2.5,1d,2025-08-11,2025-08-11,0.0,0.99,0.02,1314.0,False,False
KXCPIYOY-25JUL,KXCPIYOY-25JUL-T2.5,2.5,final,2025-08-12,2025-08-11,1.0,0.99,0.02,1314.0,False,False
KXCPIYOY-25JUL,KXCPIYOY-25JUL-T2.4,2.4,21d,2025-07-22,2025-07-22,0.0,0.97,0.02,1278.0,False,False
KXCPIYOY-25JUL,KXCPIYOY-25JUL-T2.4,2.4,14d,2025-07-29,2025-07-29,0.0,0.965,0.03,15.0,False,False
KXCPIYOY-25JUL,KXCPIYOY-25JUL-T2.4,2.4,7d,2025-08-05,2025-08-05,0.0,0.98,0.02,457.0,False,False
KXCPIYOY-25JUL,KXCPIYOY-25JUL-T2.4,2.4,3d,2025-08-09,2025-08-09,0.0,0.99,0.02,1839.0,False,False
KXCPIYOY-25JUL,KXCPIYOY-25JUL-T2.4,2.4,1d,2025-08-11,2025-08-11,0.0,0.99,0.02,1453.0,False,False
KXCPIYOY-25JUL,KXCPIYOY-25JUL-T2.4,2.4,final,2025-08-12,2025-08-11,1.0,0.99,0.02,1453.0,False,False
KXCPIYOY-25JUN,KXCPIYOY-25JUN-T3.4,3.4,21d,2025-06-24,2025-06-24,0.0,0.015,0.03,0.0,False,False
KXCPIYOY-25JUN,KXCPIYOY-25JUN-T3.4,3.4,14d,2025-07-01,2025-07-01,0.0,0.02,0.04,1.0,False,False
KXCPIYOY-25JUN,KXCPIYOY-25JUN-T3.4,3.4,7d,2025-07-08,2025-07-08,0.0,0.015,0.03,0.0,False,False
KXCPIYOY-25JUN,KXCPIYOY-25JUN-T3.4,3.4,3d,2025-07-12,2025-07-12,0.0,0.01,0.02,0.0,False,False
KXCPIYOY-25JUN,KXCPIYOY-25JUN-T3.4,3.4,1d,2025-07-14,2025-07-14,0.0,0.005,0.01,0.0,False,False
KXCPIYOY-25JUN,KXCPIYOY-25JUN-T3.4,3.4,final,2025-07-15,2025-07-14,1.0,0.005,0.01,0.0,False,False
KXCPIYOY-25JUN,KXCPIYOY-25JUN-T3.3,3.3,21d,2025-06-24,2025-06-24,0.0,0.015,0.03,0.0,False,False
KXCPIYOY-25JUN,KXCPIYOY-25JUN-T3.3,3.3,14d,2025-07-01,2025-07-01,0.0,0.015,0.03,0.0,False,False
KXCPIYOY-25JUN,KXCPIYOY-25JUN-T3.3,3.3,7d,2025-07-08,2025-07-08,0.0,0.015,0.03,0.0,False,False
KXCPIYOY-25JUN,KXCPIYOY-25JUN-T3.3,3.3,3d,2025-07-12,2025-07-12,0.0,0.01,0.02,0.0,False,False
KXCPIYOY-25JUN,KXCPIYOY-25JUN-T3.3,3.3,1d,2025-07-14,2025-07-14,0.0,0.005,0.01,0.0,False,False
KXCPIYOY-25JUN,KXCPIYOY-25JUN-T3.3,3.3,final,2025-07-15,2025-07-14,1.0,0.005,0.01,0.0,False,False
KXCPIYOY-25JUN,KXCPIYOY-25JUN-T3.2,3.2,21d,2025-06-24,2025-06-24,0.0,0.02,0.04,213.0,False,False
KXCPIYOY-25JUN,KXCPIYOY-25JUN-T3.2,3.2,14d,2025-07-01,2025-07-01,0.0,0.03,0.02,0.0,False,False
KXCPIYOY-25JUN,KXCPIYOY-25JUN-T3.2,3.2,7d,2025-07-08,2025-07-08,0.0,0.015,0.03,0.0,False,False
KXCPIYOY-25JUN,KXCPIYOY-25JUN-T3.2,3.2,3d,2025-07-12,2025-07-12,0.0,0.01,0.02,0.0,False,False
KXCPIYOY-25JUN,KXCPIYOY-25JUN-T3.2,3.2,1d,2025-07-14,2025-07-14,0.0,0.005,0.01,0.0,False,False
KXCPIYOY-25JUN,KXCPIYOY-25JUN-T3.2,3.2,final,2025-07-15,2025-07-14,1.0,0.005,0.01,0.0,False,False
KXCPIYOY-25JUN,KXCPIYOY-25JUN-T3.1,3.1,21d,2025-06-24,2025-06-24,0.0,0.015,0.03,205.0,False,False
KXCPIYOY-25JUN,KXCPIYOY-25JUN-T3.1,3.1,14d,2025-07-01,2025-07-01,0.0,0.025,0.01,0.0,False,False
KXCPIYOY-25JUN,KXCPIYOY-25JUN-T3.1,3.1,7d,2025-07-08,2025-07-08,0.0,0.01,0.02,286.0,False,False
KXCPIYOY-25JUN,KXCPIYOY-25JUN-T3.1,3.1,3d,2025-07-12,2025-07-12,0.0,0.01,0.02,0.0,False,False
KXCPIYOY-25JUN,KXCPIYOY-25JUN-T3.1,3.1,1d,2025-07-14,2025-07-14,0.0,0.005,0.01,0.0,False,False
KXCPIYOY-25JUN,KXCPIYOY-25JUN-T3.1,3.1,final,2025-07-15,2025-07-14,1.0,0.005,0.01,0.0,False,False
KXCPIYOY-25JUN,KXCPIYOY-25JUN-T3.0,3.0,21d,2025-06-24,2025-06-24,0.0,0.02,0.02,313.0,False,False
KXCPIYOY-25JUN,KXCPIYOY-25JUN-T3.0,3.0,14d,2025-07-01,2025-07-01,0.0,0.035,0.03,1.0,False,False
KXCPIYOY-25JUN,KXCPIYOY-25JUN-T3.0,3.0,7d,2025-07-08,2025-07-08,0.0,0.03,0.04,150.0,False,False
KXCPIYOY-25JUN,KXCPIYOY-25JUN-T3.0,3.0,3d,2025-07-12,2025-07-12,0.0,0.015,0.01,309.0,False,False
KXCPIYOY-25JUN,KXCPIYOY-25JUN-T3.0,3.0,1d,2025-07-14,2025-07-14,0.0,0.015,0.01,0.0,False,False
KXCPIYOY-25JUN,KXCPIYOY-25JUN-T3.0,3.0,final,2025-07-15,2025-07-14,1.0,0.015,0.01,0.0,False,False
KXCPIYOY-25JUN,KXCPIYOY-25JUN-T2.9,2.9,21d,2025-06-24,2025-06-24,0.0,0.035,0.01,147.0,False,False
KXCPIYOY-25JUN,KXCPIYOY-25JUN-T2.9,2.9,14d,2025-07-01,2025-07-01,0.0,0.03,0.02,94.0,False,False
KXCPIYOY-25JUN,KXCPIYOY-25JUN-T2.9,2.9,7d,2025-07-08,2025-07-08,0.0,0.03,0.02,202.0,False,False
KXCPIYOY-25JUN,KXCPIYOY-25JUN-T2.9,2.9,3d,2025-07-12,2025-07-12,0.0,0.015,0.01,441.0,False,False
KXCPIYOY-25JUN,KXCPIYOY-25JUN-T2.9,2.9,1d,2025-07-14,2025-07-14,0.0,0.02,0.02,3500.0,False,False
KXCPIYOY-25JUN,KXCPIYOY-25JUN-T2.9,2.9,final,2025-07-15,2025-07-14,1.0,0.02,0.02,3500.0,False,False
KXCPIYOY-25JUN,KXCPIYOY-25JUN-T2.8,2.8,21d,2025-06-24,2025-06-24,0.0,0.1,0.06,1020.0,False,False
KXCPIYOY-25JUN,KXCPIYOY-25JUN-T2.8,2.8,14d,2025-07-01,2025-07-01,0.0,0.05,0.02,447.0,False,False
KXCPIYOY-25JUN,KXCPIYOY-25JUN-T2.8,2.8,7d,2025-07-08,2025-07-08,0.0,0.05,0.02,3340.0,False,False
KXCPIYOY-25JUN,KXCPIYOY-25JUN-T2.8,2.8,3d,2025-07-12,2025-07-12,0.0,0.045,0.01,3585.0,False,False
KXCPIYOY-25JUN,KXCPIYOY-25JUN-T2.8,2.8,1d,2025-07-14,2025-07-14,0.0,0.035,0.01,5962.0,False,False
KXCPIYOY-25JUN,KXCPIYOY-25JUN-T2.8,2.8,final,2025-07-15,2025-07-14,1.0,0.035,0.01,5962.0,False,False
KXCPIYOY-25JUN,KXCPIYOY-25JUN-T2.7,2.7,21d,2025-06-24,2025-06-24,0.0,0.13,0.02,10091.0,False,False
KXCPIYOY-25JUN,KXCPIYOY-25JUN-T2.7,2.7,14d,2025-07-01,2025-07-01,0.0,0.15,0.04,3571.0,False,False
KXCPIYOY-25JUN,KXCPIYOY-25JUN-T2.7,2.7,7d,2025-07-08,2025-07-08,0.0,0.08,0.02,604.0,False,False
KXCPIYOY-25JUN,KXCPIYOY-25JUN-T2.7,2.7,3d,2025-07-12,2025-07-12,0.0,0.085,0.01,9802.0,False,False
KXCPIYOY-25JUN,KXCPIYOY-25JUN-T2.7,2.7,1d,2025-07-14,2025-07-14,0.0,0.075,0.01,20742.0,False,False
KXCPIYOY-25JUN,KXCPIYOY-25JUN-T2.7,2.7,final,2025-07-15,2025-07-14,1.0,0.075,0.01,20742.0,False,False
KXCPIYOY-25JUN,KXCPIYOY-25JUN-T2.6,2.6,21d,2025-06-24,2025-06-24,0.0,0.31,0.04,33567.0,False,False
KXCPIYOY-25JUN,KXCPIYOY-25JUN-T2.6,2.6,14d,2025-07-01,2025-07-01,0.0,0.37,0.04,21299.0,False,False
KXCPIYOY-25JUN,KXCPIYOY-25JUN-T2.6,2.6,7d,2025-07-08,2025-07-08,0.0,0.29,0.06,28946.0,False,False
KXCPIYOY-25JUN,KXCPIYOY-25JUN-T2.6,2.6,3d,2025-07-12,2025-07-12,0.0,0.375,0.03,65252.0,False,False
KXCPIYOY-25JUN,KXCPIYOY-25JUN-T2.6,2.6,1d,2025-07-14,2025-07-14,0.0,0.34,0.02,17002.0,False,False
KXCPIYOY-25JUN,KXCPIYOY-25JUN-T2.6,2.6,final,2025-07-15,2025-07-14,1.0,0.34,0.02,17002.0,False,False
KXCPIYOY-25JUN,KXCPIYOY-25JUN-T2.5,2.5,21d,2025-06-24,2025-06-24,0.0,0.71,0.02,12840.0,False,False
KXCPIYOY-25JUN,KXCPIYOY-25JUN-T2.5,2.5,14d,2025-07-01,2025-07-01,0.0,0.715,0.03,19516.0,False,False
KXCPIYOY-25JUN,KXCPIYOY-25JUN-T2.5,2.5,7d,2025-07-08,2025-07-08,0.0,0.695,0.03,17178.0,False,False
KXCPIYOY-25JUN,KXCPIYOY-25JUN-T2.5,2.5,3d,2025-07-12,2025-07-12,0.0,0.75,0.02,11069.0,False,False
KXCPIYOY-25JUN,KXCPIYOY-25JUN-T2.5,2.5,1d,2025-07-14,2025-07-14,0.0,0.71,0.02,55034.0,False,False
KXCPIYOY-25JUN,KXCPIYOY-25JUN-T2.5,2.5,final,2025-07-15,2025-07-14,1.0,0.71,0.02,55034.0,False,False
KXCPIYOY-25JUN,KXCPIYOY-25JUN-T2.4,2.4,21d,2025-06-24,2025-06-24,0.0,0.875,0.01,9196.0,False,False
KXCPIYOY-25JUN,KXCPIYOY-25JUN-T2.4,2.4,14d,2025-07-01,2025-07-01,0.0,0.885,0.03,8265.0,False,False
KXCPIYOY-25JUN,KXCPIYOY-25JUN-T2.4,2.4,7d,2025-07-08,2025-07-08,0.0,0.915,0.01,11589.0,False,False
KXCPIYOY-25JUN,KXCPIYOY-25JUN-T2.4,2.4,3d,2025-07-12,2025-07-12,0.0,0.92,0.02,7846.0,False,False
KXCPIYOY-25JUN,KXCPIYOY-25JUN-T2.4,2.4,1d,2025-07-14,2025-07-14,0.0,0.91,0.02,16031.0,False,False
KXCPIYOY-25JUN,KXCPIYOY-25JUN-T2.4,2.4,final,2025-07-15,2025-07-14,1.0,0.91,0.02,16031.0,False,False
KXCPIYOY-25MAY,KXCPIYOY-25MAY-T2.1,2.1,21d,2025-05-21,2025-05-21,0.0,0.965,0.01,12394.0,False,False
KXCPIYOY-25MAY,KXCPIYOY-25MAY-T2.1,2.1,14d,2025-05-28,2025-05-28,0.0,0.965,0.01,1776.0,False,False
KXCPIYOY-25MAY,KXCPIYOY-25MAY-T2.1,2.1,7d,2025-06-04,2025-06-04,0.0,0.965,0.01,4576.0,False,False
KXCPIYOY-25MAY,KXCPIYOY-25MAY-T2.1,2.1,3d,2025-06-08,2025-06-08,0.0,0.97,0.02,451.0,False,False
KXCPIYOY-25MAY,KXCPIYOY-25MAY-T2.1,2.1,1d,2025-06-10,2025-06-10,0.0,0.98,0.02,11743.0,False,False
KXCPIYOY-25MAY,KXCPIYOY-25MAY-T2.1,2.1,final,2025-06-11,2025-06-10,1.0,0.98,0.02,11743.0,False,False
KXCPIYOY-25MAY,KXCPIYOY-25MAY-T2.3,2.3,21d,2025-05-21,2025-05-21,0.0,0.855,0.01,29410.0,False,False
KXCPIYOY-25MAY,KXCPIYOY-25MAY-T2.3,2.3,14d,2025-05-28,2025-05-28,0.0,0.805,0.01,16893.0,False,False
KXCPIYOY-25MAY,KXCPIYOY-25MAY-T2.3,2.3,7d,2025-06-04,2025-06-04,0.0,0.795,0.01,3099.0,False,False
KXCPIYOY-25MAY,KXCPIYOY-25MAY-T2.3,2.3,3d,2025-06-08,2025-06-08,0.0,0.755,0.03,9060.0,False,False
KXCPIYOY-25MAY,KXCPIYOY-25MAY-T2.3,2.3,1d,2025-06-10,2025-06-10,0.0,0.795,0.01,37168.0,False,False
KXCPIYOY-25MAY,KXCPIYOY-25MAY-T2.3,2.3,final,2025-06-11,2025-06-10,1.0,0.795,0.01,37168.0,False,False
KXCPIYOY-25MAY,KXCPIYOY-25MAY-T2.2,2.2,21d,2025-05-21,2025-05-21,0.0,0.945,0.01,10982.0,False,False
KXCPIYOY-25MAY,KXCPIYOY-25MAY-T2.2,2.2,14d,2025-05-28,2025-05-28,0.0,0.935,0.01,4847.0,False,False
KXCPIYOY-25MAY,KXCPIYOY-25MAY-T2.2,2.2,7d,2025-06-04,2025-06-04,0.0,0.935,0.01,3167.0,False,False
KXCPIYOY-25MAY,KXCPIYOY-25MAY-T2.2,2.2,3d,2025-06-08,2025-06-08,0.0,0.91,0.02,3744.0,False,False
KXCPIYOY-25MAY,KXCPIYOY-25MAY-T2.2,2.2,1d,2025-06-10,2025-06-10,0.0,0.955,0.01,30328.0,False,False
KXCPIYOY-25MAY,KXCPIYOY-25MAY-T2.2,2.2,final,2025-06-11,2025-06-10,1.0,0.955,0.01,30328.0,False,False
KXCPIYOY-25MAY,KXCPIYOY-25MAY-T3.1,3.1,21d,2025-05-21,2025-05-21,0.0,0.02,0.02,2.0,False,False
KXCPIYOY-25MAY,KXCPIYOY-25MAY-T3.1,3.1,14d,2025-05-28,2025-05-28,0.0,0.02,0.02,150.0,False,False
KXCPIYOY-25MAY,KXCPIYOY-25MAY-T3.1,3.1,7d,2025-06-04,2025-06-04,0.0,0.005,0.01,100.0,False,False
KXCPIYOY-25MAY,KXCPIYOY-25MAY-T3.1,3.1,3d,2025-06-08,2025-06-08,0.0,0.01,0.02,100.0,False,False
KXCPIYOY-25MAY,KXCPIYOY-25MAY-T3.1,3.1,1d,2025-06-10,2025-06-10,0.0,0.01,0.02,293.0,False,False
KXCPIYOY-25MAY,KXCPIYOY-25MAY-T3.1,3.1,final,2025-06-11,2025-06-10,1.0,0.01,0.02,293.0,False,False
KXCPIYOY-25MAY,KXCPIYOY-25MAY-T3.0,3.0,21d,2025-05-21,2025-05-21,0.0,0.025,0.03,193.0,False,False
KXCPIYOY-25MAY,KXCPIYOY-25MAY-T3.0,3.0,14d,2025-05-28,2025-05-28,0.0,0.02,0.02,10.0,False,False
KXCPIYOY-25MAY,KXCPIYOY-25MAY-T3.0,3.0,7d,2025-06-04,2025-06-04,0.0,0.005,0.01,1.0,False,False
KXCPIYOY-25MAY,KXCPIYOY-25MAY-T3.0,3.0,3d,2025-06-08,2025-06-08,0.0,0.005,0.01,700.0,False,False
KXCPIYOY-25MAY,KXCPIYOY-25MAY-T3.0,3.0,1d,2025-06-10,2025-06-10,0.0,0.01,0.02,69.0,False,False
KXCPIYOY-25MAY,KXCPIYOY-25MAY-T3.0,3.0,final,2025-06-11,2025-06-10,1.0,0.01,0.02,69.0,False,False
KXCPIYOY-25MAY,KXCPIYOY-25MAY-T2.9,2.9,21d,2025-05-21,2025-05-21,0.0,0.035,0.03,0.0,False,False
KXCPIYOY-25MAY,KXCPIYOY-25MAY-T2.9,2.9,14d,2025-05-28,2025-05-28,0.0,0.02,0.02,0.0,False,False
KXCPIYOY-25MAY,KXCPIYOY-25MAY-T2.9,2.9,7d,2025-06-04,2025-06-04,0.0,0.01,0.02,588.0,False,False
KXCPIYOY-25MAY,KXCPIYOY-25MAY-T2.9,2.9,3d,2025-06-08,2025-06-08,0.0,0.005,0.01,5600.0,False,False
KXCPIYOY-25MAY,KXCPIYOY-25MAY-T2.9,2.9,1d,2025-06-10,2025-06-10,0.0,0.005,0.01,671.0,False,False
KXCPIYOY-25MAY,KXCPIYOY-25MAY-T2.9,2.9,final,2025-06-11,2025-06-10,1.0,0.005,0.01,671.0,False,False
KXCPIYOY-25MAY,KXCPIYOY-25MAY-T2.8,2.8,21d,2025-05-21,2025-05-21,0.0,0.04,0.04,2000.0,False,False
KXCPIYOY-25MAY,KXCPIYOY-25MAY-T2.8,2.8,14d,2025-05-28,2025-05-28,0.0,0.035,0.03,5800.0,False,False
KXCPIYOY-25MAY,KXCPIYOY-25MAY-T2.8,2.8,7d,2025-06-04,2025-06-04,0.0,0.015,0.01,30.0,False,False
KXCPIYOY-25MAY,KXCPIYOY-25MAY-T2.8,2.8,3d,2025-06-08,2025-06-08,0.0,0.01,0.02,3550.0,False,False
KXCPIYOY-25MAY,KXCPIYOY-25MAY-T2.8,2.8,1d,2025-06-10,2025-06-10,0.0,0.01,0.02,0.0,False,False
KXCPIYOY-25MAY,KXCPIYOY-25MAY-T2.8,2.8,final,2025-06-11,2025-06-10,1.0,0.01,0.02,0.0,False,False
KXCPIYOY-25MAY,KXCPIYOY-25MAY-T2.7,2.7,21d,2025-05-21,2025-05-21,0.0,0.045,0.01,3179.0,False,False
KXCPIYOY-25MAY,KXCPIYOY-25MAY-T2.7,2.7,14d,2025-05-28,2025-05-28,0.0,0.06,0.04,2430.0,False,False
KXCPIYOY-25MAY,KXCPIYOY-25MAY-T2.7,2.7,7d,2025-06-04,2025-06-04,0.0,0.025,0.01,20.0,False,False
KXCPIYOY-25MAY,KXCPIYOY-25MAY-T2.7,2.7,3d,2025-06-08,2025-06-08,0.0,0.03,0.02,3941.0,False,False
KXCPIYOY-25MAY,KXCPIYOY-25MAY-T2.7,2.7,1d,2025-06-10,2025-06-10,0.0,0.01,0.02,563.0,False,False
KXCPIYOY-25MAY,KXCPIYOY-25MAY-T2.7,2.7,final,2025-06-11,2025-06-10,1.0,0.01,0.02,563.0,False,False
KXCPIYOY-25MAY,KXCPIYOY-25MAY-T2.6,2.6,21d,2025-05-21,2025-05-21,0.0,0.105,0.01,378.0,False,False
KXCPIYOY-25MAY,KXCPIYOY-25MAY-T2.6,2.6,14d,2025-05-28,2025-05-28,0.0,0.095,0.01,19193.0,False,False
KXCPIYOY-25MAY,KXCPIYOY-25MAY-T2.6,2.6,7d,2025-06-04,2025-06-04,0.0,0.055,0.01,829.0,False,False
KXCPIYOY-25MAY,KXCPIYOY-25MAY-T2.6,2.6,3d,2025-06-08,2025-06-08,0.0,0.03,0.02,6602.0,False,False
KXCPIYOY-25MAY,KXCPIYOY-25MAY-T2.6,2.6,1d,2025-06-10,2025-06-10,0.0,0.015,0.01,10724.0,False,False
KXCPIYOY-25MAY,KXCPIYOY-25MAY-T2.6,2.6,final,2025-06-11,2025-06-10,1.0,0.015,0.01,10724.0,False,False
KXCPIYOY-25MAY,KXCPIYOY-25MAY-T2.5,2.5,21d,2025-05-21,2025-05-21,0.0,0.3,0.02,1088.0,False,False
KXCPIYOY-25MAY,KXCPIYOY-25MAY-T2.5,2.5,14d,2025-05-28,2025-05-28,0.0,0.235,0.01,57642.0,False,False
KXCPIYOY-25MAY,KXCPIYOY-25MAY-T2.5,2.5,7d,2025-06-04,2025-06-04,0.0,0.19,0.02,3808.0,False,False
KXCPIYOY-25MAY,KXCPIYOY-25MAY-T2.5,2.5,3d,2025-06-08,2025-06-08,0.0,0.13,0.02,4957.0,False,False
KXCPIYOY-25MAY,KXCPIYOY-25MAY-T2.5,2.5,1d,2025-06-10,2025-06-10,0.0,0.065,0.03,53165.0,False,False
KXCPIYOY-25MAY,KXCPIYOY-25MAY-T2.5,2.5,final,2025-06-11,2025-06-10,1.0,0.065,0.03,53165.0,False,False
KXCPIYOY-25MAY,KXCPIYOY-25MAY-T2.4,2.4,21d,2025-05-21,2025-05-21,0.0,0.655,0.01,13200.0,False,False
KXCPIYOY-25MAY,KXCPIYOY-25MAY-T2.4,2.4,14d,2025-05-28,2025-05-28,0.0,0.545,0.01,26656.0,False,False
KXCPIYOY-25MAY,KXCPIYOY-25MAY-T2.4,2.4,7d,2025-06-04,2025-06-04,0.0,0.495,0.01,16023.0,False,False
KXCPIYOY-25MAY,KXCPIYOY-25MAY-T2.4,2.4,3d,2025-06-08,2025-06-08,0.0,0.42,0.02,8057.0,False,False
KXCPIYOY-25MAY,KXCPIYOY-25MAY-T2.4,2.4,1d,2025-06-10,2025-06-10,0.0,0.345,0.03,24539.0,False,False
KXCPIYOY-25MAY,KXCPIYOY-25MAY-T2.4,2.4,final,2025-06-11,2025-06-10,1.0,0.345,0.03,24539.0,False,False
KXCPIYOY-25APR,KXCPIYOY-25APR-T2.2,2.2,21d,2025-04-22,2025-04-22,0.0,0.815,0.01,102958.0,False,False
KXCPIYOY-25APR,KXCPIYOY-25APR-T2.2,2.2,14d,2025-04-29,2025-04-29,0.0,0.805,0.01,85839.0,False,False
KXCPIYOY-25APR,KXCPIYOY-25APR-T2.2,2.2,7d,2025-05-06,2025-05-06,0.0,0.9,0.02,114799.0,False,False
KXCPIYOY-25APR,KXCPIYOY-25APR-T2.2,2.2,3d,2025-05-10,2025-05-10,0.0,0.875,0.01,115000.0,False,False
KXCPIYOY-25APR,KXCPIYOY-25APR-T2.2,2.2,1d,2025-05-12,2025-05-12,0.0,0.89,0.02,47353.0,False,False
KXCPIYOY-25APR,KXCPIYOY-25APR-T2.2,2.2,final,2025-05-13,2025-05-12,1.0,0.89,0.02,47353.0,False,False
KXCPIYOY-25APR,KXCPIYOY-25APR-T2.3,2.3,21d,2025-04-22,2025-04-22,0.0,0.55,0.02,45670.0,False,False
KXCPIYOY-25APR,KXCPIYOY-25APR-T2.3,2.3,14d,2025-04-29,2025-04-29,0.0,0.555,0.03,100306.0,False,False
KXCPIYOY-25APR,KXCPIYOY-25APR-T2.3,2.3,7d,2025-05-06,2025-05-06,0.0,0.63,0.04,43093.0,False,False
KXCPIYOY-25APR,KXCPIYOY-25APR-T2.3,2.3,3d,2025-05-10,2025-05-10,0.0,0.63,0.02,54554.0,False,False
KXCPIYOY-25APR,KXCPIYOY-25APR-T2.3,2.3,1d,2025-05-12,2025-05-12,0.0,0.6,0.04,39352.0,False,False
KXCPIYOY-25APR,KXCPIYOY-25APR-T2.3,2.3,final,2025-05-13,2025-05-12,1.0,0.6,0.04,39352.0,False,False
KXCPIYOY-25APR,KXCPIYOY-25APR-T3.1,3.1,21d,2025-04-22,2025-04-22,0.0,0.025,0.03,8860.0,False,False
KXCPIYOY-25APR,KXCPIYOY-25APR-T3.1,3.1,14d,2025-04-29,2025-04-29,0.0,0.025,0.03,2737.0,False,False
KXCPIYOY-25APR,KXCPIYOY-25APR-T3.1,3.1,7d,2025-05-06,2025-05-06,0.0,0.02,0.02,1002.0,False,False
KXCPIYOY-25APR,KXCPIYOY-25APR-T3.1,3.1,3d,2025-05-10,2025-05-10,0.0,0.015,0.01,7680.0,False,False
KXCPIYOY-25APR,KXCPIYOY-25APR-T3.1,3.1,1d,2025-05-12,2025-05-12,0.0,0.005,0.01,69.0,False,False
KXCPIYOY-25APR,KXCPIYOY-25APR-T3.1,3.1,final,2025-05-13,2025-05-12,1.0,0.005,0.01,69.0,False,False
KXCPIYOY-25APR,KXCPIYOY-25APR-T3.0,3.0,21d,2025-04-22,2025-04-22,0.0,0.03,0.02,9226.0,False,False
KXCPIYOY-25APR,KXCPIYOY-25APR-T3.0,3.0,14d,2025-04-29,2025-04-29,0.0,0.04,0.02,1965.0,False,False
KXCPIYOY-25APR,KXCPIYOY-25APR-T3.0,3.0,7d,2025-05-06,2025-05-06,0.0,0.02,0.02,4451.0,False,False
KXCPIYOY-25APR,KXCPIYOY-25APR-T3.0,3.0,3d,2025-05-10,2025-05-10,0.0,0.015,0.01,707.0,False,False
KXCPIYOY-25APR,KXCPIYOY-25APR-T3.0,3.0,1d,2025-05-12,2025-05-12,0.0,0.01,0.02,320.0,False,False
KXCPIYOY-25APR,KXCPIYOY-25APR-T3.0,3.0,final,2025-05-13,2025-05-12,1.0,0.01,0.02,320.0,False,False
KXCPIYOY-25APR,KXCPIYOY-25APR-T2.9,2.9,21d,2025-04-22,2025-04-22,0.0,0.04,0.04,221.0,False,False
KXCPIYOY-25APR,KXCPIYOY-25APR-T2.9,2.9,14d,2025-04-29,2025-04-29,0.0,0.04,0.02,7367.0,False,False
KXCPIYOY-25APR,KXCPIYOY-25APR-T2.9,2.9,7d,2025-05-06,2025-05-06,0.0,0.02,0.02,2947.0,False,False
KXCPIYOY-25APR,KXCPIYOY-25APR-T2.9,2.9,3d,2025-05-10,2025-05-10,0.0,0.015,0.01,1448.0,False,False
KXCPIYOY-25APR,KXCPIYOY-25APR-T2.9,2.9,1d,2025-05-12,2025-05-12,0.0,0.01,0.02,520.0,False,False
KXCPIYOY-25APR,KXCPIYOY-25APR-T2.9,2.9,final,2025-05-13,2025-05-12,1.0,0.01,0.02,520.0,False,False
KXCPIYOY-25APR,KXCPIYOY-25APR-T2.8,2.8,21d,2025-04-22,2025-04-22,0.0,0.055,0.05,8382.0,False,False
KXCPIYOY-25APR,KXCPIYOY-25APR-T2.8,2.8,14d,2025-04-29,2025-04-29,0.0,0.055,0.01,6438.0,False,False
KXCPIYOY-25APR,KXCPIYOY-25APR-T2.8,2.8,7d,2025-05-06,2025-05-06,0.0,0.025,0.03,2016.0,False,False
KXCPIYOY-25APR,KXCPIYOY-25APR-T2.8,2.8,3d,2025-05-10,2025-05-10,0.0,0.035,0.01,6683.0,False,False
KXCPIYOY-25APR,KXCPIYOY-25APR-T2.8,2.8,1d,2025-05-12,2025-05-12,0.0,0.025,0.01,2443.0,False,False
KXCPIYOY-25APR,KXCPIYOY-25APR-T2.8,2.8,final,2025-05-13,2025-05-12,1.0,0.025,0.01,2443.0,False,False
KXCPIYOY-25APR,KXCPIYOY-25APR-T2.7,2.7,21d,2025-04-22,2025-04-22,0.0,0.07,0.04,8861.0,False,False
KXCPIYOY-25APR,KXCPIYOY-25APR-T2.7,2.7,14d,2025-04-29,2025-04-29,0.0,0.055,0.03,10610.0,False,False
KXCPIYOY-25APR,KXCPIYOY-25APR-T2.7,2.7,7d,2025-05-06,2025-05-06,0.0,0.04,0.02,6807.0,False,False
KXCPIYOY-25APR,KXCPIYOY-25APR-T2.7,2.7,3d,2025-05-10,2025-05-10,0.0,0.045,0.01,11367.0,False,False
KXCPIYOY-25APR,KXCPIYOY-25APR-T2.7,2.7,1d,2025-05-12,2025-05-12,0.0,0.03,0.02,7451.0,False,False
KXCPIYOY-25APR,KXCPIYOY-25APR-T2.7,2.7,final,2025-05-13,2025-05-12,1.0,0.03,0.02,7451.0,False,False
KXCPIYOY-25APR,KXCPIYOY-25APR-T2.6,2.6,21d,2025-04-22,2025-04-22,0.0,0.07,0.04,80628.0,False,False
KXCPIYOY-25APR,KXCPIYOY-25APR-T2.6,2.6,14d,2025-04-29,2025-04-29,0.0,0.06,0.02,49200.0,False,False
KXCPIYOY-25APR,KXCPIYOY-25APR-T2.6,2.6,7d,2025-05-06,2025-05-06,0.0,0.05,0.02,56723.0,False,False
KXCPIYOY-25APR,KXCPIYOY-25APR-T2.6,2.6,3d,2025-05-10,2025-05-10,0.0,0.055,0.01,26502.0,False,False
KXCPIYOY-25APR,KXCPIYOY-25APR-T2.6,2.6,1d,2025-05-12,2025-05-12,0.0,0.05,0.02,9038.0,False,False
KXCPIYOY-25APR,KXCPIYOY-25APR-T2.6,2.6,final,2025-05-13,2025-05-12,1.0,0.05,0.02,9038.0,False,False
KXCPIYOY-25APR,KXCPIYOY-25APR-T2.5,2.5,21d,2025-04-22,2025-04-22,0.0,0.13,0.02,151227.0,False,False
KXCPIYOY-25APR,KXCPIYOY-25APR-T2.5,2.5,14d,2025-04-29,2025-04-29,0.0,0.09,0.02,82746.0,False,False
KXCPIYOY-25APR,KXCPIYOY-25APR-T2.5,2.5,7d,2025-05-06,2025-05-06,0.0,0.115,0.01,22061.0,False,False
KXCPIYOY-25APR,KXCPIYOY-25APR-T2.5,2.5,3d,2025-05-10,2025-05-10,0.0,0.105,0.01,39291.0,False,False
KXCPIYOY-25APR,KXCPIYOY-25APR-T2.5,2.5,1d,2025-05-12,2025-05-12,0.0,0.1,0.02,11110.0,False,False
KXCPIYOY-25APR,KXCPIYOY-25APR-T2.5,2.5,final,2025-05-13,2025-05-12,1.0,0.1,0.02,11110.0,False,False
KXCPIYOY-25APR,KXCPIYOY-25APR-T2.4,2.4,21d,2025-04-22,2025-04-22,0.0,0.295,0.01,105482.0,False,False
KXCPIYOY-25APR,KXCPIYOY-25APR-T2.4,2.4,14d,2025-04-29,2025-04-29,0.0,0.275,0.01,105995.0,False,False
KXCPIYOY-25APR,KXCPIYOY-25APR-T2.4,2.4,7d,2025-05-06,2025-05-06,0.0,0.335,0.03,36613.0,False,False
KXCPIYOY-25APR,KXCPIYOY-25APR-T2.4,2.4,3d,2025-05-10,2025-05-10,0.0,0.245,0.01,113183.0,False,False
KXCPIYOY-25APR,KXCPIYOY-25APR-T2.4,2.4,1d,2025-05-12,2025-05-12,0.0,0.26,0.04,18759.0,False,False
KXCPIYOY-25APR,KXCPIYOY-25APR-T2.4,2.4,final,2025-05-13,2025-05-12,1.0,0.26,0.04,18759.0,False,False
KXCPIYOY-25MAR,KXCPIYOY-25MAR-T2.3,2.3,21d,2025-03-20,2025-03-20,0.0,0.9,0.2,0.0,False,False
KXCPIYOY-25MAR,KXCPIYOY-25MAR-T2.3,2.3,14d,2025-03-27,2025-03-27,0.0,0.88,0.06,0.0,False,False
KXCPIYOY-25MAR,KXCPIYOY-25MAR-T2.3,2.3,7d,2025-04-03,2025-04-03,0.0,0.955,0.05,3939.0,False,False
KXCPIYOY-25MAR,KXCPIYOY-25MAR-T2.3,2.3,3d,2025-04-07,2025-04-07,0.0,0.965,0.03,0.0,False,False
KXCPIYOY-25MAR,KXCPIYOY-25MAR-T2.3,2.3,1d,2025-04-09,2025-04-09,0.0,0.96,0.04,13.0,False,False
KXCPIYOY-25MAR,KXCPIYOY-25MAR-T2.3,2.3,final,2025-04-10,2025-04-09,1.0,0.96,0.04,13.0,False,False
KXCPIYOY-25MAR,KXCPIYOY-25MAR-T3.1,3.1,21d,2025-03-20,2025-03-17,3.0,0.02,0.04,350.0,False,False
KXCPIYOY-25MAR,KXCPIYOY-25MAR-T3.1,3.1,14d,2025-03-27,2025-03-24,3.0,0.02,0.04,0.0,False,False
KXCPIYOY-25MAR,KXCPIYOY-25MAR-T3.1,3.1,7d,2025-04-03,2025-03-30,4.0,0.005,0.01,0.0,False,False
KXCPIYOY-25MAR,KXCPIYOY-25MAR-T3.1,3.1,3d,2025-04-07,2025-03-30,8.0,0.005,0.01,0.0,False,False
KXCPIYOY-25MAR,KXCPIYOY-25MAR-T3.1,3.1,1d,2025-04-09,2025-03-30,10.0,0.005,0.01,0.0,False,False
KXCPIYOY-25MAR,KXCPIYOY-25MAR-T3.1,3.1,final,2025-04-10,2025-03-30,11.0,0.005,0.01,0.0,False,False
KXCPIYOY-25MAR,KXCPIYOY-25MAR-T3.0,3.0,21d,2025-03-20,2025-03-19,1.0,0.02,0.04,0.0,False,False
KXCPIYOY-25MAR,KXCPIYOY-25MAR-T3.0,3.0,14d,2025-03-27,2025-03-27,0.0,0.005,0.01,0.0,False,False
KXCPIYOY-25MAR,KXCPIYOY-25MAR-T3.0,3.0,7d,2025-04-03,2025-04-03,0.0,0.005,0.01,93.0,False,False
KXCPIYOY-25MAR,KXCPIYOY-25MAR-T3.0,3.0,3d,2025-04-07,2025-04-07,0.0,0.01,0.02,250.0,False,False
KXCPIYOY-25MAR,KXCPIYOY-25MAR-T3.0,3.0,1d,2025-04-09,2025-04-07,2.0,0.01,0.02,250.0,False,False
KXCPIYOY-25MAR,KXCPIYOY-25MAR-T3.0,3.0,final,2025-04-10,2025-04-07,3.0,0.01,0.02,250.0,False,False
KXCPIYOY-25MAR,KXCPIYOY-25MAR-T2.9,2.9,21d,2025-03-20,2025-03-19,1.0,0.03,0.06,0.0,False,False
KXCPIYOY-25MAR,KXCPIYOY-25MAR-T2.9,2.9,14d,2025-03-27,2025-03-27,0.0,0.015,0.03,0.0,False,False
KXCPIYOY-25MAR,KXCPIYOY-25MAR-T2.9,2.9,7d,2025-04-03,2025-04-03,0.0,0.015,0.03,0.0,False,False
KXCPIYOY-25MAR,KXCPIYOY-25MAR-T2.9,2.9,3d,2025-04-07,2025-04-07,0.0,0.02,0.04,291.0,False,False
KXCPIYOY-25MAR,KXCPIYOY-25MAR-T2.9,2.9,1d,2025-04-09,2025-04-09,0.0,0.015,0.03,0.0,False,False
KXCPIYOY-25MAR,KXCPIYOY-25MAR-T2.9,2.9,final,2025-04-10,2025-04-09,1.0,0.015,0.03,0.0,False,False
KXCPIYOY-25MAR,KXCPIYOY-25MAR-T2.8,2.8,21d,2025-03-20,2025-03-19,1.0,0.04,0.06,0.0,False,False
KXCPIYOY-25MAR,KXCPIYOY-25MAR-T2.8,2.8,14d,2025-03-27,2025-03-27,0.0,0.025,0.03,0.0,False,False
KXCPIYOY-25MAR,KXCPIYOY-25MAR-T2.8,2.8,7d,2025-04-03,2025-04-03,0.0,0.025,0.03,80.0,False,False
KXCPIYOY-25MAR,KXCPIYOY-25MAR-T2.8,2.8,3d,2025-04-07,2025-04-06,1.0,0.035,0.07,0.0,False,False
KXCPIYOY-25MAR,KXCPIYOY-25MAR-T2.8,2.8,1d,2025-04-09,2025-04-09,0.0,0.04,0.04,0.0,False,False
KXCPIYOY-25MAR,KXCPIYOY-25MAR-T2.8,2.8,final,2025-04-10,2025-04-09,1.0,0.04,0.04,0.0,False,False
KXCPIYOY-25MAR,KXCPIYOY-25MAR-T2.7,2.7,21d,2025-03-20,2025-03-20,0.0,0.1,0.02,420.0,False,False
KXCPIYOY-25MAR,KXCPIYOY-25MAR-T2.7,2.7,14d,2025-03-27,2025-03-27,0.0,0.075,0.01,100.0,False,False
KXCPIYOY-25MAR,KXCPIYOY-25MAR-T2.7,2.7,7d,2025-04-03,2025-04-03,0.0,0.035,0.03,2521.0,False,False
KXCPIYOY-25MAR,KXCPIYOY-25MAR-T2.7,2.7,3d,2025-04-07,2025-04-07,0.0,0.025,0.01,2252.0,False,False
KXCPIYOY-25MAR,KXCPIYOY-25MAR-T2.7,2.7,1d,2025-04-09,2025-04-09,0.0,0.03,0.04,1839.0,False,False
KXCPIYOY-25MAR,KXCPIYOY-25MAR-T2.7,2.7,final,2025-04-10,2025-04-09,1.0,0.03,0.04,1839.0,False,False
KXCPIYOY-25MAR,KXCPIYOY-25MAR-T2.6,2.6,21d,2025-03-20,2025-03-20,0.0,0.215,0.03,2261.0,False,False
KXCPIYOY-25MAR,KXCPIYOY-25MAR-T2.6,2.6,14d,2025-03-27,2025-03-27,0.0,0.205,0.01,300.0,False,False
KXCPIYOY-25MAR,KXCPIYOY-25MAR-T2.6,2.6,7d,2025-04-03,2025-04-03,0.0,0.11,0.06,7105.0,False,False
KXCPIYOY-25MAR,KXCPIYOY-25MAR-T2.6,2.6,3d,2025-04-07,2025-04-07,0.0,0.13,0.04,112.0,False,False
KXCPIYOY-25MAR,KXCPIYOY-25MAR-T2.6,2.6,1d,2025-04-09,2025-04-09,0.0,0.11,0.04,3731.0,False,False
KXCPIYOY-25MAR,KXCPIYOY-25MAR-T2.6,2.6,final,2025-04-10,2025-04-09,1.0,0.11,0.04,3731.0,False,False
KXCPIYOY-25MAR,KXCPIYOY-25MAR-T2.5,2.5,21d,2025-03-20,2025-03-20,0.0,0.41,0.02,2207.0,False,False
KXCPIYOY-25MAR,KXCPIYOY-25MAR-T2.5,2.5,14d,2025-03-27,2025-03-27,0.0,0.42,0.02,169.0,False,False
KXCPIYOY-25MAR,KXCPIYOY-25MAR-T2.5,2.5,7d,2025-04-03,2025-04-03,0.0,0.405,0.03,484.0,False,False
KXCPIYOY-25MAR,KXCPIYOY-25MAR-T2.5,2.5,3d,2025-04-07,2025-04-07,0.0,0.415,0.01,902.0,False,False
KXCPIYOY-25MAR,KXCPIYOY-25MAR-T2.5,2.5,1d,2025-04-09,2025-04-09,0.0,0.42,0.04,1811.0,False,False
KXCPIYOY-25MAR,KXCPIYOY-25MAR-T2.5,2.5,final,2025-04-10,2025-04-09,1.0,0.42,0.04,1811.0,False,False
KXCPIYOY-25MAR,KXCPIYOY-25MAR-T2.4,2.4,21d,2025-03-20,2025-03-20,0.0,0.665,0.01,7055.0,False,False
KXCPIYOY-25MAR,KXCPIYOY-25MAR-T2.4,2.4,14d,2025-03-27,2025-03-27,0.0,0.73,0.02,900.0,False,False
KXCPIYOY-25MAR,KXCPIYOY-25MAR-T2.4,2.4,7d,2025-04-03,2025-04-03,0.0,0.775,0.01,4678.0,False,False
KXCPIYOY-25MAR,KXCPIYOY-25MAR-T2.4,2.4,3d,2025-04-07,2025-04-07,0.0,0.835,0.01,1113.0,False,False
KXCPIYOY-25MAR,KXCPIYOY-25MAR-T2.4,2.4,1d,2025-04-09,2025-04-09,0.0,0.83,0.04,3239.0,False,False
KXCPIYOY-25MAR,KXCPIYOY-25MAR-T2.4,2.4,final,2025-04-10,2025-04-09,1.0,0.83,0.04,3239.0,False,False
KXCPIYOY-25FEB,KXCPIYOY-25FEB-T3.1,3.1,21d,2025-02-19,2025-02-19,0.0,0.07,0.04,654.0,False,False
KXCPIYOY-25FEB,KXCPIYOY-25FEB-T3.1,3.1,14d,2025-02-26,2025-02-26,0.0,0.065,0.01,0.0,False,False
KXCPIYOY-25FEB,KXCPIYOY-25FEB-T3.1,3.1,7d,2025-03-05,2025-03-05,0.0,0.035,0.05,0.0,False,False
KXCPIYOY-25FEB,KXCPIYOY-25FEB-T3.1,3.1,3d,2025-03-09,2025-03-09,0.0,0.02,0.02,0.0,False,False
KXCPIYOY-25FEB,KXCPIYOY-25FEB-T3.1,3.1,1d,2025-03-11,2025-03-11,0.0,0.015,0.01,0.0,False,False
KXCPIYOY-25FEB,KXCPIYOY-25FEB-T3.1,3.1,final,2025-03-12,2025-03-11,1.0,0.015,0.01,0.0,False,False
KXCPIYOY-25FEB,KXCPIYOY-25FEB-T3.0,3.0,21d,2025-02-19,2025-02-19,0.0,0.195,0.03,699.0,False,False
KXCPIYOY-25FEB,KXCPIYOY-25FEB-T3.0,3.0,14d,2025-02-26,2025-02-26,0.0,0.155,0.01,401.0,False,False
KXCPIYOY-25FEB,KXCPIYOY-25FEB-T3.0,3.0,7d,2025-03-05,2025-03-05,0.0,0.075,0.03,5271.0,False,False
KXCPIYOY-25FEB,KXCPIYOY-25FEB-T3.0,3.0,3d,2025-03-09,2025-03-09,0.0,0.05,0.02,3094.0,False,False
KXCPIYOY-25FEB,KXCPIYOY-25FEB-T3.0,3.0,1d,2025-03-11,2025-03-11,0.0,0.055,0.01,728.0,False,False
KXCPIYOY-25FEB,KXCPIYOY-25FEB-T3.0,3.0,final,2025-03-12,2025-03-11,1.0,0.055,0.01,728.0,False,False
KXCPIYOY-25FEB,KXCPIYOY-25FEB-T2.9,2.9,21d,2025-02-19,2025-02-19,0.0,0.455,0.03,255.0,False,False
KXCPIYOY-25FEB,KXCPIYOY-25FEB-T2.9,2.9,14d,2025-02-26,2025-02-26,0.0,0.405,0.03,104.0,False,False
KXCPIYOY-25FEB,KXCPIYOY-25FEB-T2.9,2.9,7d,2025-03-05,2025-03-05,0.0,0.315,0.03,4226.0,False,False
KXCPIYOY-25FEB,KXCPIYOY-25FEB-T2.9,2.9,3d,2025-03-09,2025-03-09,0.0,0.34,0.02,280.0,False,False
KXCPIYOY-25FEB,KXCPIYOY-25FEB-T2.9,2.9,1d,2025-03-11,2025-03-11,0.0,0.285,0.05,4371.0,False,False
KXCPIYOY-25FEB,KXCPIYOY-25FEB-T2.9,2.9,final,2025-03-12,2025-03-11,1.0,0.285,0.05,4371.0,False,False
KXCPIYOY-25FEB,KXCPIYOY-25FEB-T2.8,2.8,21d,2025-02-19,2025-02-19,0.0,0.8,0.04,70.0,False,False
KXCPIYOY-25FEB,KXCPIYOY-25FEB-T2.8,2.8,14d,2025-02-26,2025-02-26,0.0,0.745,0.05,229.0,False,False
KXCPIYOY-25FEB,KXCPIYOY-25FEB-T2.8,2.8,7d,2025-03-05,2025-03-05,0.0,0.695,0.01,5984.0,False,False
KXCPIYOY-25FEB,KXCPIYOY-25FEB-T2.8,2.8,3d,2025-03-09,2025-03-09,0.0,0.75,0.04,441.0,False,False
KXCPIYOY-25FEB,KXCPIYOY-25FEB-T2.8,2.8,1d,2025-03-11,2025-03-11,0.0,0.755,0.03,3871.0,False,False
KXCPIYOY-25FEB,KXCPIYOY-25FEB-T2.8,2.8,final,2025-03-12,2025-03-11,1.0,0.755,0.03,3871.0,False,False
KXCPIYOY-25FEB,KXCPIYOY-25FEB-T2.7,2.7,21d,2025-02-19,2025-02-19,0.0,0.945,0.03,189.0,False,False
KXCPIYOY-25FEB,KXCPIYOY-25FEB-T2.7,2.7,14d,2025-02-26,2025-02-26,0.0,0.935,0.01,0.0,False,False
KXCPIYOY-25FEB,KXCPIYOY-25FEB-T2.7,2.7,7d,2025-03-05,2025-03-05,0.0,0.94,0.02,1180.0,False,False
KXCPIYOY-25FEB,KXCPIYOY-25FEB-T2.7,2.7,3d,2025-03-09,2025-03-09,0.0,0.96,0.02,608.0,False,False
KXCPIYOY-25FEB,KXCPIYOY-25FEB-T2.7,2.7,1d,2025-03-11,2025-03-11,0.0,0.955,0.07,1675.0,False,False
KXCPIYOY-25FEB,KXCPIYOY-25FEB-T2.7,2.7,final,2025-03-12,2025-03-11,1.0,0.955,0.07,1675.0,False,False
KXCPIYOY-25FEB,KXCPIYOY-25FEB-T2.6,2.6,21d,2025-02-19,2025-02-17,2.0,0.97,0.06,40.0,False,False
KXCPIYOY-25FEB,KXCPIYOY-25FEB-T2.6,2.6,14d,2025-02-26,2025-02-24,2.0,0.955,0.03,750.0,False,False
KXCPIYOY-25FEB,KXCPIYOY-25FEB-T2.6,2.6,7d,2025-03-05,2025-03-05,0.0,0.965,0.07,700.0,False,False
KXCPIYOY-25FEB,KXCPIYOY-25FEB-T2.6,2.6,3d,2025-03-09,2025-03-09,0.0,0.965,0.07,1.0,False,False
KXCPIYOY-25FEB,KXCPIYOY-25FEB-T2.6,2.6,1d,2025-03-11,2025-03-11,0.0,0.97,0.06,0.0,False,False
KXCPIYOY-25FEB,KXCPIYOY-25FEB-T2.6,2.6,final,2025-03-12,2025-03-11,1.0,0.97,0.06,0.0,False,False
KXCPIYOY-25FEB,KXCPIYOY-25FEB-T2.5,2.5,21d,2025-02-19,2025-02-19,0.0,0.985,0.03,0.0,False,False
KXCPIYOY-25FEB,KXCPIYOY-25FEB-T2.5,2.5,14d,2025-02-26,2025-02-24,2.0,0.985,0.03,0.0,False,False
KXCPIYOY-25FEB,KXCPIYOY-25FEB-T2.5,2.5,7d,2025-03-05,2025-03-05,0.0,0.97,0.06,298.0,False,False
KXCPIYOY-25FEB,KXCPIYOY-25FEB-T2.5,2.5,3d,2025-03-09,2025-03-09,0.0,0.97,0.06,0.0,False,False
KXCPIYOY-25FEB,KXCPIYOY-25FEB-T2.5,2.5,1d,2025-03-11,2025-03-11,0.0,0.97,0.06,0.0,False,False
KXCPIYOY-25FEB,KXCPIYOY-25FEB-T2.5,2.5,final,2025-03-12,2025-03-11,1.0,0.97,0.06,0.0,False,False
KXCPIYOY-25FEB,KXCPIYOY-25FEB-T2.4,2.4,21d,2025-02-19,2025-02-18,1.0,0.97,0.06,0.0,False,False
KXCPIYOY-25FEB,KXCPIYOY-25FEB-T2.4,2.4,14d,2025-02-26,2025-02-26,0.0,0.98,0.04,0.0,False,False
KXCPIYOY-25FEB,KXCPIYOY-25FEB-T2.4,2.4,7d,2025-03-05,2025-03-05,0.0,0.99,0.02,4849.0,False,False
KXCPIYOY-25FEB,KXCPIYOY-25FEB-T2.4,2.4,3d,2025-03-09,2025-03-09,0.0,0.99,0.02,2000.0,False,False
KXCPIYOY-25FEB,KXCPIYOY-25FEB-T2.4,2.4,1d,2025-03-11,2025-03-10,1.0,0.99,0.02,1000.0,False,False
KXCPIYOY-25FEB,KXCPIYOY-25FEB-T2.4,2.4,final,2025-03-12,2025-03-10,2.0,0.99,0.02,1000.0,False,False
KXCPIYOY-25JAN,KXCPIYOY-25JAN-T3.1,3.1,21d,2025-01-22,2025-01-22,0.0,0.055,0.07,0.0,False,False
KXCPIYOY-25JAN,KXCPIYOY-25JAN-T3.1,3.1,14d,2025-01-29,2025-01-29,0.0,0.055,0.05,727.0,False,False
KXCPIYOY-25JAN,KXCPIYOY-25JAN-T3.1,3.1,7d,2025-02-05,2025-02-05,0.0,0.08,0.04,2402.0,False,False
KXCPIYOY-25JAN,KXCPIYOY-25JAN-T3.1,3.1,3d,2025-02-09,2025-02-09,0.0,0.085,0.01,1944.0,False,False
KXCPIYOY-25JAN,KXCPIYOY-25JAN-T3.1,3.1,1d,2025-02-11,2025-02-11,0.0,0.045,0.05,3371.0,False,False
KXCPIYOY-25JAN,KXCPIYOY-25JAN-T3.1,3.1,final,2025-02-12,2025-02-11,1.0,0.045,0.05,3371.0,False,False
KXCPIYOY-25JAN,KXCPIYOY-25JAN-T3.0,3.0,21d,2025-01-22,2025-01-22,0.0,0.075,0.05,125.0,False,False
KXCPIYOY-25JAN,KXCPIYOY-25JAN-T3.0,3.0,14d,2025-01-29,2025-01-29,0.0,0.165,0.01,0.0,False,False
KXCPIYOY-25JAN,KXCPIYOY-25JAN-T3.0,3.0,7d,2025-02-05,2025-02-05,0.0,0.19,0.06,454.0,False,False
KXCPIYOY-25JAN,KXCPIYOY-25JAN-T3.0,3.0,3d,2025-02-09,2025-02-09,0.0,0.24,0.02,151.0,False,False
KXCPIYOY-25JAN,KXCPIYOY-25JAN-T3.0,3.0,1d,2025-02-11,2025-02-11,0.0,0.15,0.04,4409.0,False,False
KXCPIYOY-25JAN,KXCPIYOY-25JAN-T3.0,3.0,final,2025-02-12,2025-02-11,1.0,0.15,0.04,4409.0,False,False
KXCPIYOY-25JAN,KXCPIYOY-25JAN-T2.9,2.9,21d,2025-01-22,2025-01-22,0.0,0.43,0.06,397.0,False,False
KXCPIYOY-25JAN,KXCPIYOY-25JAN-T2.9,2.9,14d,2025-01-29,2025-01-29,0.0,0.47,0.04,491.0,False,False
KXCPIYOY-25JAN,KXCPIYOY-25JAN-T2.9,2.9,7d,2025-02-05,2025-02-05,0.0,0.495,0.07,363.0,False,False
KXCPIYOY-25JAN,KXCPIYOY-25JAN-T2.9,2.9,3d,2025-02-09,2025-02-09,0.0,0.64,0.08,2905.0,False,False
KXCPIYOY-25JAN,KXCPIYOY-25JAN-T2.9,2.9,1d,2025-02-11,2025-02-11,0.0,0.49,0.04,12014.0,False,False
KXCPIYOY-25JAN,KXCPIYOY-25JAN-T2.9,2.9,final,2025-02-12,2025-02-11,1.0,0.49,0.04,12014.0,False,False
KXCPIYOY-25JAN,KXCPIYOY-25JAN-T2.8,2.8,21d,2025-01-22,2025-01-22,0.0,0.79,0.04,4166.0,False,False
KXCPIYOY-25JAN,KXCPIYOY-25JAN-T2.8,2.8,14d,2025-01-29,2025-01-29,0.0,0.795,0.05,246.0,False,False
KXCPIYOY-25JAN,KXCPIYOY-25JAN-T2.8,2.8,7d,2025-02-05,2025-02-05,0.0,0.795,0.05,600.0,False,False
KXCPIYOY-25JAN,KXCPIYOY-25JAN-T2.8,2.8,3d,2025-02-09,2025-02-09,0.0,0.82,0.04,1425.0,False,False
KXCPIYOY-25JAN,KXCPIYOY-25JAN-T2.8,2.8,1d,2025-02-11,2025-02-11,0.0,0.755,0.09,1612.0,False,False
KXCPIYOY-25JAN,KXCPIYOY-25JAN-T2.8,2.8,final,2025-02-12,2025-02-11,1.0,0.755,0.09,1612.0,False,False
KXCPIYOY-25JAN,KXCPIYOY-25JAN-T2.7,2.7,21d,2025-01-22,2025-01-22,0.0,0.9,0.1,0.0,False,False
KXCPIYOY-25JAN,KXCPIYOY-25JAN-T2.7,2.7,14d,2025-01-29,2025-01-29,0.0,0.915,0.03,1017.0,False,False
KXCPIYOY-25JAN,KXCPIYOY-25JAN-T2.7,2.7,7d,2025-02-05,2025-02-05,0.0,0.965,0.03,550.0,False,False
KXCPIYOY-25JAN,KXCPIYOY-25JAN-T2.7,2.7,3d,2025-02-09,2025-02-09,0.0,0.955,0.01,0.0,False,False
KXCPIYOY-25JAN,KXCPIYOY-25JAN-T2.7,2.7,1d,2025-02-11,2025-02-11,0.0,0.965,0.05,771.0,False,False
KXCPIYOY-25JAN,KXCPIYOY-25JAN-T2.7,2.7,final,2025-02-12,2025-02-11,1.0,0.965,0.05,771.0,False,False
KXCPIYOY-25JAN,KXCPIYOY-25JAN-T2.6,2.6,21d,2025-01-22,2025-01-22,0.0,0.955,0.07,100.0,False,False
KXCPIYOY-25JAN,KXCPIYOY-25JAN-T2.6,2.6,14d,2025-01-29,2025-01-29,0.0,0.965,0.05,800.0,False,False
KXCPIYOY-25JAN,KXCPIYOY-25JAN-T2.6,2.6,7d,2025-02-05,2025-02-05,0.0,0.97,0.04,0.0,False,False
KXCPIYOY-25JAN,KXCPIYOY-25JAN-T2.6,2.6,3d,2025-02-09,2025-02-09,0.0,0.975,0.03,0.0,False,False
KXCPIYOY-25JAN,KXCPIYOY-25JAN-T2.6,2.6,1d,2025-02-11,2025-02-11,0.0,0.965,0.05,10.0,False,False
KXCPIYOY-25JAN,KXCPIYOY-25JAN-T2.6,2.6,final,2025-02-12,2025-02-11,1.0,0.965,0.05,10.0,False,False
KXCPIYOY-25JAN,KXCPIYOY-25JAN-T2.5,2.5,21d,2025-01-22,2025-01-21,1.0,0.965,0.07,0.0,False,False
KXCPIYOY-25JAN,KXCPIYOY-25JAN-T2.5,2.5,14d,2025-01-29,2025-01-24,5.0,0.97,0.06,0.0,False,False
KXCPIYOY-25JAN,KXCPIYOY-25JAN-T2.5,2.5,7d,2025-02-05,2025-01-24,12.0,0.97,0.06,0.0,False,False
KXCPIYOY-25JAN,KXCPIYOY-25JAN-T2.5,2.5,3d,2025-02-09,2025-02-09,0.0,0.97,0.06,0.0,False,False
KXCPIYOY-25JAN,KXCPIYOY-25JAN-T2.5,2.5,1d,2025-02-11,2025-02-11,0.0,0.975,0.05,0.0,False,False
KXCPIYOY-25JAN,KXCPIYOY-25JAN-T2.5,2.5,final,2025-02-12,2025-02-11,1.0,0.975,0.05,0.0,False,False
KXCPIYOY-25JAN,KXCPIYOY-25JAN-T2.4,2.4,21d,2025-01-22,2025-01-22,0.0,0.98,0.04,70.0,False,False
KXCPIYOY-25JAN,KXCPIYOY-25JAN-T2.4,2.4,14d,2025-01-29,2025-01-22,7.0,0.98,0.04,70.0,False,False
KXCPIYOY-25JAN,KXCPIYOY-25JAN-T2.4,2.4,7d,2025-02-05,2025-01-22,14.0,0.98,0.04,70.0,False,False
KXCPIYOY-25JAN,KXCPIYOY-25JAN-T2.4,2.4,3d,2025-02-09,2025-01-22,18.0,0.98,0.04,70.0,False,True
KXCPIYOY-25JAN,KXCPIYOY-25JAN-T2.4,2.4,1d,2025-02-11,2025-02-11,0.0,0.98,0.04,0.0,False,False
KXCPIYOY-25JAN,KXCPIYOY-25JAN-T2.4,2.4,final,2025-02-12,2025-02-11,1.0,0.98,0.04,0.0,False,False
KXCPIYOY-25JAN,KXCPIYOY-25JAN-T2.3,2.3,21d,2025-01-22,2025-01-21,1.0,0.97,0.06,0.0,False,False
KXCPIYOY-25JAN,KXCPIYOY-25JAN-T2.3,2.3,14d,2025-01-29,2025-01-21,8.0,0.97,0.06,0.0,False,False
KXCPIYOY-25JAN,KXCPIYOY-25JAN-T2.3,2.3,7d,2025-02-05,2025-01-21,15.0,0.97,0.06,0.0,False,True
KXCPIYOY-25JAN,KXCPIYOY-25JAN-T2.3,2.3,3d,2025-02-09,2025-02-09,0.0,0.975,0.05,0.0,False,False
KXCPIYOY-25JAN,KXCPIYOY-25JAN-T2.3,2.3,1d,2025-02-11,2025-02-11,0.0,0.98,0.04,0.0,False,False
KXCPIYOY-25JAN,KXCPIYOY-25JAN-T2.3,2.3,final,2025-02-12,2025-02-11,1.0,0.98,0.04,0.0,False,False
KXCPIYOY-25JAN,KXCPIYOY-25JAN-T2.2,2.2,21d,2025-01-22,2025-01-21,1.0,0.985,0.03,0.0,False,False
KXCPIYOY-25JAN,KXCPIYOY-25JAN-T2.2,2.2,14d,2025-01-29,2025-01-21,8.0,0.985,0.03,0.0,False,False
KXCPIYOY-25JAN,KXCPIYOY-25JAN-T2.2,2.2,7d,2025-02-05,2025-01-21,15.0,0.985,0.03,0.0,False,True
KXCPIYOY-25JAN,KXCPIYOY-25JAN-T2.2,2.2,3d,2025-02-09,2025-01-21,19.0,0.985,0.03,0.0,False,True
KXCPIYOY-25JAN,KXCPIYOY-25JAN-T2.2,2.2,1d,2025-02-11,2025-01-21,21.0,0.985,0.03,0.0,False,True
KXCPIYOY-25JAN,KXCPIYOY-25JAN-T2.2,2.2,final,2025-02-12,2025-01-21,22.0,0.985,0.03,0.0,False,True
KXCPIYOY-25JAN,KXCPIYOY-25JAN-T2.1,2.1,21d,2025-01-22,2025-01-21,1.0,0.975,0.05,0.0,False,False
KXCPIYOY-25JAN,KXCPIYOY-25JAN-T2.1,2.1,14d,2025-01-29,2025-01-23,6.0,0.985,0.03,0.0,False,False
KXCPIYOY-25JAN,KXCPIYOY-25JAN-T2.1,2.1,7d,2025-02-05,2025-02-01,4.0,0.99,0.02,0.0,False,False
KXCPIYOY-25JAN,KXCPIYOY-25JAN-T2.1,2.1,3d,2025-02-09,2025-02-01,8.0,0.99,0.02,0.0,False,False
KXCPIYOY-25JAN,KXCPIYOY-25JAN-T2.1,2.1,1d,2025-02-11,2025-02-01,10.0,0.99,0.02,0.0,False,False
KXCPIYOY-25JAN,KXCPIYOY-25JAN-T2.1,2.1,final,2025-02-12,2025-02-01,11.0,0.99,0.02,0.0,False,False
KXCPIYOY-25JAN,KXCPIYOY-25JAN-T2.0,2.0,21d,2025-01-22,2025-01-18,4.0,0.97,0.06,0.0,False,False
KXCPIYOY-25JAN,KXCPIYOY-25JAN-T2.0,2.0,14d,2025-01-29,2025-01-23,6.0,0.995,0.01,0.0,False,False
KXCPIYOY-25JAN,KXCPIYOY-25JAN-T2.0,2.0,7d,2025-02-05,2025-02-02,3.0,0.985,0.03,0.0,False,False
KXCPIYOY-25JAN,KXCPIYOY-25JAN-T2.0,2.0,3d,2025-02-09,2025-02-02,7.0,0.985,0.03,0.0,False,False
KXCPIYOY-25JAN,KXCPIYOY-25JAN-T2.0,2.0,1d,2025-02-11,2025-02-11,0.0,0.995,0.01,0.0,False,False
KXCPIYOY-25JAN,KXCPIYOY-25JAN-T2.0,2.0,final,2025-02-12,2025-02-11,1.0,0.995,0.01,0.0,False,False
KXCPIYOY-25JAN,KXCPIYOY-25JAN-T1.9,1.9,21d,2025-01-22,2025-01-14,8.0,0.975,0.05,0.0,False,False
KXCPIYOY-25JAN,KXCPIYOY-25JAN-T1.9,1.9,14d,2025-01-29,2025-01-23,6.0,0.995,0.01,0.0,False,False
KXCPIYOY-25JAN,KXCPIYOY-25JAN-T1.9,1.9,7d,2025-02-05,2025-02-02,3.0,0.99,0.02,0.0,False,False
KXCPIYOY-25JAN,KXCPIYOY-25JAN-T1.9,1.9,3d,2025-02-09,2025-02-02,7.0,0.99,0.02,0.0,False,False
KXCPIYOY-25JAN,KXCPIYOY-25JAN-T1.9,1.9,1d,2025-02-11,2025-02-11,0.0,0.995,0.01,0.0,False,False
KXCPIYOY-25JAN,KXCPIYOY-25JAN-T1.9,1.9,final,2025-02-12,2025-02-11,1.0,0.995,0.01,0.0,False,False
KXCPIYOY-25JAN,KXCPIYOY-25JAN-T1.8,1.8,21d,2025-01-22,2025-01-18,4.0,0.97,0.06,0.0,False,False
KXCPIYOY-25JAN,KXCPIYOY-25JAN-T1.8,1.8,14d,2025-01-29,2025-01-23,6.0,0.995,0.01,0.0,False,False
KXCPIYOY-25JAN,KXCPIYOY-25JAN-T1.8,1.8,7d,2025-02-05,2025-02-02,3.0,0.99,0.02,0.0,False,False
KXCPIYOY-25JAN,KXCPIYOY-25JAN-T1.8,1.8,3d,2025-02-09,2025-02-02,7.0,0.99,0.02,0.0,False,False
KXCPIYOY-25JAN,KXCPIYOY-25JAN-T1.8,1.8,1d,2025-02-11,2025-02-11,0.0,0.995,0.01,0.0,False,False
KXCPIYOY-25JAN,KXCPIYOY-25JAN-T1.8,1.8,final,2025-02-12,2025-02-11,1.0,0.995,0.01,0.0,False,False
KXCPIYOY-24DEC,KXCPIYOY-24DEC-T3.0,3.0,21d,2024-12-25,2024-12-25,0.0,0.16,0.12,0.0,False,False
KXCPIYOY-24DEC,KXCPIYOY-24DEC-T3.0,3.0,14d,2025-01-01,2025-01-01,0.0,0.065,0.05,200.0,False,False
KXCPIYOY-24DEC,KXCPIYOY-24DEC-T3.0,3.0,7d,2025-01-08,2025-01-08,0.0,0.075,0.01,20.0,False,False
KXCPIYOY-24DEC,KXCPIYOY-24DEC-T3.0,3.0,3d,2025-01-12,2025-01-12,0.0,0.055,0.07,400.0,False,False
KXCPIYOY-24DEC,KXCPIYOY-24DEC-T3.0,3.0,1d,2025-01-14,2025-01-14,0.0,0.035,0.03,271.0,False,False
KXCPIYOY-24DEC,KXCPIYOY-24DEC-T3.0,3.0,final,2025-01-15,2025-01-14,1.0,0.035,0.03,271.0,False,False
KXCPIYOY-24DEC,KXCPIYOY-24DEC-T2.9,2.9,21d,2024-12-25,2024-12-25,0.0,0.34,0.1,0.0,False,False
KXCPIYOY-24DEC,KXCPIYOY-24DEC-T2.9,2.9,14d,2025-01-01,2024-12-31,1.0,0.29,0.08,10.0,False,False
KXCPIYOY-24DEC,KXCPIYOY-24DEC-T2.9,2.9,7d,2025-01-08,2025-01-08,0.0,0.185,0.07,3350.0,False,False
KXCPIYOY-24DEC,KXCPIYOY-24DEC-T2.9,2.9,3d,2025-01-12,2025-01-12,0.0,0.26,0.04,4560.0,False,False
KXCPIYOY-24DEC,KXCPIYOY-24DEC-T2.9,2.9,1d,2025-01-14,2025-01-14,0.0,0.255,0.03,182.0,False,False
KXCPIYOY-24DEC,KXCPIYOY-24DEC-T2.9,2.9,final,2025-01-15,2025-01-14,1.0,0.255,0.03,182.0,False,False
KXCPIYOY-24DEC,KXCPIYOY-24DEC-T2.8,2.8,21d,2024-12-25,2024-12-25,0.0,0.795,0.09,0.0,False,False
KXCPIYOY-24DEC,KXCPIYOY-24DEC-T2.8,2.8,14d,2025-01-01,2025-01-01,0.0,0.805,0.09,200.0,False,False
KXCPIYOY-24DEC,KXCPIYOY-24DEC-T2.8,2.8,7d,2025-01-08,2025-01-08,0.0,0.72,0.08,2444.0,False,False
KXCPIYOY-24DEC,KXCPIYOY-24DEC-T2.8,2.8,3d,2025-01-12,2025-01-12,0.0,0.765,0.05,364.0,False,False
KXCPIYOY-24DEC,KXCPIYOY-24DEC-T2.8,2.8,1d,2025-01-14,2025-01-14,0.0,0.745,0.03,1892.0,False,False
KXCPIYOY-24DEC,KXCPIYOY-24DEC-T2.8,2.8,final,2025-01-15,2025-01-14,1.0,0.745,0.03,1892.0,False,False
KXCPIYOY-24DEC,KXCPIYOY-24DEC-T2.7,2.7,21d,2024-12-25,2024-12-25,0.0,0.945,0.09,23.0,False,False
KXCPIYOY-24DEC,KXCPIYOY-24DEC-T2.7,2.7,14d,2025-01-01,2025-01-01,0.0,0.94,0.1,0.0,False,False
KXCPIYOY-24DEC,KXCPIYOY-24DEC-T2.7,2.7,7d,2025-01-08,2025-01-08,0.0,0.925,0.03,106.0,False,False
KXCPIYOY-24DEC,KXCPIYOY-24DEC-T2.7,2.7,3d,2025-01-12,2025-01-12,0.0,0.945,0.05,405.0,False,False
KXCPIYOY-24DEC,KXCPIYOY-24DEC-T2.7,2.7,1d,2025-01-14,2025-01-14,0.0,0.96,0.04,4907.0,False,False
KXCPIYOY-24DEC,KXCPIYOY-24DEC-T2.7,2.7,final,2025-01-15,2025-01-14,1.0,0.96,0.04,4907.0,False,False
KXCPIYOY-24DEC,KXCPIYOY-24DEC-T2.6,2.6,21d,2024-12-25,2024-12-25,0.0,0.53,0.94,0.0,False,False
KXCPIYOY-24DEC,KXCPIYOY-24DEC-T2.6,2.6,14d,2025-01-01,2025-01-01,0.0,0.97,0.06,0.0,False,False
KXCPIYOY-24DEC,KXCPIYOY-24DEC-T2.6,2.6,7d,2025-01-08,2025-01-07,1.0,0.985,0.01,0.0,False,False
KXCPIYOY-24DEC,KXCPIYOY-24DEC-T2.6,2.6,3d,2025-01-12,2025-01-12,0.0,0.985,0.01,46.0,False,False
KXCPIYOY-24DEC,KXCPIYOY-24DEC-T2.6,2.6,1d,2025-01-14,2025-01-12,2.0,0.985,0.01,46.0,False,False
KXCPIYOY-24DEC,KXCPIYOY-24DEC-T2.6,2.6,final,2025-01-15,2025-01-12,3.0,0.985,0.01,46.0,False,False
KXCPIYOY-24DEC,KXCPIYOY-24DEC-T2.5,2.5,21d,2024-12-25,2024-12-25,0.0,0.915,0.17,0.0,False,False
KXCPIYOY-24DEC,KXCPIYOY-24DEC-T2.5,2.5,14d,2025-01-01,2025-01-01,0.0,0.97,0.06,0.0,False,False
KXCPIYOY-24DEC,KXCPIYOY-24DEC-T2.5,2.5,7d,2025-01-08,2025-01-08,0.0,0.98,0.04,0.0,False,False
KXCPIYOY-24DEC,KXCPIYOY-24DEC-T2.5,2.5,3d,2025-01-12,2025-01-08,4.0,0.98,0.04,0.0,False,False
KXCPIYOY-24DEC,KXCPIYOY-24DEC-T2.5,2.5,1d,2025-01-14,2025-01-08,6.0,0.98,0.04,0.0,False,False
KXCPIYOY-24DEC,KXCPIYOY-24DEC-T2.5,2.5,final,2025-01-15,2025-01-08,7.0,0.98,0.04,0.0,False,False
KXCPIYOY-24DEC,KXCPIYOY-24DEC-T2.4,2.4,21d,2024-12-25,2024-12-25,0.0,0.92,0.16,0.0,False,False
KXCPIYOY-24DEC,KXCPIYOY-24DEC-T2.4,2.4,14d,2025-01-01,2024-12-29,3.0,0.97,0.06,0.0,False,False
KXCPIYOY-24DEC,KXCPIYOY-24DEC-T2.4,2.4,7d,2025-01-08,2025-01-06,2.0,0.985,0.03,0.0,False,False
KXCPIYOY-24DEC,KXCPIYOY-24DEC-T2.4,2.4,3d,2025-01-12,2025-01-06,6.0,0.985,0.03,0.0,False,False
KXCPIYOY-24DEC,KXCPIYOY-24DEC-T2.4,2.4,1d,2025-01-14,2025-01-06,8.0,0.985,0.03,0.0,False,False
KXCPIYOY-24DEC,KXCPIYOY-24DEC-T2.4,2.4,final,2025-01-15,2025-01-06,9.0,0.985,0.03,0.0,False,False
KXCPIYOY-24DEC,KXCPIYOY-24DEC-T2.3,2.3,21d,2024-12-25,2024-12-25,0.0,0.945,0.11,0.0,False,False
KXCPIYOY-24DEC,KXCPIYOY-24DEC-T2.3,2.3,14d,2025-01-01,2024-12-29,3.0,0.97,0.06,0.0,False,False
KXCPIYOY-24DEC,KXCPIYOY-24DEC-T2.3,2.3,7d,2025-01-08,2025-01-08,0.0,0.965,0.07,0.0,False,False
KXCPIYOY-24DEC,KXCPIYOY-24DEC-T2.3,2.3,3d,2025-01-12,2025-01-11,1.0,0.97,0.06,0.0,False,False
KXCPIYOY-24DEC,KXCPIYOY-24DEC-T2.3,2.3,1d,2025-01-14,2025-01-13,1.0,0.975,0.05,0.0,False,False
KXCPIYOY-24DEC,KXCPIYOY-24DEC-T2.3,2.3,final,2025-01-15,2025-01-13,2.0,0.975,0.05,0.0,False,False
KXCPIYOY-24DEC,KXCPIYOY-24DEC-T2.2,2.2,21d,2024-12-25,2024-12-25,0.0,0.885,0.23,0.0,False,False
KXCPIYOY-24DEC,KXCPIYOY-24DEC-T2.2,2.2,14d,2025-01-01,2024-12-29,3.0,0.97,0.06,0.0,False,False
KXCPIYOY-24DEC,KXCPIYOY-24DEC-T2.2,2.2,7d,2025-01-08,2025-01-08,0.0,0.975,0.05,0.0,False,False
KXCPIYOY-24DEC,KXCPIYOY-24DEC-T2.2,2.2,3d,2025-01-12,2025-01-08,4.0,0.975,0.05,0.0,False,False
KXCPIYOY-24DEC,KXCPIYOY-24DEC-T2.2,2.2,1d,2025-01-14,2025-01-08,6.0,0.975,0.05,0.0,False,False
KXCPIYOY-24DEC,KXCPIYOY-24DEC-T2.2,2.2,final,2025-01-15,2025-01-08,7.0,0.975,0.05,0.0,False,False
KXCPIYOY-24DEC,KXCPIYOY-24DEC-T2.1,2.1,21d,2024-12-25,2024-12-25,0.0,0.945,0.11,0.0,False,False
KXCPIYOY-24DEC,KXCPIYOY-24DEC-T2.1,2.1,14d,2025-01-01,2024-12-29,3.0,0.97,0.06,0.0,False,False
KXCPIYOY-24DEC,KXCPIYOY-24DEC-T2.1,2.1,7d,2025-01-08,2025-01-08,0.0,0.98,0.04,0.0,False,False
KXCPIYOY-24DEC,KXCPIYOY-24DEC-T2.1,2.1,3d,2025-01-12,2025-01-08,4.0,0.98,0.04,0.0,False,False
KXCPIYOY-24DEC,KXCPIYOY-24DEC-T2.1,2.1,1d,2025-01-14,2025-01-08,6.0,0.98,0.04,0.0,False,False
KXCPIYOY-24DEC,KXCPIYOY-24DEC-T2.1,2.1,final,2025-01-15,2025-01-08,7.0,0.98,0.04,0.0,False,False
KXCPIYOY-24DEC,KXCPIYOY-24DEC-T2.0,2.0,21d,2024-12-25,2024-12-24,1.0,0.955,0.09,0.0,False,False
KXCPIYOY-24DEC,KXCPIYOY-24DEC-T2.0,2.0,14d,2025-01-01,2025-01-01,0.0,0.97,0.06,0.0,False,False
KXCPIYOY-24DEC,KXCPIYOY-24DEC-T2.0,2.0,7d,2025-01-08,2025-01-08,0.0,0.98,0.04,0.0,False,False
KXCPIYOY-24DEC,KXCPIYOY-24DEC-T2.0,2.0,3d,2025-01-12,2025-01-08,4.0,0.98,0.04,0.0,False,False
KXCPIYOY-24DEC,KXCPIYOY-24DEC-T2.0,2.0,1d,2025-01-14,2025-01-08,6.0,0.98,0.04,0.0,False,False
KXCPIYOY-24DEC,KXCPIYOY-24DEC-T2.0,2.0,final,2025-01-15,2025-01-08,7.0,0.98,0.04,0.0,False,False
KXCPIYOY-24NOV,KXCPIYOY-24NOV-T3.0,3.0,21d,2024-11-20,2024-11-20,0.0,0.03,0.04,0.0,False,False
KXCPIYOY-24NOV,KXCPIYOY-24NOV-T3.0,3.0,14d,2024-11-27,2024-11-26,1.0,0.03,0.04,0.0,False,False
KXCPIYOY-24NOV,KXCPIYOY-24NOV-T3.0,3.0,7d,2024-12-04,2024-12-04,0.0,0.02,0.02,0.0,False,False
KXCPIYOY-24NOV,KXCPIYOY-24NOV-T3.0,3.0,3d,2024-12-08,2024-12-05,3.0,0.015,0.03,8.0,False,False
KXCPIYOY-24NOV,KXCPIYOY-24NOV-T3.0,3.0,1d,2024-12-10,2024-12-10,0.0,0.01,0.02,0.0,False,False
KXCPIYOY-24NOV,KXCPIYOY-24NOV-T3.0,3.0,final,2024-12-11,2024-12-10,1.0,0.01,0.02,0.0,False,False
KXCPIYOY-24NOV,KXCPIYOY-24NOV-T2.9,2.9,21d,2024-11-20,2024-11-20,0.0,0.04,0.06,0.0,False,False
KXCPIYOY-24NOV,KXCPIYOY-24NOV-T2.9,2.9,14d,2024-11-27,2024-11-26,1.0,0.045,0.05,0.0,False,False
KXCPIYOY-24NOV,KXCPIYOY-24NOV-T2.9,2.9,7d,2024-12-04,2024-12-04,0.0,0.025,0.03,0.0,False,False
KXCPIYOY-24NOV,KXCPIYOY-24NOV-T2.9,2.9,3d,2024-12-08,2024-12-07,1.0,0.02,0.04,8.0,False,False
KXCPIYOY-24NOV,KXCPIYOY-24NOV-T2.9,2.9,1d,2024-12-10,2024-12-10,0.0,0.015,0.03,0.0,False,False
KXCPIYOY-24NOV,KXCPIYOY-24NOV-T2.9,2.9,final,2024-12-11,2024-12-10,1.0,0.015,0.03,0.0,False,False
KXCPIYOY-24NOV,KXCPIYOY-24NOV-T2.8,2.8,21d,2024-11-20,2024-11-20,0.0,0.19,0.08,1015.0,False,False
KXCPIYOY-24NOV,KXCPIYOY-24NOV-T2.8,2.8,14d,2024-11-27,2024-11-27,0.0,0.22,0.04,94.0,False,False
KXCPIYOY-24NOV,KXCPIYOY-24NOV-T2.8,2.8,7d,2024-12-04,2024-12-04,0.0,0.23,0.02,11385.0,False,False
KXCPIYOY-24NOV,KXCPIYOY-24NOV-T2.8,2.8,3d,2024-12-08,2024-12-08,0.0,0.17,0.04,2223.0,False,False
KXCPIYOY-24NOV,KXCPIYOY-24NOV-T2.8,2.8,1d,2024-12-10,2024-12-10,0.0,0.2,0.02,8573.0,False,False
KXCPIYOY-24NOV,KXCPIYOY-24NOV-T2.8,2.8,final,2024-12-11,2024-12-10,1.0,0.2,0.02,8573.0,False,False
KXCPIYOY-24NOV,KXCPIYOY-24NOV-T2.7,2.7,21d,2024-11-20,2024-11-20,0.0,0.35,0.06,632.0,False,False
KXCPIYOY-24NOV,KXCPIYOY-24NOV-T2.7,2.7,14d,2024-11-27,2024-11-27,0.0,0.35,0.04,1.0,False,False
KXCPIYOY-24NOV,KXCPIYOY-24NOV-T2.7,2.7,7d,2024-12-04,2024-12-04,0.0,0.385,0.03,9737.0,False,False
KXCPIYOY-24NOV,KXCPIYOY-24NOV-T2.7,2.7,3d,2024-12-08,2024-12-08,0.0,0.32,0.04,326.0,False,False
KXCPIYOY-24NOV,KXCPIYOY-24NOV-T2.7,2.7,1d,2024-12-10,2024-12-10,0.0,0.36,0.04,5485.0,False,False
KXCPIYOY-24NOV,KXCPIYOY-24NOV-T2.7,2.7,final,2024-12-11,2024-12-10,1.0,0.36,0.04,5485.0,False,False
KXCPIYOY-24NOV,KXCPIYOY-24NOV-T2.6,2.6,21d,2024-11-20,2024-11-20,0.0,0.79,0.04,501.0,False,False
KXCPIYOY-24NOV,KXCPIYOY-24NOV-T2.6,2.6,14d,2024-11-27,2024-11-27,0.0,0.775,0.05,370.0,False,False
KXCPIYOY-24NOV,KXCPIYOY-24NOV-T2.6,2.6,7d,2024-12-04,2024-12-04,0.0,0.825,0.03,1243.0,False,False
KXCPIYOY-24NOV,KXCPIYOY-24NOV-T2.6,2.6,3d,2024-12-08,2024-12-08,0.0,0.815,0.05,373.0,False,False
KXCPIYOY-24NOV,KXCPIYOY-24NOV-T2.6,2.6,1d,2024-12-10,2024-12-10,0.0,0.84,0.02,858.0,False,False
KXCPIYOY-24NOV,KXCPIYOY-24NOV-T2.6,2.6,final,2024-12-11,2024-12-10,1.0,0.84,0.02,858.0,False,False
KXCPIYOY-24NOV,KXCPIYOY-24NOV-T2.5,2.5,21d,2024-11-20,2024-11-20,0.0,0.945,0.05,658.0,False,False
KXCPIYOY-24NOV,KXCPIYOY-24NOV-T2.5,2.5,14d,2024-11-27,2024-11-26,1.0,0.93,0.04,115.0,False,False
KXCPIYOY-24NOV,KXCPIYOY-24NOV-T2.5,2.5,7d,2024-12-04,2024-12-04,0.0,0.935,0.05,205.0,False,False
KXCPIYOY-24NOV,KXCPIYOY-24NOV-T2.5,2.5,3d,2024-12-08,2024-12-08,0.0,0.94,0.02,10.0,False,False
KXCPIYOY-24NOV,KXCPIYOY-24NOV-T2.5,2.5,1d,2024-12-10,2024-12-10,0.0,0.955,0.03,1570.0,False,False
KXCPIYOY-24NOV,KXCPIYOY-24NOV-T2.5,2.5,final,2024-12-11,2024-12-10,1.0,0.955,0.03,1570.0,False,False
KXCPIYOY-24NOV,KXCPIYOY-24NOV-T2.4,2.4,21d,2024-11-20,2024-11-20,0.0,0.97,0.04,0.0,False,False
KXCPIYOY-24NOV,KXCPIYOY-24NOV-T2.4,2.4,14d,2024-11-27,2024-11-26,1.0,0.975,0.03,0.0,False,False
KXCPIYOY-24NOV,KXCPIYOY-24NOV-T2.4,2.4,7d,2024-12-04,2024-12-04,0.0,0.985,0.01,0.0,False,False
KXCPIYOY-24NOV,KXCPIYOY-24NOV-T2.4,2.4,3d,2024-12-08,2024-12-08,0.0,0.995,0.01,0.0,False,False
KXCPIYOY-24NOV,KXCPIYOY-24NOV-T2.4,2.4,1d,2024-12-10,2024-12-09,1.0,0.99,0.02,0.0,False,False
KXCPIYOY-24NOV,KXCPIYOY-24NOV-T2.4,2.4,final,2024-12-11,2024-12-09,2.0,0.99,0.02,0.0,False,False
KXCPIYOY-24NOV,KXCPIYOY-24NOV-T2.3,2.3,21d,2024-11-20,2024-11-20,0.0,0.975,0.03,0.0,False,False
KXCPIYOY-24NOV,KXCPIYOY-24NOV-T2.3,2.3,14d,2024-11-27,2024-11-26,1.0,0.99,0.02,10.0,False,False
KXCPIYOY-24NOV,KXCPIYOY-24NOV-T2.3,2.3,7d,2024-12-04,2024-12-04,0.0,0.995,0.01,7.0,False,False
KXCPIYOY-24NOV,KXCPIYOY-24NOV-T2.3,2.3,3d,2024-12-08,2024-12-04,4.0,0.995,0.01,7.0,False,False
KXCPIYOY-24NOV,KXCPIYOY-24NOV-T2.3,2.3,1d,2024-12-10,2024-12-04,6.0,0.995,0.01,7.0,False,False
KXCPIYOY-24NOV,KXCPIYOY-24NOV-T2.3,2.3,final,2024-12-11,2024-12-04,7.0,0.995,0.01,7.0,False,False
KXCPIYOY-24NOV,KXCPIYOY-24NOV-T2.2,2.2,21d,2024-11-20,2024-11-20,0.0,0.985,0.03,0.0,False,False
KXCPIYOY-24NOV,KXCPIYOY-24NOV-T2.2,2.2,14d,2024-11-27,2024-11-26,1.0,0.98,0.02,0.0,False,False
KXCPIYOY-24NOV,KXCPIYOY-24NOV-T2.2,2.2,7d,2024-12-04,2024-12-04,0.0,0.995,0.01,7.0,False,False
KXCPIYOY-24NOV,KXCPIYOY-24NOV-T2.2,2.2,3d,2024-12-08,2024-12-04,4.0,0.995,0.01,7.0,False,False
KXCPIYOY-24NOV,KXCPIYOY-24NOV-T2.2,2.2,1d,2024-12-10,2024-12-04,6.0,0.995,0.01,7.0,False,False
KXCPIYOY-24NOV,KXCPIYOY-24NOV-T2.2,2.2,final,2024-12-11,2024-12-04,7.0,0.995,0.01,7.0,False,False
KXCPIYOY-24NOV,KXCPIYOY-24NOV-T2.1,2.1,21d,2024-11-20,2024-11-20,0.0,0.985,0.03,0.0,False,False
KXCPIYOY-24NOV,KXCPIYOY-24NOV-T2.1,2.1,14d,2024-11-27,2024-11-26,1.0,0.985,0.03,100.0,False,False
KXCPIYOY-24NOV,KXCPIYOY-24NOV-T2.1,2.1,7d,2024-12-04,2024-12-04,0.0,0.995,0.01,7.0,False,False
KXCPIYOY-24NOV,KXCPIYOY-24NOV-T2.1,2.1,3d,2024-12-08,2024-12-04,4.0,0.995,0.01,7.0,False,False
KXCPIYOY-24NOV,KXCPIYOY-24NOV-T2.1,2.1,1d,2024-12-10,2024-12-04,6.0,0.995,0.01,7.0,False,False
KXCPIYOY-24NOV,KXCPIYOY-24NOV-T2.1,2.1,final,2024-12-11,2024-12-04,7.0,0.995,0.01,7.0,False,False
CPIYOY-24OCT,CPIYOY-24OCT-T3.1,3.1,21d,2024-10-23,2024-10-12,11.0,0.005,0.01,8.0,False,False
CPIYOY-24OCT,CPIYOY-24OCT-T3.1,3.1,14d,2024-10-30,2024-10-12,18.0,0.005,0.01,8.0,False,True
CPIYOY-24OCT,CPIYOY-24OCT-T3.1,3.1,7d,2024-11-06,2024-11-01,5.0,0.075,0.15,0.0,False,False
CPIYOY-24OCT,CPIYOY-24OCT-T3.1,3.1,3d,2024-11-10,2024-11-01,9.0,0.075,0.15,0.0,False,False
CPIYOY-24OCT,CPIYOY-24OCT-T3.1,3.1,1d,2024-11-12,2024-11-01,11.0,0.075,0.15,0.0,False,False
CPIYOY-24OCT,CPIYOY-24OCT-T3.1,3.1,final,2024-11-13,2024-11-01,12.0,0.075,0.15,0.0,False,False
CPIYOY-24OCT,CPIYOY-24OCT-T3.0,3.0,21d,2024-10-23,2024-10-21,2.0,0.025,0.05,0.0,False,False
CPIYOY-24OCT,CPIYOY-24OCT-T3.0,3.0,14d,2024-10-30,2024-10-21,9.0,0.025,0.05,0.0,False,False
CPIYOY-24OCT,CPIYOY-24OCT-T3.0,3.0,7d,2024-11-06,2024-10-21,16.0,0.025,0.05,0.0,False,True
CPIYOY-24OCT,CPIYOY-24OCT-T3.0,3.0,3d,2024-11-10,2024-10-21,20.0,0.025,0.05,0.0,False,True
CPIYOY-24OCT,CPIYOY-24OCT-T3.0,3.0,1d,2024-11-12,2024-10-21,22.0,0.025,0.05,0.0,False,True
CPIYOY-24OCT,CPIYOY-24OCT-T3.0,3.0,final,2024-11-13,2024-10-21,23.0,0.025,0.05,0.0,False,True
CPIYOY-24OCT,CPIYOY-24OCT-T2.9,2.9,21d,2024-10-23,2024-10-21,2.0,0.055,0.09,0.0,False,False
CPIYOY-24OCT,CPIYOY-24OCT-T2.9,2.9,14d,2024-10-30,2024-10-25,5.0,0.055,0.09,0.0,False,False
CPIYOY-24OCT,CPIYOY-24OCT-T2.9,2.9,7d,2024-11-06,2024-10-25,12.0,0.055,0.09,0.0,False,False
CPIYOY-24OCT,CPIYOY-24OCT-T2.9,2.9,3d,2024-11-10,2024-10-25,16.0,0.055,0.09,0.0,False,True
CPIYOY-24OCT,CPIYOY-24OCT-T2.9,2.9,1d,2024-11-12,2024-10-25,18.0,0.055,0.09,0.0,False,True
CPIYOY-24OCT,CPIYOY-24OCT-T2.9,2.9,final,2024-11-13,2024-10-25,19.0,0.055,0.09,0.0,False,True
CPIYOY-24OCT,CPIYOY-24OCT-T2.8,2.8,21d,2024-10-23,2024-10-22,1.0,0.075,0.13,0.0,False,False
CPIYOY-24OCT,CPIYOY-24OCT-T2.8,2.8,14d,2024-10-30,2024-10-25,5.0,0.075,0.13,0.0,False,False
CPIYOY-24OCT,CPIYOY-24OCT-T2.8,2.8,7d,2024-11-06,2024-10-25,12.0,0.075,0.13,0.0,False,False
CPIYOY-24OCT,CPIYOY-24OCT-T2.8,2.8,3d,2024-11-10,2024-10-25,16.0,0.075,0.13,0.0,False,True
CPIYOY-24OCT,CPIYOY-24OCT-T2.8,2.8,1d,2024-11-12,2024-10-25,18.0,0.075,0.13,0.0,False,True
CPIYOY-24OCT,CPIYOY-24OCT-T2.8,2.8,final,2024-11-13,2024-10-25,19.0,0.075,0.13,0.0,False,True
CPIYOY-24OCT,CPIYOY-24OCT-T2.7,2.7,21d,2024-10-23,2024-10-23,0.0,0.23,0.44,0.0,False,False
CPIYOY-24OCT,CPIYOY-24OCT-T2.7,2.7,14d,2024-10-30,2024-10-30,0.0,0.23,0.42,0.0,False,False
CPIYOY-24OCT,CPIYOY-24OCT-T2.7,2.7,7d,2024-11-06,2024-11-06,0.0,0.23,0.44,0.0,False,False
CPIYOY-24OCT,CPIYOY-24OCT-T2.7,2.7,3d,2024-11-10,2024-11-10,0.0,0.23,0.42,0.0,False,False
CPIYOY-24OCT,CPIYOY-24OCT-T2.7,2.7,1d,2024-11-12,2024-11-12,0.0,0.23,0.42,0.0,False,False
CPIYOY-24OCT,CPIYOY-24OCT-T2.7,2.7,final,2024-11-13,2024-11-12,1.0,0.23,0.42,0.0,False,False
CPIYOY-24OCT,CPIYOY-24OCT-T2.6,2.6,21d,2024-10-23,2024-10-23,0.0,0.435,0.49,0.0,False,False
CPIYOY-24OCT,CPIYOY-24OCT-T2.6,2.6,14d,2024-10-30,2024-10-30,0.0,0.435,0.49,0.0,False,False
CPIYOY-24OCT,CPIYOY-24OCT-T2.6,2.6,7d,2024-11-06,2024-11-06,0.0,0.42,0.54,0.0,False,False
CPIYOY-24OCT,CPIYOY-24OCT-T2.6,2.6,3d,2024-11-10,2024-11-10,0.0,0.42,0.52,0.0,False,False
CPIYOY-24OCT,CPIYOY-24OCT-T2.6,2.6,1d,2024-11-12,2024-11-12,0.0,0.42,0.52,0.0,False,False
CPIYOY-24OCT,CPIYOY-24OCT-T2.6,2.6,final,2024-11-13,2024-11-12,1.0,0.42,0.52,0.0,False,False
CPIYOY-24OCT,CPIYOY-24OCT-T2.5,2.5,21d,2024-10-23,2024-10-23,0.0,0.7,0.18,0.0,False,False
CPIYOY-24OCT,CPIYOY-24OCT-T2.5,2.5,14d,2024-10-30,2024-10-30,0.0,0.7,0.18,0.0,False,False
CPIYOY-24OCT,CPIYOY-24OCT-T2.5,2.5,7d,2024-11-06,2024-11-05,1.0,0.795,0.01,5.0,False,False
CPIYOY-24OCT,CPIYOY-24OCT-T2.5,2.5,3d,2024-11-10,2024-11-09,1.0,0.84,0.08,100.0,False,False
CPIYOY-24OCT,CPIYOY-24OCT-T2.5,2.5,1d,2024-11-12,2024-11-12,0.0,0.835,0.07,0.0,False,False
CPIYOY-24OCT,CPIYOY-24OCT-T2.5,2.5,final,2024-11-13,2024-11-12,1.0,0.835,0.07,0.0,False,False
CPIYOY-24OCT,CPIYOY-24OCT-T2.4,2.4,21d,2024-10-23,2024-10-23,0.0,0.505,0.87,0.0,False,False
CPIYOY-24OCT,CPIYOY-24OCT-T2.4,2.4,14d,2024-10-30,2024-10-30,0.0,0.725,0.43,0.0,False,False
CPIYOY-24OCT,CPIYOY-24OCT-T2.4,2.4,7d,2024-11-06,2024-11-06,0.0,0.465,0.87,0.0,False,False
CPIYOY-24OCT,CPIYOY-24OCT-T2.4,2.4,3d,2024-11-10,2024-11-10,0.0,0.51,0.94,0.0,False,False
CPIYOY-24OCT,CPIYOY-24OCT-T2.4,2.4,1d,2024-11-12,2024-11-12,0.0,0.51,0.94,0.0,False,False
CPIYOY-24OCT,CPIYOY-24OCT-T2.4,2.4,final,2024-11-13,2024-11-12,1.0,0.51,0.94,0.0,False,False
CPIYOY-24OCT,CPIYOY-24OCT-T2.3,2.3,21d,2024-10-23,2024-10-22,1.0,0.91,0.16,0.0,False,False
CPIYOY-24OCT,CPIYOY-24OCT-T2.3,2.3,14d,2024-10-30,2024-10-30,0.0,0.91,0.14,0.0,False,False
CPIYOY-24OCT,CPIYOY-24OCT-T2.3,2.3,7d,2024-11-06,2024-11-06,0.0,0.91,0.16,0.0,False,False
CPIYOY-24OCT,CPIYOY-24OCT-T2.3,2.3,3d,2024-11-10,2024-11-10,0.0,0.945,0.07,0.0,False,False
CPIYOY-24OCT,CPIYOY-24OCT-T2.3,2.3,1d,2024-11-12,2024-11-12,0.0,0.945,0.07,0.0,False,False
CPIYOY-24OCT,CPIYOY-24OCT-T2.3,2.3,final,2024-11-13,2024-11-12,1.0,0.945,0.07,0.0,False,False
CPIYOY-24SEP,CPIYOY-24SEP-T2.2,2.2,21d,2024-09-19,2024-09-19,0.0,0.635,0.09,0.0,False,False
CPIYOY-24SEP,CPIYOY-24SEP-T2.2,2.2,14d,2024-09-26,2024-09-26,0.0,0.695,0.09,368.0,False,False
CPIYOY-24SEP,CPIYOY-24SEP-T2.2,2.2,7d,2024-10-03,2024-10-03,0.0,0.695,0.05,700.0,False,False
CPIYOY-24SEP,CPIYOY-24SEP-T2.2,2.2,3d,2024-10-07,2024-10-07,0.0,0.755,0.05,8.0,False,False
CPIYOY-24SEP,CPIYOY-24SEP-T2.2,2.2,1d,2024-10-09,2024-10-09,0.0,0.83,0.04,1782.0,False,False
CPIYOY-24SEP,CPIYOY-24SEP-T2.2,2.2,final,2024-10-10,2024-10-09,1.0,0.83,0.04,1782.0,False,False
CPIYOY-24SEP,CPIYOY-24SEP-T2.1,2.1,21d,2024-09-19,2024-09-19,0.0,0.575,0.85,0.0,False,False
CPIYOY-24SEP,CPIYOY-24SEP-T2.1,2.1,14d,2024-09-26,2024-09-26,0.0,0.94,0.02,0.0,False,False
CPIYOY-24SEP,CPIYOY-24SEP-T2.1,2.1,7d,2024-10-03,2024-10-03,0.0,0.96,0.02,20.0,False,False
CPIYOY-24SEP,CPIYOY-24SEP-T2.1,2.1,3d,2024-10-07,2024-10-05,2.0,0.955,0.01,0.0,False,False
CPIYOY-24SEP,CPIYOY-24SEP-T2.1,2.1,1d,2024-10-09,2024-10-09,0.0,0.985,0.03,58.0,False,False
CPIYOY-24SEP,CPIYOY-24SEP-T2.1,2.1,final,2024-10-10,2024-10-09,1.0,0.985,0.03,58.0,False,False
CPIYOY-24SEP,CPIYOY-24SEP-T2.0,2.0,21d,2024-09-19,2024-09-14,5.0,0.515,0.97,0.0,False,False
CPIYOY-24SEP,CPIYOY-24SEP-T2.0,2.0,14d,2024-09-26,2024-09-25,1.0,0.97,0.04,0.0,False,False
CPIYOY-24SEP,CPIYOY-24SEP-T2.0,2.0,7d,2024-10-03,2024-10-03,0.0,0.98,0.02,0.0,False,False
CPIYOY-24SEP,CPIYOY-24SEP-T2.0,2.0,3d,2024-10-07,2024-10-07,0.0,0.985,0.01,0.0,False,False
CPIYOY-24SEP,CPIYOY-24SEP-T2.0,2.0,1d,2024-10-09,2024-10-08,1.0,0.99,0.02,8.0,False,False
CPIYOY-24SEP,CPIYOY-24SEP-T2.0,2.0,final,2024-10-10,2024-10-08,2.0,0.99,0.02,8.0,False,False
CPIYOY-24SEP,CPIYOY-24SEP-T3.1,3.1,21d,2024-09-19,2024-09-14,5.0,0.03,0.06,0.0,False,False
CPIYOY-24SEP,CPIYOY-24SEP-T3.1,3.1,14d,2024-09-26,2024-09-26,0.0,0.025,0.03,0.0,False,False
CPIYOY-24SEP,CPIYOY-24SEP-T3.1,3.1,7d,2024-10-03,2024-10-03,0.0,0.02,0.02,0.0,False,False
CPIYOY-24SEP,CPIYOY-24SEP-T3.1,3.1,3d,2024-10-07,2024-10-07,0.0,0.015,0.01,0.0,False,False
CPIYOY-24SEP,CPIYOY-24SEP-T3.1,3.1,1d,2024-10-09,2024-10-08,1.0,0.01,0.02,8.0,False,False
CPIYOY-24SEP,CPIYOY-24SEP-T3.1,3.1,final,2024-10-10,2024-10-08,2.0,0.01,0.02,8.0,False,False
CPIYOY-24SEP,CPIYOY-24SEP-T3.0,3.0,21d,2024-09-19,2024-09-18,1.0,0.235,0.47,0.0,False,False
CPIYOY-24SEP,CPIYOY-24SEP-T3.0,3.0,14d,2024-09-26,2024-09-26,0.0,0.03,0.04,0.0,False,False
CPIYOY-24SEP,CPIYOY-24SEP-T3.0,3.0,7d,2024-10-03,2024-10-03,0.0,0.02,0.02,0.0,False,False
CPIYOY-24SEP,CPIYOY-24SEP-T3.0,3.0,3d,2024-10-07,2024-10-04,3.0,0.03,0.04,0.0,False,False
CPIYOY-24SEP,CPIYOY-24SEP-T3.0,3.0,1d,2024-10-09,2024-10-09,0.0,0.01,0.02,0.0,False,False
CPIYOY-24SEP,CPIYOY-24SEP-T3.0,3.0,final,2024-10-10,2024-10-09,1.0,0.01,0.02,0.0,False,False
CPIYOY-24SEP,CPIYOY-24SEP-T2.9,2.9,21d,2024-09-19,2024-09-14,5.0,0.03,0.06,0.0,False,False
CPIYOY-24SEP,CPIYOY-24SEP-T2.9,2.9,14d,2024-09-26,2024-09-26,0.0,0.03,0.04,0.0,False,False
CPIYOY-24SEP,CPIYOY-24SEP-T2.9,2.9,7d,2024-10-03,2024-10-03,0.0,0.02,0.02,0.0,False,False
CPIYOY-24SEP,CPIYOY-24SEP-T2.9,2.9,3d,2024-10-07,2024-10-04,3.0,0.035,0.05,0.0,False,False
CPIYOY-24SEP,CPIYOY-24SEP-T2.9,2.9,1d,2024-10-09,2024-10-09,0.0,0.01,0.02,0.0,False,False
CPIYOY-24SEP,CPIYOY-24SEP-T2.9,2.9,final,2024-10-10,2024-10-09,1.0,0.01,0.02,0.0,False,False
CPIYOY-24SEP,CPIYOY-24SEP-T2.8,2.8,21d,2024-09-19,2024-09-15,4.0,0.055,0.11,0.0,False,False
CPIYOY-24SEP,CPIYOY-24SEP-T2.8,2.8,14d,2024-09-26,2024-09-26,0.0,0.03,0.04,0.0,False,False
CPIYOY-24SEP,CPIYOY-24SEP-T2.8,2.8,7d,2024-10-03,2024-10-03,0.0,0.02,0.02,0.0,False,False
CPIYOY-24SEP,CPIYOY-24SEP-T2.8,2.8,3d,2024-10-07,2024-10-04,3.0,0.035,0.05,0.0,False,False
CPIYOY-24SEP,CPIYOY-24SEP-T2.8,2.8,1d,2024-10-09,2024-10-09,0.0,0.01,0.02,0.0,False,False
CPIYOY-24SEP,CPIYOY-24SEP-T2.8,2.8,final,2024-10-10,2024-10-09,1.0,0.01,0.02,0.0,False,False
CPIYOY-24SEP,CPIYOY-24SEP-T2.7,2.7,21d,2024-09-19,2024-09-19,0.0,0.06,0.12,151.0,False,False
CPIYOY-24SEP,CPIYOY-24SEP-T2.7,2.7,14d,2024-09-26,2024-09-26,0.0,0.03,0.04,0.0,False,False
CPIYOY-24SEP,CPIYOY-24SEP-T2.7,2.7,7d,2024-10-03,2024-10-03,0.0,0.02,0.02,0.0,False,False
CPIYOY-24SEP,CPIYOY-24SEP-T2.7,2.7,3d,2024-10-07,2024-10-04,3.0,0.045,0.07,0.0,False,False
CPIYOY-24SEP,CPIYOY-24SEP-T2.7,2.7,1d,2024-10-09,2024-10-09,0.0,0.01,0.02,0.0,False,False
CPIYOY-24SEP,CPIYOY-24SEP-T2.7,2.7,final,2024-10-10,2024-10-09,1.0,0.01,0.02,0.0,False,False
CPIYOY-24SEP,CPIYOY-24SEP-T2.6,2.6,21d,2024-09-19,2024-09-19,0.0,0.075,0.15,200.0,False,False
CPIYOY-24SEP,CPIYOY-24SEP-T2.6,2.6,14d,2024-09-26,2024-09-26,0.0,0.035,0.05,0.0,False,False
CPIYOY-24SEP,CPIYOY-24SEP-T2.6,2.6,7d,2024-10-03,2024-10-03,0.0,0.025,0.03,0.0,False,False
CPIYOY-24SEP,CPIYOY-24SEP-T2.6,2.6,3d,2024-10-07,2024-10-06,1.0,0.08,0.14,0.0,False,False
CPIYOY-24SEP,CPIYOY-24SEP-T2.6,2.6,1d,2024-10-09,2024-10-09,0.0,0.01,0.02,0.0,False,False
CPIYOY-24SEP,CPIYOY-24SEP-T2.6,2.6,final,2024-10-10,2024-10-09,1.0,0.01,0.02,0.0,False,False
CPIYOY-24SEP,CPIYOY-24SEP-T2.5,2.5,21d,2024-09-19,2024-09-15,4.0,0.125,0.25,0.0,False,False
CPIYOY-24SEP,CPIYOY-24SEP-T2.5,2.5,14d,2024-09-26,2024-09-26,0.0,0.035,0.05,0.0,False,False
CPIYOY-24SEP,CPIYOY-24SEP-T2.5,2.5,7d,2024-10-03,2024-10-03,0.0,0.025,0.03,0.0,False,False
CPIYOY-24SEP,CPIYOY-24SEP-T2.5,2.5,3d,2024-10-07,2024-10-05,2.0,0.145,0.27,17.0,False,False
CPIYOY-24SEP,CPIYOY-24SEP-T2.5,2.5,1d,2024-10-09,2024-10-09,0.0,0.005,0.01,280.0,False,False
CPIYOY-24SEP,CPIYOY-24SEP-T2.5,2.5,final,2024-10-10,2024-10-09,1.0,0.005,0.01,280.0,False,False
CPIYOY-24SEP,CPIYOY-24SEP-T2.4,2.4,21d,2024-09-19,2024-09-15,4.0,0.19,0.36,0.0,False,False
CPIYOY-24SEP,CPIYOY-24SEP-T2.4,2.4,14d,2024-09-26,2024-09-26,0.0,0.07,0.1,1578.0,False,False
CPIYOY-24SEP,CPIYOY-24SEP-T2.4,2.4,7d,2024-10-03,2024-10-03,0.0,0.075,0.05,0.0,False,False
CPIYOY-24SEP,CPIYOY-24SEP-T2.4,2.4,3d,2024-10-07,2024-10-04,3.0,0.285,0.55,1500.0,False,False
CPIYOY-24SEP,CPIYOY-24SEP-T2.4,2.4,1d,2024-10-09,2024-10-09,0.0,0.055,0.09,4803.0,False,False
CPIYOY-24SEP,CPIYOY-24SEP-T2.4,2.4,final,2024-10-10,2024-10-09,1.0,0.055,0.09,4803.0,False,False
CPIYOY-24SEP,CPIYOY-24SEP-T2.3,2.3,21d,2024-09-19,2024-09-18,1.0,0.525,0.95,0.0,False,False
CPIYOY-24SEP,CPIYOY-24SEP-T2.3,2.3,14d,2024-09-26,2024-09-26,0.0,0.27,0.1,133.0,False,False
CPIYOY-24SEP,CPIYOY-24SEP-T2.3,2.3,7d,2024-10-03,2024-10-03,0.0,0.335,0.03,1520.0,False,False
CPIYOY-24SEP,CPIYOY-24SEP-T2.3,2.3,3d,2024-10-07,2024-10-06,1.0,0.45,0.6,0.0,False,False
CPIYOY-24SEP,CPIYOY-24SEP-T2.3,2.3,1d,2024-10-09,2024-10-09,0.0,0.285,0.27,5686.0,False,False
CPIYOY-24SEP,CPIYOY-24SEP-T2.3,2.3,final,2024-10-10,2024-10-09,1.0,0.285,0.27,5686.0,False,False
CPIYOY-24AUG,CPIYOY-24AUG-T3.1,3.1,21d,2024-08-21,2024-08-21,0.0,0.03,0.04,0.0,False,False
CPIYOY-24AUG,CPIYOY-24AUG-T3.1,3.1,14d,2024-08-28,2024-08-23,5.0,0.02,0.04,8.0,False,False
CPIYOY-24AUG,CPIYOY-24AUG-T3.1,3.1,7d,2024-09-04,2024-08-30,5.0,0.015,0.03,0.0,False,False
CPIYOY-24AUG,CPIYOY-24AUG-T3.1,3.1,3d,2024-09-08,2024-08-30,9.0,0.015,0.03,0.0,False,False
CPIYOY-24AUG,CPIYOY-24AUG-T3.1,3.1,1d,2024-09-10,2024-08-30,11.0,0.015,0.03,0.0,False,False
CPIYOY-24AUG,CPIYOY-24AUG-T3.1,3.1,final,2024-09-11,2024-08-30,12.0,0.015,0.03,0.0,False,False
CPIYOY-24AUG,CPIYOY-24AUG-T3.0,3.0,21d,2024-08-21,2024-08-21,0.0,0.035,0.05,0.0,False,False
CPIYOY-24AUG,CPIYOY-24AUG-T3.0,3.0,14d,2024-08-28,2024-08-28,0.0,0.015,0.03,0.0,False,False
CPIYOY-24AUG,CPIYOY-24AUG-T3.0,3.0,7d,2024-09-04,2024-08-28,7.0,0.015,0.03,0.0,False,False
CPIYOY-24AUG,CPIYOY-24AUG-T3.0,3.0,3d,2024-09-08,2024-09-06,2.0,0.02,0.04,0.0,False,False
CPIYOY-24AUG,CPIYOY-24AUG-T3.0,3.0,1d,2024-09-10,2024-09-09,1.0,0.015,0.03,0.0,False,False
CPIYOY-24AUG,CPIYOY-24AUG-T3.0,3.0,final,2024-09-11,2024-09-09,2.0,0.015,0.03,0.0,False,False
CPIYOY-24AUG,CPIYOY-24AUG-T2.9,2.9,21d,2024-08-21,2024-08-21,0.0,0.035,0.05,0.0,False,False
CPIYOY-24AUG,CPIYOY-24AUG-T2.9,2.9,14d,2024-08-28,2024-08-28,0.0,0.025,0.05,0.0,False,False
CPIYOY-24AUG,CPIYOY-24AUG-T2.9,2.9,7d,2024-09-04,2024-09-03,1.0,0.015,0.03,0.0,False,False
CPIYOY-24AUG,CPIYOY-24AUG-T2.9,2.9,3d,2024-09-08,2024-09-06,2.0,0.02,0.04,0.0,False,False
CPIYOY-24AUG,CPIYOY-24AUG-T2.9,2.9,1d,2024-09-10,2024-09-10,0.0,0.015,0.03,31.0,False,False
CPIYOY-24AUG,CPIYOY-24AUG-T2.9,2.9,final,2024-09-11,2024-09-10,1.0,0.015,0.03,31.0,False,False
CPIYOY-24AUG,CPIYOY-24AUG-T2.8,2.8,21d,2024-08-21,2024-08-21,0.0,0.03,0.04,0.0,False,False
CPIYOY-24AUG,CPIYOY-24AUG-T2.8,2.8,14d,2024-08-28,2024-08-28,0.0,0.015,0.03,30.0,False,False
CPIYOY-24AUG,CPIYOY-24AUG-T2.8,2.8,7d,2024-09-04,2024-09-04,0.0,0.02,0.04,160.0,False,False
CPIYOY-24AUG,CPIYOY-24AUG-T2.8,2.8,3d,2024-09-08,2024-09-06,2.0,0.02,0.04,0.0,False,False
CPIYOY-24AUG,CPIYOY-24AUG-T2.8,2.8,1d,2024-09-10,2024-09-10,0.0,0.025,0.05,0.0,False,False
CPIYOY-24AUG,CPIYOY-24AUG-T2.8,2.8,final,2024-09-11,2024-09-10,1.0,0.025,0.05,0.0,False,False
CPIYOY-24AUG,CPIYOY-24AUG-T2.7,2.7,21d,2024-08-21,2024-08-21,0.0,0.04,0.06,0.0,False,False
CPIYOY-24AUG,CPIYOY-24AUG-T2.7,2.7,14d,2024-08-28,2024-08-28,0.0,0.035,0.05,20.0,False,False
CPIYOY-24AUG,CPIYOY-24AUG-T2.7,2.7,7d,2024-09-04,2024-09-04,0.0,0.025,0.05,0.0,False,False
CPIYOY-24AUG,CPIYOY-24AUG-T2.7,2.7,3d,2024-09-08,2024-09-06,2.0,0.035,0.07,0.0,False,False
CPIYOY-24AUG,CPIYOY-24AUG-T2.7,2.7,1d,2024-09-10,2024-09-09,1.0,0.03,0.06,0.0,False,False
CPIYOY-24AUG,CPIYOY-24AUG-T2.7,2.7,final,2024-09-11,2024-09-09,2.0,0.03,0.06,0.0,False,False
CPIYOY-24AUG,CPIYOY-24AUG-T2.6,2.6,21d,2024-08-21,2024-08-21,0.0,0.1,0.12,0.0,False,False
CPIYOY-24AUG,CPIYOY-24AUG-T2.6,2.6,14d,2024-08-28,2024-08-28,0.0,0.095,0.13,20.0,False,False
CPIYOY-24AUG,CPIYOY-24AUG-T2.6,2.6,7d,2024-09-04,2024-09-04,0.0,0.08,0.14,10.0,False,False
CPIYOY-24AUG,CPIYOY-24AUG-T2.6,2.6,3d,2024-09-08,2024-09-08,0.0,0.165,0.23,110.0,False,False
CPIYOY-24AUG,CPIYOY-24AUG-T2.6,2.6,1d,2024-09-10,2024-09-10,0.0,0.055,0.05,250.0,False,False
CPIYOY-24AUG,CPIYOY-24AUG-T2.6,2.6,final,2024-09-11,2024-09-10,1.0,0.055,0.05,250.0,False,False
CPIYOY-24AUG,CPIYOY-24AUG-T2.5,2.5,21d,2024-08-21,2024-08-21,0.0,0.33,0.12,961.0,False,False
CPIYOY-24AUG,CPIYOY-24AUG-T2.5,2.5,14d,2024-08-28,2024-08-28,0.0,0.405,0.11,160.0,False,False
CPIYOY-24AUG,CPIYOY-24AUG-T2.5,2.5,7d,2024-09-04,2024-09-04,0.0,0.385,0.11,631.0,False,False
CPIYOY-24AUG,CPIYOY-24AUG-T2.5,2.5,3d,2024-09-08,2024-09-08,0.0,0.415,0.13,0.0,False,False
CPIYOY-24AUG,CPIYOY-24AUG-T2.5,2.5,1d,2024-09-10,2024-09-10,0.0,0.41,0.06,2700.0,False,False
CPIYOY-24AUG,CPIYOY-24AUG-T2.5,2.5,final,2024-09-11,2024-09-10,1.0,0.41,0.06,2700.0,False,False
CPIYOY-24AUG,CPIYOY-24AUG-T2.4,2.4,21d,2024-08-21,2024-08-21,0.0,0.755,0.11,1120.0,False,False
CPIYOY-24AUG,CPIYOY-24AUG-T2.4,2.4,14d,2024-08-28,2024-08-28,0.0,0.78,0.14,0.0,False,False
CPIYOY-24AUG,CPIYOY-24AUG-T2.4,2.4,7d,2024-09-04,2024-09-04,0.0,0.81,0.22,1700.0,False,False
CPIYOY-24AUG,CPIYOY-24AUG-T2.4,2.4,3d,2024-09-08,2024-09-08,0.0,0.84,0.28,0.0,False,False
CPIYOY-24AUG,CPIYOY-24AUG-T2.4,2.4,1d,2024-09-10,2024-09-10,0.0,0.75,0.08,1.0,False,False
CPIYOY-24AUG,CPIYOY-24AUG-T2.4,2.4,final,2024-09-11,2024-09-10,1.0,0.75,0.08,1.0,False,False
CPIYOY-24AUG,CPIYOY-24AUG-T2.3,2.3,21d,2024-08-21,2024-08-21,0.0,0.94,0.1,0.0,False,False
CPIYOY-24AUG,CPIYOY-24AUG-T2.3,2.3,14d,2024-08-28,2024-08-25,3.0,0.95,0.1,0.0,False,False
CPIYOY-24AUG,CPIYOY-24AUG-T2.3,2.3,7d,2024-09-04,2024-09-04,0.0,0.94,0.1,50.0,False,False
CPIYOY-24AUG,CPIYOY-24AUG-T2.3,2.3,3d,2024-09-08,2024-09-08,0.0,0.965,0.07,158.0,False,False
CPIYOY-24AUG,CPIYOY-24AUG-T2.3,2.3,1d,2024-09-10,2024-09-10,0.0,0.955,0.07,530.0,False,False
CPIYOY-24AUG,CPIYOY-24AUG-T2.3,2.3,final,2024-09-11,2024-09-10,1.0,0.955,0.07,530.0,False,False
CPIYOY-24JUL,CPIYOY-24JUL-T2.9,2.9,21d,2024-07-24,2024-07-24,0.0,0.25,0.04,0.0,False,False
CPIYOY-24JUL,CPIYOY-24JUL-T2.9,2.9,14d,2024-07-31,2024-07-31,0.0,0.295,0.09,0.0,False,False
CPIYOY-24JUL,CPIYOY-24JUL-T2.9,2.9,7d,2024-08-07,2024-08-07,0.0,0.3,0.08,1800.0,False,False
CPIYOY-24JUL,CPIYOY-24JUL-T2.9,2.9,3d,2024-08-11,2024-08-10,1.0,0.4,0.08,3300.0,False,False
CPIYOY-24JUL,CPIYOY-24JUL-T2.9,2.9,1d,2024-08-13,2024-08-13,0.0,0.41,0.08,1253.0,False,False
CPIYOY-24JUL,CPIYOY-24JUL-T2.9,2.9,final,2024-08-14,2024-08-13,1.0,0.41,0.08,1253.0,False,False
CPIYOY-24JUL,CPIYOY-24JUL-T2.8,2.8,21d,2024-07-24,2024-07-24,0.0,0.7,0.1,606.0,False,False
CPIYOY-24JUL,CPIYOY-24JUL-T2.8,2.8,14d,2024-07-31,2024-07-31,0.0,0.735,0.09,140.0,False,False
CPIYOY-24JUL,CPIYOY-24JUL-T2.8,2.8,7d,2024-08-07,2024-08-07,0.0,0.745,0.07,300.0,False,False
CPIYOY-24JUL,CPIYOY-24JUL-T2.8,2.8,3d,2024-08-11,2024-08-10,1.0,0.785,0.07,900.0,False,False
CPIYOY-24JUL,CPIYOY-24JUL-T2.8,2.8,1d,2024-08-13,2024-08-13,0.0,0.79,0.08,300.0,False,False
CPIYOY-24JUL,CPIYOY-24JUL-T2.8,2.8,final,2024-08-14,2024-08-13,1.0,0.79,0.08,300.0,False,False
CPIYOY-24JUL,CPIYOY-24JUL-T2.7,2.7,21d,2024-07-24,2024-07-24,0.0,0.965,0.05,0.0,False,False
CPIYOY-24JUL,CPIYOY-24JUL-T2.7,2.7,14d,2024-07-31,2024-07-29,2.0,0.965,0.05,0.0,False,False
CPIYOY-24JUL,CPIYOY-24JUL-T2.7,2.7,7d,2024-08-07,2024-08-07,0.0,0.96,0.04,500.0,False,False
CPIYOY-24JUL,CPIYOY-24JUL-T2.7,2.7,3d,2024-08-11,2024-08-10,1.0,0.94,0.06,0.0,False,False
CPIYOY-24JUL,CPIYOY-24JUL-T2.7,2.7,1d,2024-08-13,2024-08-13,0.0,0.94,0.06,5.0,False,False
CPIYOY-24JUL,CPIYOY-24JUL-T2.7,2.7,final,2024-08-14,2024-08-13,1.0,0.94,0.06,5.0,False,False
CPIYOY-24JUL,CPIYOY-24JUL-T3.8,3.8,21d,2024-07-24,2024-07-19,5.0,0.005,0.01,8.0,False,False
CPIYOY-24JUL,CPIYOY-24JUL-T3.8,3.8,14d,2024-07-31,2024-07-31,0.0,0.03,0.06,0.0,False,False
CPIYOY-24JUL,CPIYOY-24JUL-T3.8,3.8,7d,2024-08-07,2024-08-07,0.0,0.02,0.04,0.0,False,False
CPIYOY-24JUL,CPIYOY-24JUL-T3.8,3.8,3d,2024-08-11,2024-08-11,0.0,0.495,0.99,0.0,False,False
CPIYOY-24JUL,CPIYOY-24JUL-T3.8,3.8,1d,2024-08-13,2024-08-13,0.0,0.465,0.93,0.0,False,False
CPIYOY-24JUL,CPIYOY-24JUL-T3.8,3.8,final,2024-08-14,2024-08-13,1.0,0.465,0.93,0.0,False,False
CPIYOY-24JUL,CPIYOY-24JUL-T3.7,3.7,21d,2024-07-24,2024-07-19,5.0,0.005,0.01,8.0,False,False
CPIYOY-24JUL,CPIYOY-24JUL-T3.7,3.7,14d,2024-07-31,2024-07-19,12.0,0.005,0.01,8.0,False,False
CPIYOY-24JUL,CPIYOY-24JUL-T3.7,3.7,7d,2024-08-07,2024-08-07,0.0,0.02,0.04,0.0,False,False
CPIYOY-24JUL,CPIYOY-24JUL-T3.7,3.7,3d,2024-08-11,2024-08-11,0.0,0.495,0.99,0.0,False,False
CPIYOY-24JUL,CPIYOY-24JUL-T3.7,3.7,1d,2024-08-13,2024-08-13,0.0,0.25,0.5,0.0,False,False
CPIYOY-24JUL,CPIYOY-24JUL-T3.7,3.7,final,2024-08-14,2024-08-13,1.0,0.25,0.5,0.0,False,False
CPIYOY-24JUL,CPIYOY-24JUL-T3.6,3.6,21d,2024-07-24,2024-07-19,5.0,0.005,0.01,8.0,False,False
CPIYOY-24JUL,CPIYOY-24JUL-T3.6,3.6,14d,2024-07-31,2024-07-19,12.0,0.005,0.01,8.0,False,False
CPIYOY-24JUL,CPIYOY-24JUL-T3.6,3.6,7d,2024-08-07,2024-08-07,0.0,0.02,0.04,0.0,False,False
CPIYOY-24JUL,CPIYOY-24JUL-T3.6,3.6,3d,2024-08-11,2024-08-11,0.0,0.495,0.99,0.0,False,False
CPIYOY-24JUL,CPIYOY-24JUL-T3.6,3.6,1d,2024-08-13,2024-08-13,0.0,0.49,0.98,0.0,False,False
CPIYOY-24JUL,CPIYOY-24JUL-T3.6,3.6,final,2024-08-14,2024-08-13,1.0,0.49,0.98,0.0,False,False
CPIYOY-24JUL,CPIYOY-24JUL-T3.5,3.5,21d,2024-07-24,2024-07-19,5.0,0.005,0.01,8.0,False,False
CPIYOY-24JUL,CPIYOY-24JUL-T3.5,3.5,14d,2024-07-31,2024-07-19,12.0,0.005,0.01,8.0,False,False
CPIYOY-24JUL,CPIYOY-24JUL-T3.5,3.5,7d,2024-08-07,2024-08-07,0.0,0.02,0.04,0.0,False,False
CPIYOY-24JUL,CPIYOY-24JUL-T3.5,3.5,3d,2024-08-11,2024-08-11,0.0,0.495,0.99,0.0,False,False
CPIYOY-24JUL,CPIYOY-24JUL-T3.5,3.5,1d,2024-08-13,2024-08-13,0.0,0.455,0.91,0.0,False,False
CPIYOY-24JUL,CPIYOY-24JUL-T3.5,3.5,final,2024-08-14,2024-08-13,1.0,0.455,0.91,0.0,False,False
CPIYOY-24JUL,CPIYOY-24JUL-T3.4,3.4,21d,2024-07-24,2024-07-19,5.0,0.005,0.01,8.0,False,False
CPIYOY-24JUL,CPIYOY-24JUL-T3.4,3.4,14d,2024-07-31,2024-07-19,12.0,0.005,0.01,8.0,False,False
CPIYOY-24JUL,CPIYOY-24JUL-T3.4,3.4,7d,2024-08-07,2024-08-07,0.0,0.02,0.04,0.0,False,False
CPIYOY-24JUL,CPIYOY-24JUL-T3.4,3.4,3d,2024-08-11,2024-08-11,0.0,0.495,0.99,0.0,False,False
CPIYOY-24JUL,CPIYOY-24JUL-T3.4,3.4,1d,2024-08-13,2024-08-13,0.0,0.25,0.5,0.0,False,False
CPIYOY-24JUL,CPIYOY-24JUL-T3.4,3.4,final,2024-08-14,2024-08-13,1.0,0.25,0.5,0.0,False,False
CPIYOY-24JUL,CPIYOY-24JUL-T3.3,3.3,21d,2024-07-24,2024-07-19,5.0,0.005,0.01,8.0,False,False
CPIYOY-24JUL,CPIYOY-24JUL-T3.3,3.3,14d,2024-07-31,2024-07-19,12.0,0.005,0.01,8.0,False,False
CPIYOY-24JUL,CPIYOY-24JUL-T3.3,3.3,7d,2024-08-07,2024-08-07,0.0,0.02,0.04,0.0,False,False
CPIYOY-24JUL,CPIYOY-24JUL-T3.3,3.3,3d,2024-08-11,2024-08-11,0.0,0.495,0.99,0.0,False,False
CPIYOY-24JUL,CPIYOY-24JUL-T3.3,3.3,1d,2024-08-13,2024-08-13,0.0,0.455,0.91,0.0,False,False
CPIYOY-24JUL,CPIYOY-24JUL-T3.3,3.3,final,2024-08-14,2024-08-13,1.0,0.455,0.91,0.0,False,False
CPIYOY-24JUL,CPIYOY-24JUL-T3.2,3.2,21d,2024-07-24,2024-07-19,5.0,0.005,0.01,8.0,False,False
CPIYOY-24JUL,CPIYOY-24JUL-T3.2,3.2,14d,2024-07-31,2024-07-19,12.0,0.005,0.01,8.0,False,False
CPIYOY-24JUL,CPIYOY-24JUL-T3.2,3.2,7d,2024-08-07,2024-08-07,0.0,0.02,0.04,0.0,False,False
CPIYOY-24JUL,CPIYOY-24JUL-T3.2,3.2,3d,2024-08-11,2024-08-11,0.0,0.495,0.99,0.0,False,False
CPIYOY-24JUL,CPIYOY-24JUL-T3.2,3.2,1d,2024-08-13,2024-08-13,0.0,0.475,0.95,0.0,False,False
CPIYOY-24JUL,CPIYOY-24JUL-T3.2,3.2,final,2024-08-14,2024-08-13,1.0,0.475,0.95,0.0,False,False
CPIYOY-24JUL,CPIYOY-24JUL-T3.1,3.1,21d,2024-07-24,2024-07-19,5.0,0.005,0.01,8.0,False,False
CPIYOY-24JUL,CPIYOY-24JUL-T3.1,3.1,14d,2024-07-31,2024-07-19,12.0,0.005,0.01,8.0,False,False
CPIYOY-24JUL,CPIYOY-24JUL-T3.1,3.1,7d,2024-08-07,2024-08-06,1.0,0.025,0.05,0.0,False,False
CPIYOY-24JUL,CPIYOY-24JUL-T3.1,3.1,3d,2024-08-11,2024-08-11,0.0,0.495,0.99,0.0,False,False
CPIYOY-24JUL,CPIYOY-24JUL-T3.1,3.1,1d,2024-08-13,2024-08-13,0.0,0.25,0.5,0.0,False,False
CPIYOY-24JUL,CPIYOY-24JUL-T3.1,3.1,final,2024-08-14,2024-08-13,1.0,0.25,0.5,0.0,False,False
CPIYOY-24JUL,CPIYOY-24JUL-T3.0,3.0,21d,2024-07-24,2024-07-24,0.0,0.01,0.02,139.0,False,False
CPIYOY-24JUL,CPIYOY-24JUL-T3.0,3.0,14d,2024-07-31,2024-07-31,0.0,0.035,0.03,94.0,False,False
CPIYOY-24JUL,CPIYOY-24JUL-T3.0,3.0,7d,2024-08-07,2024-08-07,0.0,0.055,0.07,0.0,False,False
CPIYOY-24JUL,CPIYOY-24JUL-T3.0,3.0,3d,2024-08-11,2024-08-11,0.0,0.09,0.04,42.0,False,False
CPIYOY-24JUL,CPIYOY-24JUL-T3.0,3.0,1d,2024-08-13,2024-08-13,0.0,0.08,0.06,317.0,False,False
CPIYOY-24JUL,CPIYOY-24JUL-T3.0,3.0,final,2024-08-14,2024-08-13,1.0,0.08,0.06,317.0,False,False
CPIYOY-24JUN,CPIYOY-24JUN-T2.9,2.9,21d,2024-06-20,2024-06-14,6.0,0.5,1.0,0.0,False,False
CPIYOY-24JUN,CPIYOY-24JUN-T2.9,2.9,14d,2024-06-27,2024-06-27,0.0,0.5,1.0,0.0,False,False
CPIYOY-24JUN,CPIYOY-24JUN-T2.9,2.9,7d,2024-07-04,2024-07-04,0.0,0.465,0.91,0.0,False,False
CPIYOY-24JUN,CPIYOY-24JUN-T2.9,2.9,3d,2024-07-08,2024-07-08,0.0,0.955,0.07,10.0,False,False
CPIYOY-24JUN,CPIYOY-24JUN-T2.9,2.9,1d,2024-07-10,2024-07-10,0.0,0.955,0.07,0.0,False,False
CPIYOY-24JUN,CPIYOY-24JUN-T2.9,2.9,final,2024-07-11,2024-07-10,1.0,0.955,0.07,0.0,False,False
CPIYOY-24JUN,CPIYOY-24JUN-T2.8,2.8,21d,2024-06-20,2024-06-19,1.0,0.505,0.99,0.0,False,False
CPIYOY-24JUN,CPIYOY-24JUN-T2.8,2.8,14d,2024-06-27,2024-06-27,0.0,0.505,0.99,0.0,False,False
CPIYOY-24JUN,CPIYOY-24JUN-T2.8,2.8,7d,2024-07-04,2024-07-04,0.0,0.5,0.98,0.0,False,False
CPIYOY-24JUN,CPIYOY-24JUN-T2.8,2.8,3d,2024-07-08,2024-07-08,0.0,0.97,0.06,0.0,False,False
CPIYOY-24JUN,CPIYOY-24JUN-T2.8,2.8,1d,2024-07-10,2024-07-10,0.0,0.965,0.07,0.0,False,False
CPIYOY-24JUN,CPIYOY-24JUN-T2.8,2.8,final,2024-07-11,2024-07-10,1.0,0.965,0.07,0.0,False,False
CPIYOY-24JUN,CPIYOY-24JUN-T3.8,3.8,21d,2024-06-20,2024-06-14,6.0,0.015,0.03,0.0,False,False
CPIYOY-24JUN,CPIYOY-24JUN-T3.8,3.8,14d,2024-06-27,2024-06-27,0.0,0.5,1.0,0.0,False,False
CPIYOY-24JUN,CPIYOY-24JUN-T3.8,3.8,7d,2024-07-04,2024-07-04,0.0,0.5,0.98,0.0,False,False
CPIYOY-24JUN,CPIYOY-24JUN-T3.8,3.8,3d,2024-07-08,2024-07-07,1.0,0.005,0.01,1.0,False,False
CPIYOY-24JUN,CPIYOY-24JUN-T3.8,3.8,1d,2024-07-10,2024-07-07,3.0,0.005,0.01,1.0,False,False
CPIYOY-24JUN,CPIYOY-24JUN-T3.8,3.8,final,2024-07-11,2024-07-07,4.0,0.005,0.01,1.0,False,False
CPIYOY-24JUN,CPIYOY-24JUN-T3.7,3.7,21d,2024-06-20,2024-06-14,6.0,0.03,0.06,0.0,False,False
CPIYOY-24JUN,CPIYOY-24JUN-T3.7,3.7,14d,2024-06-27,2024-06-27,0.0,0.5,1.0,0.0,False,False
CPIYOY-24JUN,CPIYOY-24JUN-T3.7,3.7,7d,2024-07-04,2024-07-04,0.0,0.5,0.98,0.0,False,False
CPIYOY-24JUN,CPIYOY-24JUN-T3.7,3.7,3d,2024-07-08,2024-07-07,1.0,0.005,0.01,1.0,False,False
CPIYOY-24JUN,CPIYOY-24JUN-T3.7,3.7,1d,2024-07-10,2024-07-07,3.0,0.005,0.01,1.0,False,False
CPIYOY-24JUN,CPIYOY-24JUN-T3.7,3.7,final,2024-07-11,2024-07-07,4.0,0.005,0.01,1.0,False,False
CPIYOY-24JUN,CPIYOY-24JUN-T3.6,3.6,21d,2024-06-20,2024-06-19,1.0,0.045,0.09,0.0,False,False
CPIYOY-24JUN,CPIYOY-24JUN-T3.6,3.6,14d,2024-06-27,2024-06-27,0.0,0.05,0.1,0.0,False,False
CPIYOY-24JUN,CPIYOY-24JUN-T3.6,3.6,7d,2024-07-04,2024-07-04,0.0,0.055,0.09,100.0,False,False
CPIYOY-24JUN,CPIYOY-24JUN-T3.6,3.6,3d,2024-07-08,2024-07-07,1.0,0.005,0.01,1.0,False,False
CPIYOY-24JUN,CPIYOY-24JUN-T3.6,3.6,1d,2024-07-10,2024-07-07,3.0,0.005,0.01,1.0,False,False
CPIYOY-24JUN,CPIYOY-24JUN-T3.6,3.6,final,2024-07-11,2024-07-07,4.0,0.005,0.01,1.0,False,False
CPIYOY-24JUN,CPIYOY-24JUN-T3.5,3.5,21d,2024-06-20,2024-06-20,0.0,0.07,0.14,0.0,False,False
CPIYOY-24JUN,CPIYOY-24JUN-T3.5,3.5,14d,2024-06-27,2024-06-27,0.0,0.5,1.0,0.0,False,False
CPIYOY-24JUN,CPIYOY-24JUN-T3.5,3.5,7d,2024-07-04,2024-07-04,0.0,0.45,0.88,0.0,False,False
CPIYOY-24JUN,CPIYOY-24JUN-T3.5,3.5,3d,2024-07-08,2024-07-07,1.0,0.005,0.01,1.0,False,False
CPIYOY-24JUN,CPIYOY-24JUN-T3.5,3.5,1d,2024-07-10,2024-07-07,3.0,0.005,0.01,1.0,False,False
CPIYOY-24JUN,CPIYOY-24JUN-T3.5,3.5,final,2024-07-11,2024-07-07,4.0,0.005,0.01,1.0,False,False
CPIYOY-24JUN,CPIYOY-24JUN-T3.4,3.4,21d,2024-06-20,2024-06-20,0.0,0.125,0.25,0.0,False,False
CPIYOY-24JUN,CPIYOY-24JUN-T3.4,3.4,14d,2024-06-27,2024-06-27,0.0,0.5,1.0,0.0,False,False
CPIYOY-24JUN,CPIYOY-24JUN-T3.4,3.4,7d,2024-07-04,2024-07-04,0.0,0.5,0.98,0.0,False,False
CPIYOY-24JUN,CPIYOY-24JUN-T3.4,3.4,3d,2024-07-08,2024-07-07,1.0,0.02,0.02,0.0,False,False
CPIYOY-24JUN,CPIYOY-24JUN-T3.4,3.4,1d,2024-07-10,2024-07-09,1.0,0.005,0.01,1.0,False,False
CPIYOY-24JUN,CPIYOY-24JUN-T3.4,3.4,final,2024-07-11,2024-07-09,2.0,0.005,0.01,1.0,False,False
CPIYOY-24JUN,CPIYOY-24JUN-T3.3,3.3,21d,2024-06-20,2024-06-20,0.0,0.24,0.48,0.0,False,False
CPIYOY-24JUN,CPIYOY-24JUN-T3.3,3.3,14d,2024-06-27,2024-06-27,0.0,0.275,0.55,0.0,False,False
CPIYOY-24JUN,CPIYOY-24JUN-T3.3,3.3,7d,2024-07-04,2024-07-04,0.0,0.085,0.13,127.0,False,False
CPIYOY-24JUN,CPIYOY-24JUN-T3.3,3.3,3d,2024-07-08,2024-07-08,0.0,0.05,0.1,171.0,False,False
CPIYOY-24JUN,CPIYOY-24JUN-T3.3,3.3,1d,2024-07-10,2024-07-10,0.0,0.05,0.1,1429.0,False,False
CPIYOY-24JUN,CPIYOY-24JUN-T3.3,3.3,final,2024-07-11,2024-07-10,1.0,0.05,0.1,1429.0,False,False
CPIYOY-24JUN,CPIYOY-24JUN-T3.2,3.2,21d,2024-06-20,2024-06-20,0.0,0.365,0.73,0.0,False,False
CPIYOY-24JUN,CPIYOY-24JUN-T3.2,3.2,14d,2024-06-27,2024-06-27,0.0,0.5,1.0,0.0,False,False
CPIYOY-24JUN,CPIYOY-24JUN-T3.2,3.2,7d,2024-07-04,2024-07-04,0.0,0.175,0.25,0.0,False,False
CPIYOY-24JUN,CPIYOY-24JUN-T3.2,3.2,3d,2024-07-08,2024-07-08,0.0,0.1,0.1,1000.0,False,False
CPIYOY-24JUN,CPIYOY-24JUN-T3.2,3.2,1d,2024-07-10,2024-07-10,0.0,0.09,0.16,170.0,False,False
CPIYOY-24JUN,CPIYOY-24JUN-T3.2,3.2,final,2024-07-11,2024-07-10,1.0,0.09,0.16,170.0,False,False
CPIYOY-24JUN,CPIYOY-24JUN-T3.1,3.1,21d,2024-06-20,2024-06-19,1.0,0.44,0.88,0.0,False,False
CPIYOY-24JUN,CPIYOY-24JUN-T3.1,3.1,14d,2024-06-27,2024-06-27,0.0,0.5,1.0,0.0,False,False
CPIYOY-24JUN,CPIYOY-24JUN-T3.1,3.1,7d,2024-07-04,2024-07-04,0.0,0.5,0.98,0.0,False,False
CPIYOY-24JUN,CPIYOY-24JUN-T3.1,3.1,3d,2024-07-08,2024-07-08,0.0,0.19,0.12,2.0,False,False
CPIYOY-24JUN,CPIYOY-24JUN-T3.1,3.1,1d,2024-07-10,2024-07-10,0.0,0.19,0.12,25.0,False,False
CPIYOY-24JUN,CPIYOY-24JUN-T3.1,3.1,final,2024-07-11,2024-07-10,1.0,0.19,0.12,25.0,False,False
CPIYOY-24JUN,CPIYOY-24JUN-T3.0,3.0,21d,2024-06-20,2024-06-20,0.0,0.47,0.94,0.0,False,False
CPIYOY-24JUN,CPIYOY-24JUN-T3.0,3.0,14d,2024-06-27,2024-06-27,0.0,0.47,0.94,0.0,False,False
CPIYOY-24JUN,CPIYOY-24JUN-T3.0,3.0,7d,2024-07-04,2024-07-04,0.0,0.475,0.93,0.0,False,False
CPIYOY-24JUN,CPIYOY-24JUN-T3.0,3.0,3d,2024-07-08,2024-07-08,0.0,0.69,0.12,103.0,False,False
CPIYOY-24JUN,CPIYOY-24JUN-T3.0,3.0,1d,2024-07-10,2024-07-10,0.0,0.69,0.12,0.0,False,False
CPIYOY-24JUN,CPIYOY-24JUN-T3.0,3.0,final,2024-07-11,2024-07-10,1.0,0.69,0.12,0.0,False,False
CPIYOY-24MAY,CPIYOY-24MAY-T3.9,3.9,21d,2024-05-22,2024-05-19,3.0,0.05,0.1,0.0,False,False
CPIYOY-24MAY,CPIYOY-24MAY-T3.9,3.9,14d,2024-05-29,2024-05-29,0.0,0.035,0.07,0.0,False,False
CPIYOY-24MAY,CPIYOY-24MAY-T3.9,3.9,7d,2024-06-05,2024-06-05,0.0,0.025,0.05,0.0,False,False
CPIYOY-24MAY,CPIYOY-24MAY-T3.9,3.9,3d,2024-06-09,2024-06-09,0.0,0.035,0.07,0.0,False,False
CPIYOY-24MAY,CPIYOY-24MAY-T3.9,3.9,1d,2024-06-11,2024-06-11,0.0,0.015,0.03,0.0,False,False
CPIYOY-24MAY,CPIYOY-24MAY-T3.9,3.9,final,2024-06-12,2024-06-11,1.0,0.015,0.03,0.0,False,False
CPIYOY-24MAY,CPIYOY-24MAY-T3.8,3.8,21d,2024-05-22,2024-05-19,3.0,0.075,0.15,0.0,False,False
CPIYOY-24MAY,CPIYOY-24MAY-T3.8,3.8,14d,2024-05-29,2024-05-29,0.0,0.04,0.08,0.0,False,False
CPIYOY-24MAY,CPIYOY-24MAY-T3.8,3.8,7d,2024-06-05,2024-06-05,0.0,0.01,0.02,0.0,False,False
CPIYOY-24MAY,CPIYOY-24MAY-T3.8,3.8,3d,2024-06-09,2024-06-09,0.0,0.04,0.08,0.0,False,False
CPIYOY-24MAY,CPIYOY-24MAY-T3.8,3.8,1d,2024-06-11,2024-06-11,0.0,0.015,0.03,0.0,False,False
CPIYOY-24MAY,CPIYOY-24MAY-T3.8,3.8,final,2024-06-12,2024-06-11,1.0,0.015,0.03,0.0,False,False
CPIYOY-24MAY,CPIYOY-24MAY-T3.7,3.7,21d,2024-05-22,2024-05-22,0.0,0.1,0.2,0.0,False,False
CPIYOY-24MAY,CPIYOY-24MAY-T3.7,3.7,14d,2024-05-29,2024-05-29,0.0,0.03,0.06,0.0,False,False
CPIYOY-24MAY,CPIYOY-24MAY-T3.7,3.7,7d,2024-06-05,2024-06-05,0.0,0.03,0.06,0.0,False,False
CPIYOY-24MAY,CPIYOY-24MAY-T3.7,3.7,3d,2024-06-09,2024-06-09,0.0,0.04,0.08,0.0,False,False
CPIYOY-24MAY,CPIYOY-24MAY-T3.7,3.7,1d,2024-06-11,2024-06-11,0.0,0.015,0.03,0.0,False,False
CPIYOY-24MAY,CPIYOY-24MAY-T3.7,3.7,final,2024-06-12,2024-06-11,1.0,0.015,0.03,0.0,False,False
CPIYOY-24MAY,CPIYOY-24MAY-T3.6,3.6,21d,2024-05-22,2024-05-22,0.0,0.04,0.08,0.0,False,False
CPIYOY-24MAY,CPIYOY-24MAY-T3.6,3.6,14d,2024-05-29,2024-05-29,0.0,0.04,0.08,0.0,False,False
CPIYOY-24MAY,CPIYOY-24MAY-T3.6,3.6,7d,2024-06-05,2024-06-05,0.0,0.015,0.03,0.0,False,False
CPIYOY-24MAY,CPIYOY-24MAY-T3.6,3.6,3d,2024-06-09,2024-06-09,0.0,0.045,0.09,0.0,False,False
CPIYOY-24MAY,CPIYOY-24MAY-T3.6,3.6,1d,2024-06-11,2024-06-11,0.0,0.015,0.03,0.0,False,False
CPIYOY-24MAY,CPIYOY-24MAY-T3.6,3.6,final,2024-06-12,2024-06-11,1.0,0.015,0.03,0.0,False,False
CPIYOY-24MAY,CPIYOY-24MAY-T3.5,3.5,21d,2024-05-22,2024-05-22,0.0,0.125,0.25,0.0,False,False
CPIYOY-24MAY,CPIYOY-24MAY-T3.5,3.5,14d,2024-05-29,2024-05-29,0.0,0.05,0.1,0.0,False,False
CPIYOY-24MAY,CPIYOY-24MAY-T3.5,3.5,7d,2024-06-05,2024-06-05,0.0,0.06,0.08,500.0,False,False
CPIYOY-24MAY,CPIYOY-24MAY-T3.5,3.5,3d,2024-06-09,2024-06-09,0.0,0.045,0.09,20.0,False,False
CPIYOY-24MAY,CPIYOY-24MAY-T3.5,3.5,1d,2024-06-11,2024-06-11,0.0,0.015,0.03,500.0,False,False
CPIYOY-24MAY,CPIYOY-24MAY-T3.5,3.5,final,2024-06-12,2024-06-11,1.0,0.015,0.03,500.0,False,False
CPIYOY-24MAY,CPIYOY-24MAY-T3.4,3.4,21d,2024-05-22,2024-05-22,0.0,0.3,0.6,0.0,False,False
CPIYOY-24MAY,CPIYOY-24MAY-T3.4,3.4,14d,2024-05-29,2024-05-29,0.0,0.245,0.09,400.0,False,False
CPIYOY-24MAY,CPIYOY-24MAY-T3.4,3.4,7d,2024-06-05,2024-06-05,0.0,0.31,0.26,160.0,False,False
CPIYOY-24MAY,CPIYOY-24MAY-T3.4,3.4,3d,2024-06-09,2024-06-09,0.0,0.225,0.11,176.0,False,False
CPIYOY-24MAY,CPIYOY-24MAY-T3.4,3.4,1d,2024-06-11,2024-06-11,0.0,0.13,0.06,2398.0,False,False
CPIYOY-24MAY,CPIYOY-24MAY-T3.4,3.4,final,2024-06-12,2024-06-11,1.0,0.13,0.06,2398.0,False,False
CPIYOY-24MAY,CPIYOY-24MAY-T3.3,3.3,21d,2024-05-22,2024-05-22,0.0,0.495,0.99,0.0,False,False
CPIYOY-24MAY,CPIYOY-24MAY-T3.3,3.3,14d,2024-05-29,2024-05-29,0.0,0.51,0.16,880.0,False,False
CPIYOY-24MAY,CPIYOY-24MAY-T3.3,3.3,7d,2024-06-05,2024-06-05,0.0,0.615,0.37,2400.0,False,False
CPIYOY-24MAY,CPIYOY-24MAY-T3.3,3.3,3d,2024-06-09,2024-06-09,0.0,0.57,0.08,165.0,False,False
CPIYOY-24MAY,CPIYOY-24MAY-T3.3,3.3,1d,2024-06-11,2024-06-11,0.0,0.54,0.04,3120.0,False,False
CPIYOY-24MAY,CPIYOY-24MAY-T3.3,3.3,final,2024-06-12,2024-06-11,1.0,0.54,0.04,3120.0,False,False
CPIYOY-24MAY,CPIYOY-24MAY-T3.2,3.2,21d,2024-05-22,2024-05-22,0.0,0.65,0.7,0.0,False,False
CPIYOY-24MAY,CPIYOY-24MAY-T3.2,3.2,14d,2024-05-29,2024-05-29,0.0,0.905,0.07,1000.0,False,False
CPIYOY-24MAY,CPIYOY-24MAY-T3.2,3.2,7d,2024-06-05,2024-06-05,0.0,0.9,0.1,1280.0,False,False
CPIYOY-24MAY,CPIYOY-24MAY-T3.2,3.2,3d,2024-06-09,2024-06-09,0.0,0.93,0.04,0.0,False,False
CPIYOY-24MAY,CPIYOY-24MAY-T3.2,3.2,1d,2024-06-11,2024-06-11,0.0,0.95,0.04,6001.0,False,False
CPIYOY-24MAY,CPIYOY-24MAY-T3.2,3.2,final,2024-06-12,2024-06-11,1.0,0.95,0.04,6001.0,False,False
CPIYOY-24MAY,CPIYOY-24MAY-T3.1,3.1,21d,2024-05-22,2024-05-22,0.0,0.745,0.51,0.0,False,False
CPIYOY-24MAY,CPIYOY-24MAY-T3.1,3.1,14d,2024-05-29,2024-05-29,0.0,0.965,0.05,320.0,False,False
CPIYOY-24MAY,CPIYOY-24MAY-T3.1,3.1,7d,2024-06-05,2024-06-05,0.0,0.97,0.06,0.0,False,False
CPIYOY-24MAY,CPIYOY-24MAY-T3.1,3.1,3d,2024-06-09,2024-06-08,1.0,0.97,0.06,0.0,False,False
CPIYOY-24MAY,CPIYOY-24MAY-T3.1,3.1,1d,2024-06-11,2024-06-11,0.0,0.975,0.05,0.0,False,False
CPIYOY-24MAY,CPIYOY-24MAY-T3.1,3.1,final,2024-06-12,2024-06-11,1.0,0.975,0.05,0.0,False,False
CPIYOY-24MAY,CPIYOY-24MAY-T3.0,3.0,21d,2024-05-22,2024-05-22,0.0,0.75,0.5,0.0,False,False
CPIYOY-24MAY,CPIYOY-24MAY-T3.0,3.0,14d,2024-05-29,2024-05-25,4.0,0.97,0.06,0.0,False,False
CPIYOY-24MAY,CPIYOY-24MAY-T3.0,3.0,7d,2024-06-05,2024-06-05,0.0,0.98,0.04,0.0,False,False
CPIYOY-24MAY,CPIYOY-24MAY-T3.0,3.0,3d,2024-06-09,2024-06-09,0.0,0.975,0.05,0.0,False,False
CPIYOY-24MAY,CPIYOY-24MAY-T3.0,3.0,1d,2024-06-11,2024-06-11,0.0,0.985,0.03,0.0,False,False
CPIYOY-24MAY,CPIYOY-24MAY-T3.0,3.0,final,2024-06-12,2024-06-11,1.0,0.985,0.03,0.0,False,False
CPIYOY-24APR,CPIYOY-24APR-T3.8,3.8,21d,2024-04-24,2024-04-24,0.0,0.115,0.23,0.0,False,False
CPIYOY-24APR,CPIYOY-24APR-T3.8,3.8,14d,2024-05-01,2024-05-01,0.0,0.045,0.09,0.0,False,False
CPIYOY-24APR,CPIYOY-24APR-T3.8,3.8,7d,2024-05-08,2024-05-08,0.0,0.025,0.05,0.0,False,False
CPIYOY-24APR,CPIYOY-24APR-T3.8,3.8,3d,2024-05-12,2024-05-12,0.0,0.26,0.52,0.0,False,False
CPIYOY-24APR,CPIYOY-24APR-T3.8,3.8,1d,2024-05-14,2024-05-13,1.0,0.015,0.03,0.0,False,False
CPIYOY-24APR,CPIYOY-24APR-T3.8,3.8,final,2024-05-15,2024-05-13,2.0,0.015,0.03,0.0,False,False
CPIYOY-24APR,CPIYOY-24APR-T3.7,3.7,21d,2024-04-24,2024-04-24,0.0,0.125,0.25,0.0,False,False
CPIYOY-24APR,CPIYOY-24APR-T3.7,3.7,14d,2024-05-01,2024-05-01,0.0,0.26,0.52,0.0,False,False
CPIYOY-24APR,CPIYOY-24APR-T3.7,3.7,7d,2024-05-08,2024-05-08,0.0,0.03,0.06,0.0,False,False
CPIYOY-24APR,CPIYOY-24APR-T3.7,3.7,3d,2024-05-12,2024-05-12,0.0,0.2,0.4,0.0,False,False
CPIYOY-24APR,CPIYOY-24APR-T3.7,3.7,1d,2024-05-14,2024-05-14,0.0,0.015,0.03,0.0,False,False
CPIYOY-24APR,CPIYOY-24APR-T3.7,3.7,final,2024-05-15,2024-05-14,1.0,0.015,0.03,0.0,False,False
CPIYOY-24APR,CPIYOY-24APR-T3.6,3.6,21d,2024-04-24,2024-04-24,0.0,0.065,0.09,0.0,False,False
CPIYOY-24APR,CPIYOY-24APR-T3.6,3.6,14d,2024-05-01,2024-05-01,0.0,0.06,0.04,0.0,False,False
CPIYOY-24APR,CPIYOY-24APR-T3.6,3.6,7d,2024-05-08,2024-05-08,0.0,0.03,0.02,0.0,False,False
CPIYOY-24APR,CPIYOY-24APR-T3.6,3.6,3d,2024-05-12,2024-05-12,0.0,0.045,0.05,0.0,False,False
CPIYOY-24APR,CPIYOY-24APR-T3.6,3.6,1d,2024-05-14,2024-05-14,0.0,0.05,0.06,483.0,False,False
CPIYOY-24APR,CPIYOY-24APR-T3.6,3.6,final,2024-05-15,2024-05-14,1.0,0.05,0.06,483.0,False,False
CPIYOY-24APR,CPIYOY-24APR-T3.5,3.5,21d,2024-04-24,2024-04-24,0.0,0.235,0.17,0.0,False,False
CPIYOY-24APR,CPIYOY-24APR-T3.5,3.5,14d,2024-05-01,2024-05-01,0.0,0.23,0.04,955.0,False,False
CPIYOY-24APR,CPIYOY-24APR-T3.5,3.5,7d,2024-05-08,2024-05-08,0.0,0.18,0.18,300.0,False,False
CPIYOY-24APR,CPIYOY-24APR-T3.5,3.5,3d,2024-05-12,2024-05-12,0.0,0.11,0.14,696.0,False,False
CPIYOY-24APR,CPIYOY-24APR-T3.5,3.5,1d,2024-05-14,2024-05-14,0.0,0.18,0.12,212.0,False,False
CPIYOY-24APR,CPIYOY-24APR-T3.5,3.5,final,2024-05-15,2024-05-14,1.0,0.18,0.12,212.0,False,False
CPIYOY-24APR,CPIYOY-24APR-T3.4,3.4,21d,2024-04-24,2024-04-24,0.0,0.645,0.25,0.0,False,False
CPIYOY-24APR,CPIYOY-24APR-T3.4,3.4,14d,2024-05-01,2024-05-01,0.0,0.615,0.05,915.0,False,False
CPIYOY-24APR,CPIYOY-24APR-T3.4,3.4,7d,2024-05-08,2024-05-08,0.0,0.325,0.01,1811.0,False,False
CPIYOY-24APR,CPIYOY-24APR-T3.4,3.4,3d,2024-05-12,2024-05-12,0.0,0.37,0.02,10.0,False,False
CPIYOY-24APR,CPIYOY-24APR-T3.4,3.4,1d,2024-05-14,2024-05-14,0.0,0.385,0.03,2477.0,False,False
CPIYOY-24APR,CPIYOY-24APR-T3.4,3.4,final,2024-05-15,2024-05-14,1.0,0.385,0.03,2477.0,False,False
CPIYOY-24APR,CPIYOY-24APR-T3.3,3.3,21d,2024-04-24,2024-04-24,0.0,0.9,0.2,0.0,False,False
CPIYOY-24APR,CPIYOY-24APR-T3.3,3.3,14d,2024-05-01,2024-05-01,0.0,0.945,0.01,300.0,False,False
CPIYOY-24APR,CPIYOY-24APR-T3.3,3.3,7d,2024-05-08,2024-05-08,0.0,0.895,0.21,34.0,False,False
CPIYOY-24APR,CPIYOY-24APR-T3.3,3.3,3d,2024-05-12,2024-05-12,0.0,0.9,0.2,600.0,False,False
CPIYOY-24APR,CPIYOY-24APR-T3.3,3.3,1d,2024-05-14,2024-05-14,0.0,0.9,0.2,0.0,False,False
CPIYOY-24APR,CPIYOY-24APR-T3.3,3.3,final,2024-05-15,2024-05-14,1.0,0.9,0.2,0.0,False,False
CPIYOY-24APR,CPIYOY-24APR-T3.2,3.2,21d,2024-04-24,2024-04-23,1.0,0.98,0.04,0.0,False,False
CPIYOY-24APR,CPIYOY-24APR-T3.2,3.2,14d,2024-05-01,2024-05-01,0.0,0.97,0.04,300.0,False,False
CPIYOY-24APR,CPIYOY-24APR-T3.2,3.2,7d,2024-05-08,2024-05-08,0.0,0.975,0.05,0.0,False,False
CPIYOY-24APR,CPIYOY-24APR-T3.2,3.2,3d,2024-05-12,2024-05-11,1.0,0.97,0.06,0.0,False,False
CPIYOY-24APR,CPIYOY-24APR-T3.2,3.2,1d,2024-05-14,2024-05-14,0.0,0.975,0.05,0.0,False,False
CPIYOY-24APR,CPIYOY-24APR-T3.2,3.2,final,2024-05-15,2024-05-14,1.0,0.975,0.05,0.0,False,False
CPIYOY-24APR,CPIYOY-24APR-T3.1,3.1,21d,2024-04-24,2024-04-23,1.0,0.98,0.04,0.0,False,False
CPIYOY-24APR,CPIYOY-24APR-T3.1,3.1,14d,2024-05-01,2024-05-01,0.0,0.975,0.05,300.0,False,False
CPIYOY-24APR,CPIYOY-24APR-T3.1,3.1,7d,2024-05-08,2024-05-07,1.0,0.98,0.04,0.0,False,False
CPIYOY-24APR,CPIYOY-24APR-T3.1,3.1,3d,2024-05-12,2024-05-11,1.0,0.975,0.05,0.0,False,False
CPIYOY-24APR,CPIYOY-24APR-T3.1,3.1,1d,2024-05-14,2024-05-14,0.0,0.98,0.04,0.0,False,False
CPIYOY-24APR,CPIYOY-24APR-T3.1,3.1,final,2024-05-15,2024-05-14,1.0,0.98,0.04,0.0,False,False
CPIYOY-24APR,CPIYOY-24APR-T3.0,3.0,21d,2024-04-24,2024-04-19,5.0,0.995,0.01,0.0,False,False
CPIYOY-24APR,CPIYOY-24APR-T3.0,3.0,14d,2024-05-01,2024-05-01,0.0,0.98,0.04,30.0,False,False
CPIYOY-24APR,CPIYOY-24APR-T3.0,3.0,7d,2024-05-08,2024-05-07,1.0,0.985,0.03,0.0,False,False
CPIYOY-24APR,CPIYOY-24APR-T3.0,3.0,3d,2024-05-12,2024-05-11,1.0,0.98,0.04,0.0,False,False
CPIYOY-24APR,CPIYOY-24APR-T3.0,3.0,1d,2024-05-14,2024-05-14,0.0,0.985,0.03,0.0,False,False
CPIYOY-24APR,CPIYOY-24APR-T3.0,3.0,final,2024-05-15,2024-05-14,1.0,0.985,0.03,0.0,False,False
CPIYOY-24APR,CPIYOY-24APR-T2.9,2.9,21d,2024-04-24,2024-04-23,1.0,0.99,0.02,0.0,False,False
CPIYOY-24APR,CPIYOY-24APR-T2.9,2.9,14d,2024-05-01,2024-05-01,0.0,0.985,0.03,0.0,False,False
CPIYOY-24APR,CPIYOY-24APR-T2.9,2.9,7d,2024-05-08,2024-05-07,1.0,0.985,0.03,0.0,False,False
CPIYOY-24APR,CPIYOY-24APR-T2.9,2.9,3d,2024-05-12,2024-05-11,1.0,0.98,0.04,0.0,False,False
CPIYOY-24APR,CPIYOY-24APR-T2.9,2.9,1d,2024-05-14,2024-05-14,0.0,0.985,0.03,0.0,False,False
CPIYOY-24APR,CPIYOY-24APR-T2.9,2.9,final,2024-05-15,2024-05-14,1.0,0.985,0.03,0.0,False,False
CPIYOY-24APR,CPIYOY-24APR-T2.8,2.8,21d,2024-04-24,2024-04-23,1.0,0.99,0.02,0.0,False,False
CPIYOY-24APR,CPIYOY-24APR-T2.8,2.8,14d,2024-05-01,2024-04-23,8.0,0.99,0.02,0.0,False,False
CPIYOY-24APR,CPIYOY-24APR-T2.8,2.8,7d,2024-05-08,2024-05-05,3.0,0.98,0.04,0.0,False,False
CPIYOY-24APR,CPIYOY-24APR-T2.8,2.8,3d,2024-05-12,2024-05-11,1.0,0.98,0.04,0.0,False,False
CPIYOY-24APR,CPIYOY-24APR-T2.8,2.8,1d,2024-05-14,2024-05-14,0.0,0.985,0.03,0.0,False,False
CPIYOY-24APR,CPIYOY-24APR-T2.8,2.8,final,2024-05-15,2024-05-14,1.0,0.985,0.03,0.0,False,False
CPIYOY-24MAR,CPIYOY-24MAR-T3.5,3.5,21d,2024-03-20,2024-03-19,1.0,0.125,0.25,0.0,False,False
CPIYOY-24MAR,CPIYOY-24MAR-T3.5,3.5,14d,2024-03-27,2024-03-27,0.0,0.5,1.0,0.0,False,False
CPIYOY-24MAR,CPIYOY-24MAR-T3.5,3.5,7d,2024-04-03,2024-04-03,0.0,0.025,0.05,0.0,False,False
CPIYOY-24MAR,CPIYOY-24MAR-T3.5,3.5,3d,2024-04-07,2024-04-06,1.0,0.025,0.05,1.0,False,False
CPIYOY-24MAR,CPIYOY-24MAR-T3.5,3.5,1d,2024-04-09,2024-04-09,0.0,0.025,0.01,0.0,False,False
CPIYOY-24MAR,CPIYOY-24MAR-T3.5,3.5,final,2024-04-10,2024-04-09,1.0,0.025,0.01,0.0,False,False
CPIYOY-24MAR,CPIYOY-24MAR-T3.4,3.4,21d,2024-03-20,2024-03-19,1.0,0.435,0.81,0.0,False,False
CPIYOY-24MAR,CPIYOY-24MAR-T3.4,3.4,14d,2024-03-27,2024-03-27,0.0,0.5,1.0,2400.0,False,False
CPIYOY-24MAR,CPIYOY-24MAR-T3.4,3.4,7d,2024-04-03,2024-04-03,0.0,0.045,0.09,100.0,False,False
CPIYOY-24MAR,CPIYOY-24MAR-T3.4,3.4,3d,2024-04-07,2024-04-07,0.0,0.09,0.06,0.0,False,False
CPIYOY-24MAR,CPIYOY-24MAR-T3.4,3.4,1d,2024-04-09,2024-04-09,0.0,0.085,0.03,0.0,False,False
CPIYOY-24MAR,CPIYOY-24MAR-T3.4,3.4,final,2024-04-10,2024-04-09,1.0,0.085,0.03,0.0,False,False
CPIYOY-24MAR,CPIYOY-24MAR-T3.3,3.3,21d,2024-03-20,2024-03-19,1.0,0.585,0.71,0.0,False,False
CPIYOY-24MAR,CPIYOY-24MAR-T3.3,3.3,14d,2024-03-27,2024-03-27,0.0,0.405,0.75,0.0,False,False
CPIYOY-24MAR,CPIYOY-24MAR-T3.3,3.3,7d,2024-04-03,2024-04-03,0.0,0.375,0.11,140.0,False,False
CPIYOY-24MAR,CPIYOY-24MAR-T3.3,3.3,3d,2024-04-07,2024-04-07,0.0,0.65,0.06,0.0,False,False
CPIYOY-24MAR,CPIYOY-24MAR-T3.3,3.3,1d,2024-04-09,2024-04-09,0.0,0.665,0.07,179.0,False,False
CPIYOY-24MAR,CPIYOY-24MAR-T3.3,3.3,final,2024-04-10,2024-04-09,1.0,0.665,0.07,179.0,False,False
CPIYOY-24MAR,CPIYOY-24MAR-T3.2,3.2,21d,2024-03-20,2024-03-19,1.0,0.825,0.35,845.0,False,False
CPIYOY-24MAR,CPIYOY-24MAR-T3.2,3.2,14d,2024-03-27,2024-03-27,0.0,0.925,0.15,56.0,False,False
CPIYOY-24MAR,CPIYOY-24MAR-T3.2,3.2,7d,2024-04-03,2024-04-03,0.0,0.875,0.05,0.0,False,False
CPIYOY-24MAR,CPIYOY-24MAR-T3.2,3.2,3d,2024-04-07,2024-04-07,0.0,0.955,0.05,0.0,False,False
CPIYOY-24MAR,CPIYOY-24MAR-T3.2,3.2,1d,2024-04-09,2024-04-09,0.0,0.96,0.04,371.0,False,False
CPIYOY-24MAR,CPIYOY-24MAR-T3.2,3.2,final,2024-04-10,2024-04-09,1.0,0.96,0.04,371.0,False,False
CPIYOY-24MAR,CPIYOY-24MAR-T3.1,3.1,21d,2024-03-20,2024-03-20,0.0,0.955,0.09,0.0,False,False
CPIYOY-24MAR,CPIYOY-24MAR-T3.1,3.1,14d,2024-03-27,2024-03-27,0.0,0.96,0.08,0.0,False,False
CPIYOY-24MAR,CPIYOY-24MAR-T3.1,3.1,7d,2024-04-03,2024-04-03,0.0,0.965,0.07,0.0,False,False
CPIYOY-24MAR,CPIYOY-24MAR-T3.1,3.1,3d,2024-04-07,2024-04-06,1.0,0.98,0.04,0.0,False,False
CPIYOY-24MAR,CPIYOY-24MAR-T3.1,3.1,1d,2024-04-09,2024-04-09,0.0,0.98,0.04,0.0,False,False
CPIYOY-24MAR,CPIYOY-24MAR-T3.1,3.1,final,2024-04-10,2024-04-09,1.0,0.98,0.04,0.0,False,False
CPIYOY-24MAR,CPIYOY-24MAR-T3.0,3.0,21d,2024-03-20,2024-03-18,2.0,0.99,0.02,0.0,False,False
CPIYOY-24MAR,CPIYOY-24MAR-T3.0,3.0,14d,2024-03-27,2024-03-27,0.0,0.97,0.06,0.0,False,False
CPIYOY-24MAR,CPIYOY-24MAR-T3.0,3.0,7d,2024-04-03,2024-04-03,0.0,0.975,0.05,0.0,False,False
CPIYOY-24MAR,CPIYOY-24MAR-T3.0,3.0,3d,2024-04-07,2024-04-06,1.0,0.98,0.04,0.0,False,False
CPIYOY-24MAR,CPIYOY-24MAR-T3.0,3.0,1d,2024-04-09,2024-04-09,0.0,0.98,0.04,0.0,False,False
CPIYOY-24MAR,CPIYOY-24MAR-T3.0,3.0,final,2024-04-10,2024-04-09,1.0,0.98,0.04,0.0,False,False
CPIYOY-24MAR,CPIYOY-24MAR-T2.9,2.9,21d,2024-03-20,2024-03-18,2.0,0.99,0.02,0.0,False,False
CPIYOY-24MAR,CPIYOY-24MAR-T2.9,2.9,14d,2024-03-27,2024-03-26,1.0,0.985,0.03,0.0,False,False
CPIYOY-24MAR,CPIYOY-24MAR-T2.9,2.9,7d,2024-04-03,2024-04-03,0.0,0.985,0.03,0.0,False,False
CPIYOY-24MAR,CPIYOY-24MAR-T2.9,2.9,3d,2024-04-07,2024-04-03,4.0,0.985,0.03,0.0,False,False
CPIYOY-24MAR,CPIYOY-24MAR-T2.9,2.9,1d,2024-04-09,2024-04-03,6.0,0.985,0.03,0.0,False,False
CPIYOY-24MAR,CPIYOY-24MAR-T2.9,2.9,final,2024-04-10,2024-04-03,7.0,0.985,0.03,0.0,False,False
CPIYOY-24MAR,CPIYOY-24MAR-T2.8,2.8,21d,2024-03-20,2024-03-19,1.0,0.945,0.11,0.0,False,False
CPIYOY-24MAR,CPIYOY-24MAR-T2.8,2.8,14d,2024-03-27,2024-03-27,0.0,0.985,0.03,0.0,False,False
CPIYOY-24MAR,CPIYOY-24MAR-T2.8,2.8,7d,2024-04-03,2024-04-03,0.0,0.985,0.03,0.0,False,False
CPIYOY-24MAR,CPIYOY-24MAR-T2.8,2.8,3d,2024-04-07,2024-04-03,4.0,0.985,0.03,0.0,False,False
CPIYOY-24MAR,CPIYOY-24MAR-T2.8,2.8,1d,2024-04-09,2024-04-03,6.0,0.985,0.03,0.0,False,False
CPIYOY-24MAR,CPIYOY-24MAR-T2.8,2.8,final,2024-04-10,2024-04-03,7.0,0.985,0.03,0.0,False,False
CPIYOY-24FEB,CPIYOY-24FEB-T2.5,2.5,21d,2024-02-20,2024-02-18,2.0,0.985,0.03,0.0,False,False
CPIYOY-24FEB,CPIYOY-24FEB-T2.5,2.5,14d,2024-02-27,2024-02-27,0.0,0.85,0.3,0.0,False,False
CPIYOY-24FEB,CPIYOY-24FEB-T2.5,2.5,7d,2024-03-05,2024-03-02,3.0,0.85,0.3,0.0,False,False
CPIYOY-24FEB,CPIYOY-24FEB-T2.5,2.5,3d,2024-03-09,2024-03-09,0.0,0.925,0.15,0.0,False,False
CPIYOY-24FEB,CPIYOY-24FEB-T2.5,2.5,1d,2024-03-11,2024-03-09,2.0,0.925,0.15,0.0,False,False
CPIYOY-24FEB,CPIYOY-24FEB-T2.5,2.5,final,2024-03-12,2024-03-09,3.0,0.925,0.15,0.0,False,False
CPIYOY-24FEB,CPIYOY-24FEB-T2.6,2.6,21d,2024-02-20,2024-02-18,2.0,0.975,0.05,0.0,False,False
CPIYOY-24FEB,CPIYOY-24FEB-T2.6,2.6,14d,2024-02-27,2024-02-27,0.0,0.6,0.8,0.0,False,False
CPIYOY-24FEB,CPIYOY-24FEB-T2.6,2.6,7d,2024-03-05,2024-03-02,3.0,0.6,0.8,0.0,False,False
CPIYOY-24FEB,CPIYOY-24FEB-T2.6,2.6,3d,2024-03-09,2024-03-09,0.0,0.925,0.15,0.0,False,False
CPIYOY-24FEB,CPIYOY-24FEB-T2.6,2.6,1d,2024-03-11,2024-03-11,0.0,0.5,1.0,0.0,False,False
CPIYOY-24FEB,CPIYOY-24FEB-T2.6,2.6,final,2024-03-12,2024-03-11,1.0,0.5,1.0,0.0,False,False
CPIYOY-24FEB,CPIYOY-24FEB-T2.7,2.7,21d,2024-02-20,2024-02-18,2.0,0.955,0.09,0.0,False,False
CPIYOY-24FEB,CPIYOY-24FEB-T2.7,2.7,14d,2024-02-27,2024-02-27,0.0,0.965,0.07,0.0,False,False
CPIYOY-24FEB,CPIYOY-24FEB-T2.7,2.7,7d,2024-03-05,2024-03-02,3.0,0.965,0.07,0.0,False,False
CPIYOY-24FEB,CPIYOY-24FEB-T2.7,2.7,3d,2024-03-09,2024-03-09,0.0,0.9,0.2,0.0,False,False
CPIYOY-24FEB,CPIYOY-24FEB-T2.7,2.7,1d,2024-03-11,2024-03-11,0.0,0.5,1.0,0.0,False,False
CPIYOY-24FEB,CPIYOY-24FEB-T2.7,2.7,final,2024-03-12,2024-03-11,1.0,0.5,1.0,0.0,False,False
CPIYOY-24FEB,CPIYOY-24FEB-T2.8,2.8,21d,2024-02-20,2024-02-20,0.0,0.905,0.19,0.0,False,False
CPIYOY-24FEB,CPIYOY-24FEB-T2.8,2.8,14d,2024-02-27,2024-02-27,0.0,0.965,0.07,0.0,False,False
CPIYOY-24FEB,CPIYOY-24FEB-T2.8,2.8,7d,2024-03-05,2024-03-02,3.0,0.965,0.07,0.0,False,False
CPIYOY-24FEB,CPIYOY-24FEB-T2.8,2.8,3d,2024-03-09,2024-03-09,0.0,0.85,0.3,0.0,False,False
CPIYOY-24FEB,CPIYOY-24FEB-T2.8,2.8,1d,2024-03-11,2024-03-11,0.0,0.5,1.0,0.0,False,False
CPIYOY-24FEB,CPIYOY-24FEB-T2.8,2.8,final,2024-03-12,2024-03-11,1.0,0.5,1.0,0.0,False,False
CPIYOY-24FEB,CPIYOY-24FEB-T2.9,2.9,21d,2024-02-20,2024-02-20,0.0,0.85,0.3,0.0,False,False
CPIYOY-24FEB,CPIYOY-24FEB-T2.9,2.9,14d,2024-02-27,2024-02-27,0.0,0.93,0.14,0.0,False,False
CPIYOY-24FEB,CPIYOY-24FEB-T2.9,2.9,7d,2024-03-05,2024-03-05,0.0,0.95,0.1,0.0,False,False
CPIYOY-24FEB,CPIYOY-24FEB-T2.9,2.9,3d,2024-03-09,2024-03-09,0.0,0.95,0.1,0.0,False,False
CPIYOY-24FEB,CPIYOY-24FEB-T2.9,2.9,1d,2024-03-11,2024-03-11,0.0,0.6,0.8,0.0,False,False
CPIYOY-24FEB,CPIYOY-24FEB-T2.9,2.9,final,2024-03-12,2024-03-11,1.0,0.6,0.8,0.0,False,False
CPIYOY-24FEB,CPIYOY-24FEB-T3.0,3.0,21d,2024-02-20,2024-02-19,1.0,0.65,0.64,0.0,False,False
CPIYOY-24FEB,CPIYOY-24FEB-T3.0,3.0,14d,2024-02-27,2024-02-27,0.0,0.885,0.23,0.0,False,False
CPIYOY-24FEB,CPIYOY-24FEB-T3.0,3.0,7d,2024-03-05,2024-03-05,0.0,0.935,0.13,234.0,False,False
CPIYOY-24FEB,CPIYOY-24FEB-T3.0,3.0,3d,2024-03-09,2024-03-09,0.0,0.94,0.12,60.0,False,False
CPIYOY-24FEB,CPIYOY-24FEB-T3.0,3.0,1d,2024-03-11,2024-03-11,0.0,0.96,0.08,0.0,False,False
CPIYOY-24FEB,CPIYOY-24FEB-T3.0,3.0,final,2024-03-12,2024-03-11,1.0,0.96,0.08,0.0,False,False
CPIYOY-24FEB,CPIYOY-24FEB-T3.7,3.7,21d,2024-02-20,2024-02-15,5.0,0.1,0.2,0.0,False,False
CPIYOY-24FEB,CPIYOY-24FEB-T3.7,3.7,14d,2024-02-27,2024-02-27,0.0,0.02,0.04,0.0,False,False
CPIYOY-24FEB,CPIYOY-24FEB-T3.7,3.7,7d,2024-03-05,2024-03-05,0.0,0.02,0.04,0.0,False,False
CPIYOY-24FEB,CPIYOY-24FEB-T3.7,3.7,3d,2024-03-09,2024-03-09,0.0,0.09,0.18,0.0,False,False
CPIYOY-24FEB,CPIYOY-24FEB-T3.7,3.7,1d,2024-03-11,2024-03-09,2.0,0.09,0.18,0.0,False,False
CPIYOY-24FEB,CPIYOY-24FEB-T3.7,3.7,final,2024-03-12,2024-03-09,3.0,0.09,0.18,0.0,False,False
CPIYOY-24FEB,CPIYOY-24FEB-T3.6,3.6,21d,2024-02-20,2024-02-15,5.0,0.125,0.25,0.0,False,False
CPIYOY-24FEB,CPIYOY-24FEB-T3.6,3.6,14d,2024-02-27,2024-02-27,0.0,0.02,0.04,0.0,False,False
CPIYOY-24FEB,CPIYOY-24FEB-T3.6,3.6,7d,2024-03-05,2024-03-05,0.0,0.02,0.04,0.0,False,False
CPIYOY-24FEB,CPIYOY-24FEB-T3.6,3.6,3d,2024-03-09,2024-03-09,0.0,0.1,0.2,0.0,False,False
CPIYOY-24FEB,CPIYOY-24FEB-T3.6,3.6,1d,2024-03-11,2024-03-09,2.0,0.1,0.2,0.0,False,False
CPIYOY-24FEB,CPIYOY-24FEB-T3.6,3.6,final,2024-03-12,2024-03-09,3.0,0.1,0.2,0.0,False,False
CPIYOY-24FEB,CPIYOY-24FEB-T3.5,3.5,21d,2024-02-20,2024-02-15,5.0,0.15,0.3,0.0,False,False
CPIYOY-24FEB,CPIYOY-24FEB-T3.5,3.5,14d,2024-02-27,2024-02-27,0.0,0.02,0.04,0.0,False,False
CPIYOY-24FEB,CPIYOY-24FEB-T3.5,3.5,7d,2024-03-05,2024-03-05,0.0,0.02,0.04,0.0,False,False
CPIYOY-24FEB,CPIYOY-24FEB-T3.5,3.5,3d,2024-03-09,2024-03-09,0.0,0.1,0.2,0.0,False,False
CPIYOY-24FEB,CPIYOY-24FEB-T3.5,3.5,1d,2024-03-11,2024-03-09,2.0,0.1,0.2,0.0,False,False
CPIYOY-24FEB,CPIYOY-24FEB-T3.5,3.5,final,2024-03-12,2024-03-09,3.0,0.1,0.2,0.0,False,False
CPIYOY-24FEB,CPIYOY-24FEB-T3.4,3.4,21d,2024-02-20,2024-02-16,4.0,0.025,0.05,0.0,False,False
CPIYOY-24FEB,CPIYOY-24FEB-T3.4,3.4,14d,2024-02-27,2024-02-27,0.0,0.02,0.04,0.0,False,False
CPIYOY-24FEB,CPIYOY-24FEB-T3.4,3.4,7d,2024-03-05,2024-03-05,0.0,0.02,0.04,0.0,False,False
CPIYOY-24FEB,CPIYOY-24FEB-T3.4,3.4,3d,2024-03-09,2024-03-09,0.0,0.1,0.2,0.0,False,False
CPIYOY-24FEB,CPIYOY-24FEB-T3.4,3.4,1d,2024-03-11,2024-03-09,2.0,0.1,0.2,0.0,False,False
CPIYOY-24FEB,CPIYOY-24FEB-T3.4,3.4,final,2024-03-12,2024-03-09,3.0,0.1,0.2,0.0,False,False
CPIYOY-24FEB,CPIYOY-24FEB-T3.3,3.3,21d,2024-02-20,2024-02-16,4.0,0.055,0.09,0.0,False,False
CPIYOY-24FEB,CPIYOY-24FEB-T3.3,3.3,14d,2024-02-27,2024-02-27,0.0,0.1,0.2,0.0,False,False
CPIYOY-24FEB,CPIYOY-24FEB-T3.3,3.3,7d,2024-03-05,2024-03-05,0.0,0.1,0.2,0.0,False,False
CPIYOY-24FEB,CPIYOY-24FEB-T3.3,3.3,3d,2024-03-09,2024-03-09,0.0,0.09,0.18,0.0,False,False
CPIYOY-24FEB,CPIYOY-24FEB-T3.3,3.3,1d,2024-03-11,2024-03-10,1.0,0.05,0.1,0.0,False,False
CPIYOY-24FEB,CPIYOY-24FEB-T3.3,3.3,final,2024-03-12,2024-03-10,2.0,0.05,0.1,0.0,False,False
CPIYOY-24FEB,CPIYOY-24FEB-T3.2,3.2,21d,2024-02-20,2024-02-16,4.0,0.15,0.2,0.0,False,False
CPIYOY-24FEB,CPIYOY-24FEB-T3.2,3.2,14d,2024-02-27,2024-02-27,0.0,0.52,0.96,20.0,False,False
CPIYOY-24FEB,CPIYOY-24FEB-T3.2,3.2,7d,2024-03-05,2024-03-05,0.0,0.565,0.87,210.0,False,False
CPIYOY-24FEB,CPIYOY-24FEB-T3.2,3.2,3d,2024-03-09,2024-03-09,0.0,0.365,0.47,380.0,False,False
CPIYOY-24FEB,CPIYOY-24FEB-T3.2,3.2,1d,2024-03-11,2024-03-11,0.0,0.365,0.47,0.0,False,False
CPIYOY-24FEB,CPIYOY-24FEB-T3.2,3.2,final,2024-03-12,2024-03-11,1.0,0.365,0.47,0.0,False,False
CPIYOY-24FEB,CPIYOY-24FEB-T3.1,3.1,21d,2024-02-20,2024-02-20,0.0,0.61,0.66,0.0,False,False
CPIYOY-24FEB,CPIYOY-24FEB-T3.1,3.1,14d,2024-02-27,2024-02-27,0.0,0.685,0.49,105.0,False,False
CPIYOY-24FEB,CPIYOY-24FEB-T3.1,3.1,7d,2024-03-05,2024-03-05,0.0,0.74,0.32,27.0,False,False
CPIYOY-24FEB,CPIYOY-24FEB-T3.1,3.1,3d,2024-03-09,2024-03-09,0.0,0.755,0.19,1298.0,False,False
CPIYOY-24FEB,CPIYOY-24FEB-T3.1,3.1,1d,2024-03-11,2024-03-11,0.0,0.725,0.27,0.0,False,False
CPIYOY-24FEB,CPIYOY-24FEB-T3.1,3.1,final,2024-03-12,2024-03-11,1.0,0.725,0.27,0.0,False,False
CPIYOY-24JAN,CPIYOY-24JAN-T2.8,2.8,21d,2024-01-23,2024-01-19,4.0,0.845,0.09,0.0,False,False
CPIYOY-24JAN,CPIYOY-24JAN-T2.8,2.8,14d,2024-01-30,2024-01-29,1.0,0.86,0.1,0.0,False,False
CPIYOY-24JAN,CPIYOY-24JAN-T2.8,2.8,7d,2024-02-06,2024-02-06,0.0,0.92,0.04,100.0,False,False
CPIYOY-24JAN,CPIYOY-24JAN-T2.8,2.8,3d,2024-02-10,2024-02-10,0.0,0.91,0.06,100.0,False,False
CPIYOY-24JAN,CPIYOY-24JAN-T2.8,2.8,1d,2024-02-12,2024-02-11,1.0,0.91,0.06,0.0,False,False
CPIYOY-24JAN,CPIYOY-24JAN-T2.8,2.8,final,2024-02-13,2024-02-11,2.0,0.91,0.06,0.0,False,False
CPIYOY-24JAN,CPIYOY-24JAN-T2.9,2.9,21d,2024-01-23,2024-01-23,0.0,0.3,0.28,0.0,False,False
CPIYOY-24JAN,CPIYOY-24JAN-T2.9,2.9,14d,2024-01-30,2024-01-29,1.0,0.37,0.14,0.0,False,False
CPIYOY-24JAN,CPIYOY-24JAN-T2.9,2.9,7d,2024-02-06,2024-02-06,0.0,0.43,0.06,0.0,False,False
CPIYOY-24JAN,CPIYOY-24JAN-T2.9,2.9,3d,2024-02-10,2024-02-10,0.0,0.465,0.01,911.0,False,False
CPIYOY-24JAN,CPIYOY-24JAN-T2.9,2.9,1d,2024-02-12,2024-02-12,0.0,0.465,0.01,0.0,False,False
CPIYOY-24JAN,CPIYOY-24JAN-T2.9,2.9,final,2024-02-13,2024-02-12,1.0,0.465,0.01,0.0,False,False
CPIYOY-24JAN,CPIYOY-24JAN-T3.0,3.0,21d,2024-01-23,2024-01-23,0.0,0.09,0.18,5.0,False,False
CPIYOY-24JAN,CPIYOY-24JAN-T3.0,3.0,14d,2024-01-30,2024-01-30,0.0,0.115,0.13,0.0,False,False
CPIYOY-24JAN,CPIYOY-24JAN-T3.0,3.0,7d,2024-02-06,2024-02-06,0.0,0.135,0.07,3910.0,False,False
CPIYOY-24JAN,CPIYOY-24JAN-T3.0,3.0,3d,2024-02-10,2024-02-10,0.0,0.105,0.07,75.0,False,False
CPIYOY-24JAN,CPIYOY-24JAN-T3.0,3.0,1d,2024-02-12,2024-02-12,0.0,0.12,0.04,119.0,False,False
CPIYOY-24JAN,CPIYOY-24JAN-T3.0,3.0,final,2024-02-13,2024-02-12,1.0,0.12,0.04,119.0,False,False
CPIYOY-24JAN,CPIYOY-24JAN-T3.7,3.7,21d,2024-01-23,2024-01-20,3.0,0.05,0.1,0.0,False,False
CPIYOY-24JAN,CPIYOY-24JAN-T3.7,3.7,14d,2024-01-30,2024-01-20,10.0,0.05,0.1,0.0,False,False
CPIYOY-24JAN,CPIYOY-24JAN-T3.7,3.7,7d,2024-02-06,2024-01-20,17.0,0.05,0.1,0.0,False,True
CPIYOY-24JAN,CPIYOY-24JAN-T3.7,3.7,3d,2024-02-10,2024-01-20,21.0,0.05,0.1,0.0,False,True
CPIYOY-24JAN,CPIYOY-24JAN-T3.7,3.7,1d,2024-02-12,2024-01-20,23.0,0.05,0.1,0.0,False,True
CPIYOY-24JAN,CPIYOY-24JAN-T3.7,3.7,final,2024-02-13,2024-01-20,24.0,0.05,0.1,0.0,False,True
CPIYOY-24JAN,CPIYOY-24JAN-T3.6,3.6,21d,2024-01-23,2024-01-23,0.0,0.5,1.0,0.0,False,False
CPIYOY-24JAN,CPIYOY-24JAN-T3.6,3.6,14d,2024-01-30,2024-01-30,0.0,0.225,0.45,0.0,False,False
CPIYOY-24JAN,CPIYOY-24JAN-T3.6,3.6,7d,2024-02-06,2024-02-02,4.0,0.075,0.15,0.0,False,False
CPIYOY-24JAN,CPIYOY-24JAN-T3.6,3.6,3d,2024-02-10,2024-02-10,0.0,0.015,0.03,0.0,False,False
CPIYOY-24JAN,CPIYOY-24JAN-T3.6,3.6,1d,2024-02-12,2024-02-10,2.0,0.015,0.03,0.0,False,False
CPIYOY-24JAN,CPIYOY-24JAN-T3.6,3.6,final,2024-02-13,2024-02-10,3.0,0.015,0.03,0.0,False,False
CPIYOY-24JAN,CPIYOY-24JAN-T3.5,3.5,21d,2024-01-23,2024-01-23,0.0,0.5,1.0,0.0,False,False
CPIYOY-24JAN,CPIYOY-24JAN-T3.5,3.5,14d,2024-01-30,2024-01-30,0.0,0.275,0.55,0.0,False,False
CPIYOY-24JAN,CPIYOY-24JAN-T3.5,3.5,7d,2024-02-06,2024-02-02,4.0,0.075,0.15,0.0,False,False
CPIYOY-24JAN,CPIYOY-24JAN-T3.5,3.5,3d,2024-02-10,2024-02-10,0.0,0.015,0.03,0.0,False,False
CPIYOY-24JAN,CPIYOY-24JAN-T3.5,3.5,1d,2024-02-12,2024-02-10,2.0,0.015,0.03,0.0,False,False
CPIYOY-24JAN,CPIYOY-24JAN-T3.5,3.5,final,2024-02-13,2024-02-10,3.0,0.015,0.03,0.0,False,False
CPIYOY-24JAN,CPIYOY-24JAN-T3.4,3.4,21d,2024-01-23,2024-01-20,3.0,0.015,0.03,0.0,False,False
CPIYOY-24JAN,CPIYOY-24JAN-T3.4,3.4,14d,2024-01-30,2024-01-20,10.0,0.015,0.03,0.0,False,False
CPIYOY-24JAN,CPIYOY-24JAN-T3.4,3.4,7d,2024-02-06,2024-01-20,17.0,0.015,0.03,0.0,False,True
CPIYOY-24JAN,CPIYOY-24JAN-T3.4,3.4,3d,2024-02-10,2024-01-20,21.0,0.015,0.03,0.0,False,True
CPIYOY-24JAN,CPIYOY-24JAN-T3.4,3.4,1d,2024-02-12,2024-01-20,23.0,0.015,0.03,0.0,False,True
CPIYOY-24JAN,CPIYOY-24JAN-T3.4,3.4,final,2024-02-13,2024-01-20,24.0,0.015,0.03,0.0,False,True
CPIYOY-24JAN,CPIYOY-24JAN-T3.3,3.3,21d,2024-01-23,2024-01-20,3.0,0.05,0.1,0.0,False,False
CPIYOY-24JAN,CPIYOY-24JAN-T3.3,3.3,14d,2024-01-30,2024-01-30,0.0,0.135,0.21,0.0,False,False
CPIYOY-24JAN,CPIYOY-24JAN-T3.3,3.3,7d,2024-02-06,2024-02-06,0.0,0.025,0.05,0.0,False,False
CPIYOY-24JAN,CPIYOY-24JAN-T3.3,3.3,3d,2024-02-10,2024-02-10,0.0,0.015,0.03,0.0,False,False
CPIYOY-24JAN,CPIYOY-24JAN-T3.3,3.3,1d,2024-02-12,2024-02-12,0.0,0.015,0.03,624.0,False,False
CPIYOY-24JAN,CPIYOY-24JAN-T3.3,3.3,final,2024-02-13,2024-02-12,1.0,0.015,0.03,624.0,False,False
CPIYOY-24JAN,CPIYOY-24JAN-T3.2,3.2,21d,2024-01-23,2024-01-20,3.0,0.025,0.05,0.0,False,False
CPIYOY-24JAN,CPIYOY-24JAN-T3.2,3.2,14d,2024-01-30,2024-01-30,0.0,0.1,0.2,0.0,False,False
CPIYOY-24JAN,CPIYOY-24JAN-T3.2,3.2,7d,2024-02-06,2024-02-06,0.0,0.04,0.08,0.0,False,False
CPIYOY-24JAN,CPIYOY-24JAN-T3.2,3.2,3d,2024-02-10,2024-02-10,0.0,0.025,0.05,0.0,False,False
CPIYOY-24JAN,CPIYOY-24JAN-T3.2,3.2,1d,2024-02-12,2024-02-10,2.0,0.025,0.05,0.0,False,False
CPIYOY-24JAN,CPIYOY-24JAN-T3.2,3.2,final,2024-02-13,2024-02-10,3.0,0.025,0.05,0.0,False,False
CPIYOY-24JAN,CPIYOY-24JAN-T3.1,3.1,21d,2024-01-23,2024-01-23,0.0,0.125,0.25,0.0,False,False
CPIYOY-24JAN,CPIYOY-24JAN-T3.1,3.1,14d,2024-01-30,2024-01-27,3.0,0.125,0.25,0.0,False,False
CPIYOY-24JAN,CPIYOY-24JAN-T3.1,3.1,7d,2024-02-06,2024-02-06,0.0,0.05,0.1,0.0,False,False
CPIYOY-24JAN,CPIYOY-24JAN-T3.1,3.1,3d,2024-02-10,2024-02-10,0.0,0.025,0.05,5.0,False,False
CPIYOY-24JAN,CPIYOY-24JAN-T3.1,3.1,1d,2024-02-12,2024-02-10,2.0,0.025,0.05,5.0,False,False
CPIYOY-24JAN,CPIYOY-24JAN-T3.1,3.1,final,2024-02-13,2024-02-10,3.0,0.025,0.05,5.0,False,False
CPIYOY-23DEC,CPIYOY-23DEC-T3.4,3.4,21d,2023-12-21,2023-12-16,5.0,0.03,0.04,0.0,False,False
CPIYOY-23DEC,CPIYOY-23DEC-T3.4,3.4,14d,2023-12-28,2023-12-28,0.0,0.155,0.29,0.0,False,False
CPIYOY-23DEC,CPIYOY-23DEC-T3.4,3.4,7d,2024-01-04,2024-01-03,1.0,0.065,0.13,0.0,False,False
CPIYOY-23DEC,CPIYOY-23DEC-T3.4,3.4,3d,2024-01-08,2024-01-08,0.0,0.055,0.11,0.0,False,False
CPIYOY-23DEC,CPIYOY-23DEC-T3.4,3.4,1d,2024-01-10,2024-01-08,2.0,0.055,0.11,0.0,False,False
CPIYOY-23DEC,CPIYOY-23DEC-T3.4,3.4,final,2024-01-11,2024-01-08,3.0,0.055,0.11,0.0,False,False
CPIYOY-23DEC,CPIYOY-23DEC-T3.3,3.3,21d,2023-12-21,2023-12-21,0.0,0.38,0.64,0.0,False,False
CPIYOY-23DEC,CPIYOY-23DEC-T3.3,3.3,14d,2023-12-28,2023-12-28,0.0,0.275,0.43,0.0,False,False
CPIYOY-23DEC,CPIYOY-23DEC-T3.3,3.3,7d,2024-01-04,2023-12-30,5.0,0.23,0.34,0.0,False,False
CPIYOY-23DEC,CPIYOY-23DEC-T3.3,3.3,3d,2024-01-08,2024-01-08,0.0,0.185,0.27,0.0,False,False
CPIYOY-23DEC,CPIYOY-23DEC-T3.3,3.3,1d,2024-01-10,2024-01-10,0.0,0.315,0.01,0.0,False,False
CPIYOY-23DEC,CPIYOY-23DEC-T3.3,3.3,final,2024-01-11,2024-01-10,1.0,0.315,0.01,0.0,False,False
CPIYOY-23DEC,CPIYOY-23DEC-T3.2,3.2,21d,2023-12-21,2023-12-21,0.0,0.545,0.09,0.0,False,False
CPIYOY-23DEC,CPIYOY-23DEC-T3.2,3.2,14d,2023-12-28,2023-12-25,3.0,0.6,0.08,610.0,False,False
CPIYOY-23DEC,CPIYOY-23DEC-T3.2,3.2,7d,2024-01-04,2024-01-04,0.0,0.67,0.06,0.0,False,False
CPIYOY-23DEC,CPIYOY-23DEC-T3.2,3.2,3d,2024-01-08,2024-01-08,0.0,0.695,0.07,0.0,False,False
CPIYOY-23DEC,CPIYOY-23DEC-T3.2,3.2,1d,2024-01-10,2024-01-10,0.0,0.675,0.05,120.0,False,False
CPIYOY-23DEC,CPIYOY-23DEC-T3.2,3.2,final,2024-01-11,2024-01-10,1.0,0.675,0.05,120.0,False,False
CPIYOY-23DEC,CPIYOY-23DEC-T3.1,3.1,21d,2023-12-21,2023-12-21,0.0,0.81,0.12,3.0,False,False
CPIYOY-23DEC,CPIYOY-23DEC-T3.1,3.1,14d,2023-12-28,2023-12-28,0.0,0.875,0.09,172.0,False,False
CPIYOY-23DEC,CPIYOY-23DEC-T3.1,3.1,7d,2024-01-04,2024-01-04,0.0,0.905,0.09,164.0,False,False
CPIYOY-23DEC,CPIYOY-23DEC-T3.1,3.1,3d,2024-01-08,2024-01-08,0.0,0.915,0.09,457.0,False,False
CPIYOY-23DEC,CPIYOY-23DEC-T3.1,3.1,1d,2024-01-10,2024-01-10,0.0,0.93,0.06,34.0,False,False
CPIYOY-23DEC,CPIYOY-23DEC-T3.1,3.1,final,2024-01-11,2024-01-10,1.0,0.93,0.06,34.0,False,False
CPIYOY-23DEC,CPIYOY-23DEC-T3.0,3.0,21d,2023-12-21,2023-12-19,2.0,0.955,0.07,0.0,False,False
CPIYOY-23DEC,CPIYOY-23DEC-T3.0,3.0,14d,2023-12-28,2023-12-28,0.0,0.975,0.05,100.0,False,False
CPIYOY-23DEC,CPIYOY-23DEC-T3.0,3.0,7d,2024-01-04,2024-01-02,2.0,0.985,0.03,0.0,False,False
CPIYOY-23DEC,CPIYOY-23DEC-T3.0,3.0,3d,2024-01-08,2024-01-08,0.0,0.985,0.03,11.0,False,False
CPIYOY-23DEC,CPIYOY-23DEC-T3.0,3.0,1d,2024-01-10,2024-01-10,0.0,0.99,0.02,0.0,False,False
CPIYOY-23DEC,CPIYOY-23DEC-T3.0,3.0,final,2024-01-11,2024-01-10,1.0,0.99,0.02,0.0,False,False
CPIYOY-23DEC,CPIYOY-23DEC-T2.9,2.9,21d,2023-12-21,2023-12-20,1.0,0.88,0.24,0.0,False,False
CPIYOY-23DEC,CPIYOY-23DEC-T2.9,2.9,14d,2023-12-28,2023-12-20,8.0,0.88,0.24,0.0,False,False
CPIYOY-23DEC,CPIYOY-23DEC-T2.9,2.9,7d,2024-01-04,2024-01-02,2.0,0.99,0.02,0.0,False,False
CPIYOY-23DEC,CPIYOY-23DEC-T2.9,2.9,3d,2024-01-08,2024-01-02,6.0,0.99,0.02,0.0,False,False
CPIYOY-23DEC,CPIYOY-23DEC-T2.9,2.9,1d,2024-01-10,2024-01-02,8.0,0.99,0.02,0.0,False,False
CPIYOY-23DEC,CPIYOY-23DEC-T2.9,2.9,final,2024-01-11,2024-01-02,9.0,0.99,0.02,0.0,False,False
CPIYOY-23DEC,CPIYOY-23DEC-T2.8,2.8,21d,2023-12-21,2023-12-20,1.0,0.93,0.14,0.0,False,False
CPIYOY-23DEC,CPIYOY-23DEC-T2.8,2.8,14d,2023-12-28,2023-12-20,8.0,0.93,0.14,0.0,False,False
CPIYOY-23DEC,CPIYOY-23DEC-T2.8,2.8,7d,2024-01-04,2024-01-02,2.0,0.995,0.01,0.0,False,False
CPIYOY-23DEC,CPIYOY-23DEC-T2.8,2.8,3d,2024-01-08,2024-01-02,6.0,0.995,0.01,0.0,False,False
CPIYOY-23DEC,CPIYOY-23DEC-T2.8,2.8,1d,2024-01-10,2024-01-02,8.0,0.995,0.01,0.0,False,False
CPIYOY-23DEC,CPIYOY-23DEC-T2.8,2.8,final,2024-01-11,2024-01-02,9.0,0.995,0.01,0.0,False,False
CPIYOY-23NOV,CPIYOY-23NOV-T4.0,4.0,21d,2023-11-21,2023-11-21,0.0,0.01,0.02,0.0,False,False
CPIYOY-23NOV,CPIYOY-23NOV-T4.0,4.0,14d,2023-11-28,2023-11-21,7.0,0.01,0.02,0.0,False,False
CPIYOY-23NOV,CPIYOY-23NOV-T4.0,4.0,7d,2023-12-05,2023-11-21,14.0,0.01,0.02,0.0,False,False
CPIYOY-23NOV,CPIYOY-23NOV-T4.0,4.0,3d,2023-12-09,2023-11-21,18.0,0.01,0.02,0.0,False,True
CPIYOY-23NOV,CPIYOY-23NOV-T4.0,4.0,1d,2023-12-11,2023-11-21,20.0,0.01,0.02,0.0,False,True
CPIYOY-23NOV,CPIYOY-23NOV-T4.0,4.0,final,2023-12-12,2023-11-21,21.0,0.01,0.02,0.0,False,True
CPIYOY-23NOV,CPIYOY-23NOV-T3.9,3.9,21d,2023-11-21,2023-11-21,0.0,0.01,0.02,0.0,False,False
CPIYOY-23NOV,CPIYOY-23NOV-T3.9,3.9,14d,2023-11-28,2023-11-21,7.0,0.01,0.02,0.0,False,False
CPIYOY-23NOV,CPIYOY-23NOV-T3.9,3.9,7d,2023-12-05,2023-11-21,14.0,0.01,0.02,0.0,False,False
CPIYOY-23NOV,CPIYOY-23NOV-T3.9,3.9,3d,2023-12-09,2023-11-21,18.0,0.01,0.02,0.0,False,True
CPIYOY-23NOV,CPIYOY-23NOV-T3.9,3.9,1d,2023-12-11,2023-11-21,20.0,0.01,0.02,0.0,False,True
CPIYOY-23NOV,CPIYOY-23NOV-T3.9,3.9,final,2023-12-12,2023-11-21,21.0,0.01,0.02,0.0,False,True
CPIYOY-23NOV,CPIYOY-23NOV-T3.8,3.8,21d,2023-11-21,2023-11-21,0.0,0.03,0.06,0.0,False,False
CPIYOY-23NOV,CPIYOY-23NOV-T3.8,3.8,14d,2023-11-28,2023-11-21,7.0,0.03,0.06,0.0,False,False
CPIYOY-23NOV,CPIYOY-23NOV-T3.8,3.8,7d,2023-12-05,2023-11-21,14.0,0.03,0.06,0.0,False,False
CPIYOY-23NOV,CPIYOY-23NOV-T3.8,3.8,3d,2023-12-09,2023-11-21,18.0,0.03,0.06,0.0,False,True
CPIYOY-23NOV,CPIYOY-23NOV-T3.8,3.8,1d,2023-12-11,2023-11-21,20.0,0.03,0.06,0.0,False,True
CPIYOY-23NOV,CPIYOY-23NOV-T3.8,3.8,final,2023-12-12,2023-11-21,21.0,0.03,0.06,0.0,False,True
CPIYOY-23NOV,CPIYOY-23NOV-T3.7,3.7,21d,2023-11-21,2023-11-21,0.0,0.04,0.08,0.0,False,False
CPIYOY-23NOV,CPIYOY-23NOV-T3.7,3.7,14d,2023-11-28,2023-11-21,7.0,0.04,0.08,0.0,False,False
CPIYOY-23NOV,CPIYOY-23NOV-T3.7,3.7,7d,2023-12-05,2023-11-21,14.0,0.04,0.08,0.0,False,False
CPIYOY-23NOV,CPIYOY-23NOV-T3.7,3.7,3d,2023-12-09,2023-11-21,18.0,0.04,0.08,0.0,False,True
CPIYOY-23NOV,CPIYOY-23NOV-T3.7,3.7,1d,2023-12-11,2023-11-21,20.0,0.04,0.08,0.0,False,True
CPIYOY-23NOV,CPIYOY-23NOV-T3.7,3.7,final,2023-12-12,2023-11-21,21.0,0.04,0.08,0.0,False,True
CPIYOY-23NOV,CPIYOY-23NOV-T3.6,3.6,21d,2023-11-21,2023-11-21,0.0,0.015,0.03,0.0,False,False
CPIYOY-23NOV,CPIYOY-23NOV-T3.6,3.6,14d,2023-11-28,2023-11-21,7.0,0.015,0.03,0.0,False,False
CPIYOY-23NOV,CPIYOY-23NOV-T3.6,3.6,7d,2023-12-05,2023-11-21,14.0,0.015,0.03,0.0,False,False
CPIYOY-23NOV,CPIYOY-23NOV-T3.6,3.6,3d,2023-12-09,2023-11-21,18.0,0.015,0.03,0.0,False,True
CPIYOY-23NOV,CPIYOY-23NOV-T3.6,3.6,1d,2023-12-11,2023-11-21,20.0,0.015,0.03,0.0,False,True
CPIYOY-23NOV,CPIYOY-23NOV-T3.6,3.6,final,2023-12-12,2023-11-21,21.0,0.015,0.03,0.0,False,True
CPIYOY-23NOV,CPIYOY-23NOV-T3.5,3.5,21d,2023-11-21,2023-11-21,0.0,0.015,0.03,0.0,False,False
CPIYOY-23NOV,CPIYOY-23NOV-T3.5,3.5,14d,2023-11-28,2023-11-21,7.0,0.015,0.03,0.0,False,False
CPIYOY-23NOV,CPIYOY-23NOV-T3.5,3.5,7d,2023-12-05,2023-11-21,14.0,0.015,0.03,0.0,False,False
CPIYOY-23NOV,CPIYOY-23NOV-T3.5,3.5,3d,2023-12-09,2023-11-21,18.0,0.015,0.03,0.0,False,True
CPIYOY-23NOV,CPIYOY-23NOV-T3.5,3.5,1d,2023-12-11,2023-11-21,20.0,0.015,0.03,0.0,False,True
CPIYOY-23NOV,CPIYOY-23NOV-T3.5,3.5,final,2023-12-12,2023-11-21,21.0,0.015,0.03,0.0,False,True
CPIYOY-23NOV,CPIYOY-23NOV-T3.4,3.4,21d,2023-11-21,2023-11-21,0.0,0.025,0.03,0.0,False,False
CPIYOY-23NOV,CPIYOY-23NOV-T3.4,3.4,14d,2023-11-28,2023-11-28,0.0,0.02,0.04,100.0,False,False
CPIYOY-23NOV,CPIYOY-23NOV-T3.4,3.4,7d,2023-12-05,2023-11-28,7.0,0.02,0.04,100.0,False,False
CPIYOY-23NOV,CPIYOY-23NOV-T3.4,3.4,3d,2023-12-09,2023-11-28,11.0,0.02,0.04,100.0,False,False
CPIYOY-23NOV,CPIYOY-23NOV-T3.4,3.4,1d,2023-12-11,2023-11-28,13.0,0.02,0.04,100.0,False,False
CPIYOY-23NOV,CPIYOY-23NOV-T3.4,3.4,final,2023-12-12,2023-11-28,14.0,0.02,0.04,100.0,False,False
CPIYOY-23NOV,CPIYOY-23NOV-T3.3,3.3,21d,2023-11-21,2023-11-21,0.0,0.05,0.08,0.0,False,False
CPIYOY-23NOV,CPIYOY-23NOV-T3.3,3.3,14d,2023-11-28,2023-11-28,0.0,0.04,0.06,0.0,False,False
CPIYOY-23NOV,CPIYOY-23NOV-T3.3,3.3,7d,2023-12-05,2023-12-02,3.0,0.04,0.08,0.0,False,False
CPIYOY-23NOV,CPIYOY-23NOV-T3.3,3.3,3d,2023-12-09,2023-12-09,0.0,0.025,0.05,0.0,False,False
CPIYOY-23NOV,CPIYOY-23NOV-T3.3,3.3,1d,2023-12-11,2023-12-09,2.0,0.025,0.05,0.0,False,False
CPIYOY-23NOV,CPIYOY-23NOV-T3.3,3.3,final,2023-12-12,2023-12-09,3.0,0.025,0.05,0.0,False,False
CPIYOY-23NOV,CPIYOY-23NOV-T3.2,3.2,21d,2023-11-21,2023-11-21,0.0,0.1,0.1,0.0,False,False
CPIYOY-23NOV,CPIYOY-23NOV-T3.2,3.2,14d,2023-11-28,2023-11-28,0.0,0.04,0.04,1392.0,False,False
CPIYOY-23NOV,CPIYOY-23NOV-T3.2,3.2,7d,2023-12-05,2023-12-05,0.0,0.04,0.04,100.0,False,False
CPIYOY-23NOV,CPIYOY-23NOV-T3.2,3.2,3d,2023-12-09,2023-12-09,0.0,0.035,0.05,0.0,False,False
CPIYOY-23NOV,CPIYOY-23NOV-T3.2,3.2,1d,2023-12-11,2023-12-11,0.0,0.03,0.06,0.0,False,False
CPIYOY-23NOV,CPIYOY-23NOV-T3.2,3.2,final,2023-12-12,2023-12-11,1.0,0.03,0.06,0.0,False,False
CPIYOY-23NOV,CPIYOY-23NOV-T3.1,3.1,21d,2023-11-21,2023-11-21,0.0,0.48,0.12,144.0,False,False
CPIYOY-23NOV,CPIYOY-23NOV-T3.1,3.1,14d,2023-11-28,2023-11-28,0.0,0.375,0.05,955.0,False,False
CPIYOY-23NOV,CPIYOY-23NOV-T3.1,3.1,7d,2023-12-05,2023-12-05,0.0,0.34,0.06,1.0,False,False
CPIYOY-23NOV,CPIYOY-23NOV-T3.1,3.1,3d,2023-12-09,2023-12-09,0.0,0.29,0.06,50.0,False,False
CPIYOY-23NOV,CPIYOY-23NOV-T3.1,3.1,1d,2023-12-11,2023-12-11,0.0,0.28,0.06,281.0,False,False
CPIYOY-23NOV,CPIYOY-23NOV-T3.1,3.1,final,2023-12-12,2023-12-11,1.0,0.28,0.06,281.0,False,False
CPIYOY-23NOV,CPIYOY-23NOV-T3.0,3.0,21d,2023-11-21,2023-11-21,0.0,0.905,0.11,0.0,False,False
CPIYOY-23NOV,CPIYOY-23NOV-T3.0,3.0,14d,2023-11-28,2023-11-28,0.0,0.81,0.04,1250.0,False,False
CPIYOY-23NOV,CPIYOY-23NOV-T3.0,3.0,7d,2023-12-05,2023-12-05,0.0,0.785,0.05,0.0,False,False
CPIYOY-23NOV,CPIYOY-23NOV-T3.0,3.0,3d,2023-12-09,2023-12-09,0.0,0.765,0.05,0.0,False,False
CPIYOY-23NOV,CPIYOY-23NOV-T3.0,3.0,1d,2023-12-11,2023-12-11,0.0,0.79,0.1,37.0,False,False
CPIYOY-23NOV,CPIYOY-23NOV-T3.0,3.0,final,2023-12-12,2023-12-11,1.0,0.79,0.1,37.0,False,False
CPIYOY-23NOV,CPIYOY-23NOV-T2.9,2.9,21d,2023-11-21,2023-11-17,4.0,0.945,0.09,0.0,False,False
CPIYOY-23NOV,CPIYOY-23NOV-T2.9,2.9,14d,2023-11-28,2023-11-23,5.0,0.97,0.04,0.0,False,False
CPIYOY-23NOV,CPIYOY-23NOV-T2.9,2.9,7d,2023-12-05,2023-12-05,0.0,0.94,0.1,0.0,False,False
CPIYOY-23NOV,CPIYOY-23NOV-T2.9,2.9,3d,2023-12-09,2023-12-09,0.0,0.945,0.09,50.0,False,False
CPIYOY-23NOV,CPIYOY-23NOV-T2.9,2.9,1d,2023-12-11,2023-12-10,1.0,0.955,0.09,33.0,False,False
CPIYOY-23NOV,CPIYOY-23NOV-T2.9,2.9,final,2023-12-12,2023-12-10,2.0,0.955,0.09,33.0,False,False
CPIYOY-23NOV,CPIYOY-23NOV-T2.8,2.8,21d,2023-11-21,2023-11-21,0.0,0.965,0.07,0.0,False,False
CPIYOY-23NOV,CPIYOY-23NOV-T2.8,2.8,14d,2023-11-28,2023-11-21,7.0,0.965,0.07,0.0,False,False
CPIYOY-23NOV,CPIYOY-23NOV-T2.8,2.8,7d,2023-12-05,2023-11-21,14.0,0.965,0.07,0.0,False,False
CPIYOY-23NOV,CPIYOY-23NOV-T2.8,2.8,3d,2023-12-09,2023-12-09,0.0,0.97,0.06,50.0,False,False
CPIYOY-23NOV,CPIYOY-23NOV-T2.8,2.8,1d,2023-12-11,2023-12-11,0.0,0.975,0.05,35.0,False,False
CPIYOY-23NOV,CPIYOY-23NOV-T2.8,2.8,final,2023-12-12,2023-12-11,1.0,0.975,0.05,35.0,False,False
CPIYOY-23NOV,CPIYOY-23NOV-T2.7,2.7,21d,2023-11-21,2023-11-21,0.0,0.975,0.05,0.0,False,False
CPIYOY-23NOV,CPIYOY-23NOV-T2.7,2.7,14d,2023-11-28,2023-11-21,7.0,0.975,0.05,0.0,False,False
CPIYOY-23NOV,CPIYOY-23NOV-T2.7,2.7,7d,2023-12-05,2023-11-21,14.0,0.975,0.05,0.0,False,False
CPIYOY-23NOV,CPIYOY-23NOV-T2.7,2.7,3d,2023-12-09,2023-11-21,18.0,0.975,0.05,0.0,False,True
CPIYOY-23NOV,CPIYOY-23NOV-T2.7,2.7,1d,2023-12-11,2023-11-21,20.0,0.975,0.05,0.0,False,True
CPIYOY-23NOV,CPIYOY-23NOV-T2.7,2.7,final,2023-12-12,2023-11-21,21.0,0.975,0.05,0.0,False,True
CPIYOY-23NOV,CPIYOY-23NOV-T2.6,2.6,21d,2023-11-21,2023-11-21,0.0,0.99,0.02,0.0,False,False
CPIYOY-23NOV,CPIYOY-23NOV-T2.6,2.6,14d,2023-11-28,2023-11-28,0.0,0.855,0.29,265.0,False,False
CPIYOY-23NOV,CPIYOY-23NOV-T2.6,2.6,7d,2023-12-05,2023-12-05,0.0,0.88,0.24,0.0,False,False
CPIYOY-23NOV,CPIYOY-23NOV-T2.6,2.6,3d,2023-12-09,2023-12-09,0.0,0.925,0.15,0.0,False,False
CPIYOY-23NOV,CPIYOY-23NOV-T2.6,2.6,1d,2023-12-11,2023-12-10,1.0,0.93,0.14,0.0,False,False
CPIYOY-23NOV,CPIYOY-23NOV-T2.6,2.6,final,2023-12-12,2023-12-10,2.0,0.93,0.14,0.0,False,False
CPIYOY-23OCT,CPIYOY-23OCT-T4.0,4.0,21d,2023-10-24,2023-10-22,2.0,0.45,0.9,0.0,False,False
CPIYOY-23OCT,CPIYOY-23OCT-T4.0,4.0,14d,2023-10-31,2023-10-22,9.0,0.45,0.9,0.0,False,False
CPIYOY-23OCT,CPIYOY-23OCT-T4.0,4.0,7d,2023-11-07,2023-11-05,2.0,0.445,0.89,0.0,False,False
CPIYOY-23OCT,CPIYOY-23OCT-T4.0,4.0,3d,2023-11-11,2023-11-11,0.0,0.45,0.9,0.0,False,False
CPIYOY-23OCT,CPIYOY-23OCT-T4.0,4.0,1d,2023-11-13,2023-11-11,2.0,0.45,0.9,0.0,False,False
CPIYOY-23OCT,CPIYOY-23OCT-T4.0,4.0,final,2023-11-14,2023-11-11,3.0,0.45,0.9,0.0,False,False
CPIYOY-23OCT,CPIYOY-23OCT-T3.9,3.9,21d,2023-10-24,2023-10-22,2.0,0.475,0.95,0.0,False,False
CPIYOY-23OCT,CPIYOY-23OCT-T3.9,3.9,14d,2023-10-31,2023-10-22,9.0,0.475,0.95,0.0,False,False
CPIYOY-23OCT,CPIYOY-23OCT-T3.9,3.9,7d,2023-11-07,2023-11-05,2.0,0.47,0.94,0.0,False,False
CPIYOY-23OCT,CPIYOY-23OCT-T3.9,3.9,3d,2023-11-11,2023-11-11,0.0,0.475,0.95,0.0,False,False
CPIYOY-23OCT,CPIYOY-23OCT-T3.9,3.9,1d,2023-11-13,2023-11-11,2.0,0.475,0.95,0.0,False,False
CPIYOY-23OCT,CPIYOY-23OCT-T3.9,3.9,final,2023-11-14,2023-11-11,3.0,0.475,0.95,0.0,False,False
CPIYOY-23OCT,CPIYOY-23OCT-T3.8,3.8,21d,2023-10-24,2023-10-23,1.0,0.035,0.07,24.0,False,False
CPIYOY-23OCT,CPIYOY-23OCT-T3.8,3.8,14d,2023-10-31,2023-10-30,1.0,0.04,0.08,0.0,False,False
CPIYOY-23OCT,CPIYOY-23OCT-T3.8,3.8,7d,2023-11-07,2023-11-06,1.0,0.035,0.07,0.0,False,False
CPIYOY-23OCT,CPIYOY-23OCT-T3.8,3.8,3d,2023-11-11,2023-11-06,5.0,0.035,0.07,0.0,False,False
CPIYOY-23OCT,CPIYOY-23OCT-T3.8,3.8,1d,2023-11-13,2023-11-06,7.0,0.035,0.07,0.0,False,False
CPIYOY-23OCT,CPIYOY-23OCT-T3.8,3.8,final,2023-11-14,2023-11-06,8.0,0.035,0.07,0.0,False,False
CPIYOY-23OCT,CPIYOY-23OCT-T3.7,3.7,21d,2023-10-24,2023-10-23,1.0,0.04,0.08,0.0,False,False
CPIYOY-23OCT,CPIYOY-23OCT-T3.7,3.7,14d,2023-10-31,2023-10-30,1.0,0.065,0.13,0.0,False,False
CPIYOY-23OCT,CPIYOY-23OCT-T3.7,3.7,7d,2023-11-07,2023-11-06,1.0,0.49,0.98,0.0,False,False
CPIYOY-23OCT,CPIYOY-23OCT-T3.7,3.7,3d,2023-11-11,2023-11-10,1.0,0.49,0.98,0.0,False,False
CPIYOY-23OCT,CPIYOY-23OCT-T3.7,3.7,1d,2023-11-13,2023-11-10,3.0,0.49,0.98,0.0,False,False
CPIYOY-23OCT,CPIYOY-23OCT-T3.7,3.7,final,2023-11-14,2023-11-10,4.0,0.49,0.98,0.0,False,False
CPIYOY-23OCT,CPIYOY-23OCT-T3.6,3.6,21d,2023-10-24,2023-10-23,1.0,0.045,0.09,19.0,False,False
CPIYOY-23OCT,CPIYOY-23OCT-T3.6,3.6,14d,2023-10-31,2023-10-31,0.0,0.045,0.09,0.0,False,False
CPIYOY-23OCT,CPIYOY-23OCT-T3.6,3.6,7d,2023-11-07,2023-10-31,7.0,0.045,0.09,0.0,False,False
CPIYOY-23OCT,CPIYOY-23OCT-T3.6,3.6,3d,2023-11-11,2023-10-31,11.0,0.045,0.09,0.0,False,False
CPIYOY-23OCT,CPIYOY-23OCT-T3.6,3.6,1d,2023-11-13,2023-10-31,13.0,0.045,0.09,0.0,False,False
CPIYOY-23OCT,CPIYOY-23OCT-T3.6,3.6,final,2023-11-14,2023-10-31,14.0,0.045,0.09,0.0,False,False
CPIYOY-23OCT,CPIYOY-23OCT-T3.5,3.5,21d,2023-10-24,2023-10-20,4.0,0.065,0.11,0.0,False,False
CPIYOY-23OCT,CPIYOY-23OCT-T3.5,3.5,14d,2023-10-31,2023-10-30,1.0,0.055,0.09,0.0,False,False
CPIYOY-23OCT,CPIYOY-23OCT-T3.5,3.5,7d,2023-11-07,2023-11-07,0.0,0.075,0.15,0.0,False,False
CPIYOY-23OCT,CPIYOY-23OCT-T3.5,3.5,3d,2023-11-11,2023-11-11,0.0,0.07,0.14,0.0,False,False
CPIYOY-23OCT,CPIYOY-23OCT-T3.5,3.5,1d,2023-11-13,2023-11-11,2.0,0.07,0.14,0.0,False,False
CPIYOY-23OCT,CPIYOY-23OCT-T3.5,3.5,final,2023-11-14,2023-11-11,3.0,0.07,0.14,0.0,False,False
CPIYOY-23OCT,CPIYOY-23OCT-T3.4,3.4,21d,2023-10-24,2023-10-21,3.0,0.045,0.07,0.0,False,False
CPIYOY-23OCT,CPIYOY-23OCT-T3.4,3.4,14d,2023-10-31,2023-10-31,0.0,0.045,0.07,0.0,False,False
CPIYOY-23OCT,CPIYOY-23OCT-T3.4,3.4,7d,2023-11-07,2023-11-07,0.0,0.05,0.08,0.0,False,False
CPIYOY-23OCT,CPIYOY-23OCT-T3.4,3.4,3d,2023-11-11,2023-11-11,0.0,0.04,0.06,0.0,False,False
CPIYOY-23OCT,CPIYOY-23OCT-T3.4,3.4,1d,2023-11-13,2023-11-13,0.0,0.015,0.01,0.0,False,False
CPIYOY-23OCT,CPIYOY-23OCT-T3.4,3.4,final,2023-11-14,2023-11-13,1.0,0.015,0.01,0.0,False,False
CPIYOY-23OCT,CPIYOY-23OCT-T3.3,3.3,21d,2023-10-24,2023-10-24,0.0,0.195,0.11,0.0,False,False
CPIYOY-23OCT,CPIYOY-23OCT-T3.3,3.3,14d,2023-10-31,2023-10-31,0.0,0.135,0.07,1220.0,False,False
CPIYOY-23OCT,CPIYOY-23OCT-T3.3,3.3,7d,2023-11-07,2023-11-07,0.0,0.185,0.35,0.0,False,False
CPIYOY-23OCT,CPIYOY-23OCT-T3.3,3.3,3d,2023-11-11,2023-11-11,0.0,0.165,0.31,0.0,False,False
CPIYOY-23OCT,CPIYOY-23OCT-T3.3,3.3,1d,2023-11-13,2023-11-13,0.0,0.185,0.35,0.0,False,False
CPIYOY-23OCT,CPIYOY-23OCT-T3.3,3.3,final,2023-11-14,2023-11-13,1.0,0.185,0.35,0.0,False,False
CPIYOY-23OCT,CPIYOY-23OCT-T3.2,3.2,21d,2023-10-24,2023-10-24,0.0,0.68,0.14,1715.0,False,False
CPIYOY-23OCT,CPIYOY-23OCT-T3.2,3.2,14d,2023-10-31,2023-10-31,0.0,0.73,0.12,0.0,False,False
CPIYOY-23OCT,CPIYOY-23OCT-T3.2,3.2,7d,2023-11-07,2023-11-07,0.0,0.74,0.1,0.0,False,False
CPIYOY-23OCT,CPIYOY-23OCT-T3.2,3.2,3d,2023-11-11,2023-11-11,0.0,0.395,0.73,0.0,False,False
CPIYOY-23OCT,CPIYOY-23OCT-T3.2,3.2,1d,2023-11-13,2023-11-13,0.0,0.41,0.76,0.0,False,False
CPIYOY-23OCT,CPIYOY-23OCT-T3.2,3.2,final,2023-11-14,2023-11-13,1.0,0.41,0.76,0.0,False,False
CPIYOY-23OCT,CPIYOY-23OCT-T3.1,3.1,21d,2023-10-24,2023-10-22,2.0,0.95,0.06,0.0,False,False
CPIYOY-23OCT,CPIYOY-23OCT-T3.1,3.1,14d,2023-10-31,2023-10-30,1.0,0.975,0.05,0.0,False,False
CPIYOY-23OCT,CPIYOY-23OCT-T3.1,3.1,7d,2023-11-07,2023-11-07,0.0,0.975,0.05,0.0,False,False
CPIYOY-23OCT,CPIYOY-23OCT-T3.1,3.1,3d,2023-11-11,2023-11-10,1.0,0.95,0.04,1.0,False,False
CPIYOY-23OCT,CPIYOY-23OCT-T3.1,3.1,1d,2023-11-13,2023-11-13,0.0,0.965,0.07,0.0,False,False
CPIYOY-23OCT,CPIYOY-23OCT-T3.1,3.1,final,2023-11-14,2023-11-13,1.0,0.965,0.07,0.0,False,False
CPIYOY-23OCT,CPIYOY-23OCT-T3.0,3.0,21d,2023-10-24,2023-10-20,4.0,0.985,0.03,0.0,False,False
CPIYOY-23OCT,CPIYOY-23OCT-T3.0,3.0,14d,2023-10-31,2023-10-20,11.0,0.985,0.03,0.0,False,False
CPIYOY-23OCT,CPIYOY-23OCT-T3.0,3.0,7d,2023-11-07,2023-10-20,18.0,0.985,0.03,0.0,False,True
CPIYOY-23OCT,CPIYOY-23OCT-T3.0,3.0,3d,2023-11-11,2023-10-20,22.0,0.985,0.03,0.0,False,True
CPIYOY-23OCT,CPIYOY-23OCT-T3.0,3.0,1d,2023-11-13,2023-10-20,24.0,0.985,0.03,0.0,False,True
CPIYOY-23OCT,CPIYOY-23OCT-T3.0,3.0,final,2023-11-14,2023-10-20,25.0,0.985,0.03,0.0,False,True
CPIYOY-23OCT,CPIYOY-23OCT-T2.9,2.9,21d,2023-10-24,2023-10-14,10.0,0.505,0.99,0.0,False,False
CPIYOY-23OCT,CPIYOY-23OCT-T2.9,2.9,14d,2023-10-31,2023-10-29,2.0,0.955,0.09,0.0,False,False
CPIYOY-23OCT,CPIYOY-23OCT-T2.9,2.9,7d,2023-11-07,2023-11-05,2.0,0.975,0.05,0.0,False,False
CPIYOY-23OCT,CPIYOY-23OCT-T2.9,2.9,3d,2023-11-11,2023-11-05,6.0,0.975,0.05,0.0,False,False
CPIYOY-23OCT,CPIYOY-23OCT-T2.9,2.9,1d,2023-11-13,2023-11-05,8.0,0.975,0.05,0.0,False,False
CPIYOY-23OCT,CPIYOY-23OCT-T2.9,2.9,final,2023-11-14,2023-11-05,9.0,0.975,0.05,0.0,False,False
CPIYOY-23OCT,CPIYOY-23OCT-T2.8,2.8,21d,2023-10-24,2023-10-14,10.0,0.505,0.99,0.0,False,False
CPIYOY-23OCT,CPIYOY-23OCT-T2.8,2.8,14d,2023-10-31,2023-10-29,2.0,0.98,0.04,0.0,False,False
CPIYOY-23OCT,CPIYOY-23OCT-T2.8,2.8,7d,2023-11-07,2023-10-29,9.0,0.98,0.04,0.0,False,False
CPIYOY-23OCT,CPIYOY-23OCT-T2.8,2.8,3d,2023-11-11,2023-10-29,13.0,0.98,0.04,0.0,False,False
CPIYOY-23OCT,CPIYOY-23OCT-T2.8,2.8,1d,2023-11-13,2023-10-29,15.0,0.98,0.04,0.0,False,True
CPIYOY-23OCT,CPIYOY-23OCT-T2.8,2.8,final,2023-11-14,2023-10-29,16.0,0.98,0.04,0.0,False,True
CPIYOY-23OCT,CPIYOY-23OCT-T2.7,2.7,21d,2023-10-24,2023-10-13,11.0,0.505,0.99,0.0,False,False
CPIYOY-23OCT,CPIYOY-23OCT-T2.7,2.7,14d,2023-10-31,2023-10-29,2.0,0.985,0.03,0.0,False,False
CPIYOY-23OCT,CPIYOY-23OCT-T2.7,2.7,7d,2023-11-07,2023-10-29,9.0,0.985,0.03,0.0,False,False
CPIYOY-23OCT,CPIYOY-23OCT-T2.7,2.7,3d,2023-11-11,2023-10-29,13.0,0.985,0.03,0.0,False,False
CPIYOY-23OCT,CPIYOY-23OCT-T2.7,2.7,1d,2023-11-13,2023-10-29,15.0,0.985,0.03,0.0,False,True
CPIYOY-23OCT,CPIYOY-23OCT-T2.7,2.7,final,2023-11-14,2023-10-29,16.0,0.985,0.03,0.0,False,True
CPIYOY-23OCT,CPIYOY-23OCT-T2.6,2.6,21d,2023-10-24,2023-10-13,11.0,0.505,0.99,0.0,False,False
CPIYOY-23OCT,CPIYOY-23OCT-T2.6,2.6,14d,2023-10-31,2023-10-29,2.0,0.985,0.03,0.0,False,False
CPIYOY-23OCT,CPIYOY-23OCT-T2.6,2.6,7d,2023-11-07,2023-10-29,9.0,0.985,0.03,0.0,False,False
CPIYOY-23OCT,CPIYOY-23OCT-T2.6,2.6,3d,2023-11-11,2023-10-29,13.0,0.985,0.03,0.0,False,False
CPIYOY-23OCT,CPIYOY-23OCT-T2.6,2.6,1d,2023-11-13,2023-10-29,15.0,0.985,0.03,0.0,False,True
CPIYOY-23OCT,CPIYOY-23OCT-T2.6,2.6,final,2023-11-14,2023-10-29,16.0,0.985,0.03,0.0,False,True
CPIYOY-23SEP,CPIYOY-23SEP-T4.0,4.0,21d,2023-09-21,2023-09-20,1.0,0.4,0.8,0.0,False,False
CPIYOY-23SEP,CPIYOY-23SEP-T4.0,4.0,14d,2023-09-28,2023-09-20,8.0,0.4,0.8,0.0,False,False
CPIYOY-23SEP,CPIYOY-23SEP-T4.0,4.0,7d,2023-10-05,2023-10-05,0.0,0.1,0.2,0.0,False,False
CPIYOY-23SEP,CPIYOY-23SEP-T4.0,4.0,3d,2023-10-09,2023-10-05,4.0,0.1,0.2,0.0,False,False
CPIYOY-23SEP,CPIYOY-23SEP-T4.0,4.0,1d,2023-10-11,2023-10-11,0.0,0.095,0.19,0.0,False,False
CPIYOY-23SEP,CPIYOY-23SEP-T4.0,4.0,final,2023-10-12,2023-10-11,1.0,0.095,0.19,0.0,False,False
CPIYOY-23SEP,CPIYOY-23SEP-T3.9,3.9,21d,2023-09-21,2023-09-19,2.0,0.495,0.99,0.0,False,False
CPIYOY-23SEP,CPIYOY-23SEP-T3.9,3.9,14d,2023-09-28,2023-09-28,0.0,0.495,0.99,0.0,False,False
CPIYOY-23SEP,CPIYOY-23SEP-T3.9,3.9,7d,2023-10-05,2023-10-05,0.0,0.25,0.5,0.0,False,False
CPIYOY-23SEP,CPIYOY-23SEP-T3.9,3.9,3d,2023-10-09,2023-10-06,3.0,0.25,0.5,0.0,False,False
CPIYOY-23SEP,CPIYOY-23SEP-T3.9,3.9,1d,2023-10-11,2023-10-11,0.0,0.245,0.49,0.0,False,False
CPIYOY-23SEP,CPIYOY-23SEP-T3.9,3.9,final,2023-10-12,2023-10-11,1.0,0.245,0.49,0.0,False,False
CPIYOY-23SEP,CPIYOY-23SEP-T3.8,3.8,21d,2023-09-21,2023-09-20,1.0,0.5,0.98,0.0,False,False
CPIYOY-23SEP,CPIYOY-23SEP-T3.8,3.8,14d,2023-09-28,2023-09-28,0.0,0.5,0.98,0.0,False,False
CPIYOY-23SEP,CPIYOY-23SEP-T3.8,3.8,7d,2023-10-05,2023-10-05,0.0,0.38,0.74,0.0,False,False
CPIYOY-23SEP,CPIYOY-23SEP-T3.8,3.8,3d,2023-10-09,2023-10-09,0.0,0.23,0.44,0.0,False,False
CPIYOY-23SEP,CPIYOY-23SEP-T3.8,3.8,1d,2023-10-11,2023-10-11,0.0,0.22,0.44,100.0,False,False
CPIYOY-23SEP,CPIYOY-23SEP-T3.8,3.8,final,2023-10-12,2023-10-11,1.0,0.22,0.44,100.0,False,False
CPIYOY-23SEP,CPIYOY-23SEP-T3.7,3.7,21d,2023-09-21,2023-09-21,0.0,0.145,0.15,0.0,False,False
CPIYOY-23SEP,CPIYOY-23SEP-T3.7,3.7,14d,2023-09-28,2023-09-28,0.0,0.24,0.02,0.0,False,False
CPIYOY-23SEP,CPIYOY-23SEP-T3.7,3.7,7d,2023-10-05,2023-10-05,0.0,0.235,0.09,57.0,False,False
CPIYOY-23SEP,CPIYOY-23SEP-T3.7,3.7,3d,2023-10-09,2023-10-08,1.0,0.41,0.48,117.0,False,False
CPIYOY-23SEP,CPIYOY-23SEP-T3.7,3.7,1d,2023-10-11,2023-10-11,0.0,0.25,0.4,0.0,False,False
CPIYOY-23SEP,CPIYOY-23SEP-T3.7,3.7,final,2023-10-12,2023-10-11,1.0,0.25,0.4,0.0,False,False
CPIYOY-23SEP,CPIYOY-23SEP-T3.6,3.6,21d,2023-09-21,2023-09-21,0.0,0.485,0.15,0.0,False,False
CPIYOY-23SEP,CPIYOY-23SEP-T3.6,3.6,14d,2023-09-28,2023-09-28,0.0,0.52,0.06,0.0,False,False
CPIYOY-23SEP,CPIYOY-23SEP-T3.6,3.6,7d,2023-10-05,2023-10-05,0.0,0.575,0.09,0.0,False,False
CPIYOY-23SEP,CPIYOY-23SEP-T3.6,3.6,3d,2023-10-09,2023-10-08,1.0,0.715,0.37,65.0,False,False
CPIYOY-23SEP,CPIYOY-23SEP-T3.6,3.6,1d,2023-10-11,2023-10-11,0.0,0.575,0.05,25.0,False,False
CPIYOY-23SEP,CPIYOY-23SEP-T3.6,3.6,final,2023-10-12,2023-10-11,1.0,0.575,0.05,25.0,False,False
CPIYOY-23SEP,CPIYOY-23SEP-T3.5,3.5,21d,2023-09-21,2023-09-21,0.0,0.82,0.14,0.0,False,False
CPIYOY-23SEP,CPIYOY-23SEP-T3.5,3.5,14d,2023-09-28,2023-09-28,0.0,0.915,0.05,0.0,False,False
CPIYOY-23SEP,CPIYOY-23SEP-T3.5,3.5,7d,2023-10-05,2023-10-05,0.0,0.935,0.07,0.0,False,False
CPIYOY-23SEP,CPIYOY-23SEP-T3.5,3.5,3d,2023-10-09,2023-10-07,2.0,0.94,0.08,0.0,False,False
CPIYOY-23SEP,CPIYOY-23SEP-T3.5,3.5,1d,2023-10-11,2023-10-11,0.0,0.935,0.09,0.0,False,False
CPIYOY-23SEP,CPIYOY-23SEP-T3.5,3.5,final,2023-10-12,2023-10-11,1.0,0.935,0.09,0.0,False,False
CPIYOY-23SEP,CPIYOY-23SEP-T3.4,3.4,21d,2023-09-21,2023-09-21,0.0,0.89,0.12,0.0,False,False
CPIYOY-23SEP,CPIYOY-23SEP-T3.4,3.4,14d,2023-09-28,2023-09-27,1.0,0.935,0.13,0.0,False,False
CPIYOY-23SEP,CPIYOY-23SEP-T3.4,3.4,7d,2023-10-05,2023-10-02,3.0,0.95,0.1,0.0,False,False
CPIYOY-23SEP,CPIYOY-23SEP-T3.4,3.4,3d,2023-10-09,2023-10-07,2.0,0.96,0.08,0.0,False,False
CPIYOY-23SEP,CPIYOY-23SEP-T3.4,3.4,1d,2023-10-11,2023-10-07,4.0,0.96,0.08,0.0,False,False
CPIYOY-23SEP,CPIYOY-23SEP-T3.4,3.4,final,2023-10-12,2023-10-07,5.0,0.96,0.08,0.0,False,False
CPIYOY-23SEP,CPIYOY-23SEP-T3.3,3.3,21d,2023-09-21,2023-09-21,0.0,0.49,0.96,0.0,False,False
CPIYOY-23SEP,CPIYOY-23SEP-T3.3,3.3,14d,2023-09-28,2023-09-28,0.0,0.5,0.98,0.0,False,False
CPIYOY-23SEP,CPIYOY-23SEP-T3.3,3.3,7d,2023-10-05,2023-10-04,1.0,0.595,0.81,0.0,False,False
CPIYOY-23SEP,CPIYOY-23SEP-T3.3,3.3,3d,2023-10-09,2023-10-06,3.0,0.63,0.74,0.0,False,False
CPIYOY-23SEP,CPIYOY-23SEP-T3.3,3.3,1d,2023-10-11,2023-10-11,0.0,0.505,0.99,0.0,False,False
CPIYOY-23SEP,CPIYOY-23SEP-T3.3,3.3,final,2023-10-12,2023-10-11,1.0,0.505,0.99,0.0,False,False
CPIYOY-23SEP,CPIYOY-23SEP-T3.2,3.2,21d,2023-09-21,2023-09-21,0.0,0.49,0.96,0.0,False,False
CPIYOY-23SEP,CPIYOY-23SEP-T3.2,3.2,14d,2023-09-28,2023-09-28,0.0,0.505,0.99,0.0,False,False
CPIYOY-23SEP,CPIYOY-23SEP-T3.2,3.2,7d,2023-10-05,2023-10-04,1.0,0.635,0.73,0.0,False,False
CPIYOY-23SEP,CPIYOY-23SEP-T3.2,3.2,3d,2023-10-09,2023-10-07,2.0,0.705,0.59,0.0,False,False
CPIYOY-23SEP,CPIYOY-23SEP-T3.2,3.2,1d,2023-10-11,2023-10-11,0.0,0.505,0.99,0.0,False,False
CPIYOY-23SEP,CPIYOY-23SEP-T3.2,3.2,final,2023-10-12,2023-10-11,1.0,0.505,0.99,0.0,False,False
CPIYOY-23SEP,CPIYOY-23SEP-T3.1,3.1,21d,2023-09-21,2023-09-21,0.0,0.48,0.94,0.0,False,False
CPIYOY-23SEP,CPIYOY-23SEP-T3.1,3.1,14d,2023-09-28,2023-09-26,2.0,0.5,0.98,0.0,False,False
CPIYOY-23SEP,CPIYOY-23SEP-T3.1,3.1,7d,2023-10-05,2023-10-04,1.0,0.625,0.75,0.0,False,False
CPIYOY-23SEP,CPIYOY-23SEP-T3.1,3.1,3d,2023-10-09,2023-10-07,2.0,0.755,0.49,0.0,False,False
CPIYOY-23SEP,CPIYOY-23SEP-T3.1,3.1,1d,2023-10-11,2023-10-11,0.0,0.52,0.96,0.0,False,False
CPIYOY-23SEP,CPIYOY-23SEP-T3.1,3.1,final,2023-10-12,2023-10-11,1.0,0.52,0.96,0.0,False,False
CPIYOY-23SEP,CPIYOY-23SEP-T3.0,3.0,21d,2023-09-21,2023-09-21,0.0,0.48,0.94,0.0,False,False
CPIYOY-23SEP,CPIYOY-23SEP-T3.0,3.0,14d,2023-09-28,2023-09-28,0.0,0.49,0.96,0.0,False,False
CPIYOY-23SEP,CPIYOY-23SEP-T3.0,3.0,7d,2023-10-05,2023-10-02,3.0,0.975,0.05,0.0,False,False
CPIYOY-23SEP,CPIYOY-23SEP-T3.0,3.0,3d,2023-10-09,2023-10-02,7.0,0.975,0.05,0.0,False,False
CPIYOY-23SEP,CPIYOY-23SEP-T3.0,3.0,1d,2023-10-11,2023-10-11,0.0,0.98,0.04,0.0,False,False
CPIYOY-23SEP,CPIYOY-23SEP-T3.0,3.0,final,2023-10-12,2023-10-11,1.0,0.98,0.04,0.0,False,False
CPIYOY-23SEP,CPIYOY-23SEP-T2.9,2.9,21d,2023-09-21,2023-09-21,0.0,0.48,0.94,0.0,False,False
CPIYOY-23SEP,CPIYOY-23SEP-T2.9,2.9,14d,2023-09-28,2023-09-28,0.0,0.485,0.95,0.0,False,False
CPIYOY-23SEP,CPIYOY-23SEP-T2.9,2.9,7d,2023-10-05,2023-10-02,3.0,0.985,0.03,0.0,False,False
CPIYOY-23SEP,CPIYOY-23SEP-T2.9,2.9,3d,2023-10-09,2023-10-02,7.0,0.985,0.03,0.0,False,False
CPIYOY-23SEP,CPIYOY-23SEP-T2.9,2.9,1d,2023-10-11,2023-10-02,9.0,0.985,0.03,0.0,False,False
CPIYOY-23SEP,CPIYOY-23SEP-T2.9,2.9,final,2023-10-12,2023-10-02,10.0,0.985,0.03,0.0,False,False
CPIYOY-23SEP,CPIYOY-23SEP-T2.8,2.8,21d,2023-09-21,2023-09-21,0.0,0.48,0.92,0.0,False,False
CPIYOY-23SEP,CPIYOY-23SEP-T2.8,2.8,14d,2023-09-28,2023-09-28,0.0,0.535,0.87,0.0,False,False
CPIYOY-23SEP,CPIYOY-23SEP-T2.8,2.8,7d,2023-10-05,2023-10-01,4.0,0.955,0.09,102.0,False,False
CPIYOY-23SEP,CPIYOY-23SEP-T2.8,2.8,3d,2023-10-09,2023-10-01,8.0,0.955,0.09,102.0,False,False
CPIYOY-23SEP,CPIYOY-23SEP-T2.8,2.8,1d,2023-10-11,2023-10-01,10.0,0.955,0.09,102.0,False,False
CPIYOY-23SEP,CPIYOY-23SEP-T2.8,2.8,final,2023-10-12,2023-10-01,11.0,0.955,0.09,102.0,False,False
CPIYOY-23SEP,CPIYOY-23SEP-T2.7,2.7,21d,2023-09-21,2023-09-21,0.0,0.505,0.89,0.0,False,False
CPIYOY-23SEP,CPIYOY-23SEP-T2.7,2.7,14d,2023-09-28,2023-09-28,0.0,0.655,0.61,0.0,False,False
CPIYOY-23SEP,CPIYOY-23SEP-T2.7,2.7,7d,2023-10-05,2023-10-03,2.0,0.99,0.02,0.0,False,False
CPIYOY-23SEP,CPIYOY-23SEP-T2.7,2.7,3d,2023-10-09,2023-10-03,6.0,0.99,0.02,0.0,False,False
CPIYOY-23SEP,CPIYOY-23SEP-T2.7,2.7,1d,2023-10-11,2023-10-03,8.0,0.99,0.02,0.0,False,False
CPIYOY-23SEP,CPIYOY-23SEP-T2.7,2.7,final,2023-10-12,2023-10-03,9.0,0.99,0.02,0.0,False,False
CPIYOY-23SEP,CPIYOY-23SEP-T2.6,2.6,21d,2023-09-21,2023-09-21,0.0,0.495,0.95,1255.0,False,False
CPIYOY-23SEP,CPIYOY-23SEP-T2.6,2.6,14d,2023-09-28,2023-09-28,0.0,0.54,0.84,100.0,False,False
CPIYOY-23SEP,CPIYOY-23SEP-T2.6,2.6,7d,2023-10-05,2023-10-03,2.0,0.985,0.01,0.0,False,False
CPIYOY-23SEP,CPIYOY-23SEP-T2.6,2.6,3d,2023-10-09,2023-10-07,2.0,0.99,0.02,2.0,False,False
CPIYOY-23SEP,CPIYOY-23SEP-T2.6,2.6,1d,2023-10-11,2023-10-07,4.0,0.99,0.02,2.0,False,False
CPIYOY-23SEP,CPIYOY-23SEP-T2.6,2.6,final,2023-10-12,2023-10-07,5.0,0.99,0.02,2.0,False,False
CPIYOY-23AUG,CPIYOY-23AUG-T4.2,4.2,21d,2023-08-23,2023-08-20,3.0,0.01,0.02,0.0,False,False
CPIYOY-23AUG,CPIYOY-23AUG-T4.2,4.2,14d,2023-08-30,2023-08-20,10.0,0.01,0.02,0.0,False,False
CPIYOY-23AUG,CPIYOY-23AUG-T4.2,4.2,7d,2023-09-06,2023-08-20,17.0,0.01,0.02,0.0,False,True
CPIYOY-23AUG,CPIYOY-23AUG-T4.2,4.2,3d,2023-09-10,2023-08-20,21.0,0.01,0.02,0.0,False,True
CPIYOY-23AUG,CPIYOY-23AUG-T4.2,4.2,1d,2023-09-12,2023-08-20,23.0,0.01,0.02,0.0,False,True
CPIYOY-23AUG,CPIYOY-23AUG-T4.2,4.2,final,2023-09-13,2023-08-20,24.0,0.01,0.02,0.0,False,True
CPIYOY-23AUG,CPIYOY-23AUG-T4.1,4.099999,21d,2023-08-23,2023-08-20,3.0,0.015,0.03,0.0,False,False
CPIYOY-23AUG,CPIYOY-23AUG-T4.1,4.099999,14d,2023-08-30,2023-08-20,10.0,0.015,0.03,0.0,False,False
CPIYOY-23AUG,CPIYOY-23AUG-T4.1,4.099999,7d,2023-09-06,2023-08-20,17.0,0.015,0.03,0.0,False,True
CPIYOY-23AUG,CPIYOY-23AUG-T4.1,4.099999,3d,2023-09-10,2023-08-20,21.0,0.015,0.03,0.0,False,True
CPIYOY-23AUG,CPIYOY-23AUG-T4.1,4.099999,1d,2023-09-12,2023-08-20,23.0,0.015,0.03,0.0,False,True
CPIYOY-23AUG,CPIYOY-23AUG-T4.1,4.099999,final,2023-09-13,2023-08-20,24.0,0.015,0.03,0.0,False,True
CPIYOY-23AUG,CPIYOY-23AUG-T4.0,4.0,21d,2023-08-23,2023-08-20,3.0,0.025,0.05,0.0,False,False
CPIYOY-23AUG,CPIYOY-23AUG-T4.0,4.0,14d,2023-08-30,2023-08-30,0.0,0.02,0.04,0.0,False,False
CPIYOY-23AUG,CPIYOY-23AUG-T4.0,4.0,7d,2023-09-06,2023-09-03,3.0,0.025,0.05,0.0,False,False
CPIYOY-23AUG,CPIYOY-23AUG-T4.0,4.0,3d,2023-09-10,2023-09-03,7.0,0.025,0.05,0.0,False,False
CPIYOY-23AUG,CPIYOY-23AUG-T4.0,4.0,1d,2023-09-12,2023-09-03,9.0,0.025,0.05,0.0,False,False
CPIYOY-23AUG,CPIYOY-23AUG-T4.0,4.0,final,2023-09-13,2023-09-03,10.0,0.025,0.05,0.0,False,False
CPIYOY-23AUG,CPIYOY-23AUG-T3.9,3.9,21d,2023-08-23,2023-08-22,1.0,0.05,0.1,0.0,False,False
CPIYOY-23AUG,CPIYOY-23AUG-T3.9,3.9,14d,2023-08-30,2023-08-30,0.0,0.04,0.08,0.0,False,False
CPIYOY-23AUG,CPIYOY-23AUG-T3.9,3.9,7d,2023-09-06,2023-09-02,4.0,0.025,0.05,0.0,False,False
CPIYOY-23AUG,CPIYOY-23AUG-T3.9,3.9,3d,2023-09-10,2023-09-02,8.0,0.025,0.05,0.0,False,False
CPIYOY-23AUG,CPIYOY-23AUG-T3.9,3.9,1d,2023-09-12,2023-09-02,10.0,0.025,0.05,0.0,False,False
CPIYOY-23AUG,CPIYOY-23AUG-T3.9,3.9,final,2023-09-13,2023-09-02,11.0,0.025,0.05,0.0,False,False
CPIYOY-23AUG,CPIYOY-23AUG-T3.8,3.8,21d,2023-08-23,2023-08-23,0.0,0.095,0.13,15.0,False,False
CPIYOY-23AUG,CPIYOY-23AUG-T3.8,3.8,14d,2023-08-30,2023-08-30,0.0,0.11,0.14,0.0,False,False
CPIYOY-23AUG,CPIYOY-23AUG-T3.8,3.8,7d,2023-09-06,2023-09-06,0.0,0.03,0.04,0.0,False,False
CPIYOY-23AUG,CPIYOY-23AUG-T3.8,3.8,3d,2023-09-10,2023-09-09,1.0,0.03,0.04,50.0,False,False
CPIYOY-23AUG,CPIYOY-23AUG-T3.8,3.8,1d,2023-09-12,2023-09-12,0.0,0.02,0.02,0.0,False,False
CPIYOY-23AUG,CPIYOY-23AUG-T3.8,3.8,final,2023-09-13,2023-09-12,1.0,0.02,0.02,0.0,False,False
CPIYOY-23AUG,CPIYOY-23AUG-T3.7,3.7,21d,2023-08-23,2023-08-23,0.0,0.245,0.05,2250.0,False,False
CPIYOY-23AUG,CPIYOY-23AUG-T3.7,3.7,14d,2023-08-30,2023-08-30,0.0,0.26,0.06,0.0,False,False
CPIYOY-23AUG,CPIYOY-23AUG-T3.7,3.7,7d,2023-09-06,2023-09-06,0.0,0.26,0.04,945.0,False,False
CPIYOY-23AUG,CPIYOY-23AUG-T3.7,3.7,3d,2023-09-10,2023-09-10,0.0,0.245,0.05,15.0,False,False
CPIYOY-23AUG,CPIYOY-23AUG-T3.7,3.7,1d,2023-09-12,2023-09-12,0.0,0.22,0.04,2577.0,False,False
CPIYOY-23AUG,CPIYOY-23AUG-T3.7,3.7,final,2023-09-13,2023-09-12,1.0,0.22,0.04,2577.0,False,False
CPIYOY-23AUG,CPIYOY-23AUG-T3.6,3.6,21d,2023-08-23,2023-08-23,0.0,0.6,0.06,0.0,False,False
CPIYOY-23AUG,CPIYOY-23AUG-T3.6,3.6,14d,2023-08-30,2023-08-30,0.0,0.64,0.06,100.0,False,False
CPIYOY-23AUG,CPIYOY-23AUG-T3.6,3.6,7d,2023-09-06,2023-09-06,0.0,0.645,0.05,0.0,False,False
CPIYOY-23AUG,CPIYOY-23AUG-T3.6,3.6,3d,2023-09-10,2023-09-09,1.0,0.64,0.06,10.0,False,False
CPIYOY-23AUG,CPIYOY-23AUG-T3.6,3.6,1d,2023-09-12,2023-09-12,0.0,0.625,0.05,0.0,False,False
CPIYOY-23AUG,CPIYOY-23AUG-T3.6,3.6,final,2023-09-13,2023-09-12,1.0,0.625,0.05,0.0,False,False
CPIYOY-23AUG,CPIYOY-23AUG-T3.5,3.5,21d,2023-08-23,2023-08-23,0.0,0.865,0.03,1.0,False,False
CPIYOY-23AUG,CPIYOY-23AUG-T3.5,3.5,14d,2023-08-30,2023-08-30,0.0,0.885,0.03,905.0,False,False
CPIYOY-23AUG,CPIYOY-23AUG-T3.5,3.5,7d,2023-09-06,2023-09-06,0.0,0.885,0.03,0.0,False,False
CPIYOY-23AUG,CPIYOY-23AUG-T3.5,3.5,3d,2023-09-10,2023-09-09,1.0,0.895,0.03,0.0,False,False
CPIYOY-23AUG,CPIYOY-23AUG-T3.5,3.5,1d,2023-09-12,2023-09-12,0.0,0.9,0.02,452.0,False,False
CPIYOY-23AUG,CPIYOY-23AUG-T3.5,3.5,final,2023-09-13,2023-09-12,1.0,0.9,0.02,452.0,False,False
CPIYOY-23AUG,CPIYOY-23AUG-T3.4,3.4,21d,2023-08-23,2023-08-23,0.0,0.96,0.06,0.0,False,False
CPIYOY-23AUG,CPIYOY-23AUG-T3.4,3.4,14d,2023-08-30,2023-08-30,0.0,0.975,0.05,0.0,False,False
CPIYOY-23AUG,CPIYOY-23AUG-T3.4,3.4,7d,2023-09-06,2023-09-02,4.0,0.975,0.05,0.0,False,False
CPIYOY-23AUG,CPIYOY-23AUG-T3.4,3.4,3d,2023-09-10,2023-09-10,0.0,0.98,0.04,0.0,False,False
CPIYOY-23AUG,CPIYOY-23AUG-T3.4,3.4,1d,2023-09-12,2023-09-12,0.0,0.98,0.04,0.0,False,False
CPIYOY-23AUG,CPIYOY-23AUG-T3.4,3.4,final,2023-09-13,2023-09-12,1.0,0.98,0.04,0.0,False,False
CPIYOY-23AUG,CPIYOY-23AUG-T3.3,3.3,21d,2023-08-23,2023-08-23,0.0,0.965,0.07,0.0,False,False
CPIYOY-23AUG,CPIYOY-23AUG-T3.3,3.3,14d,2023-08-30,2023-08-30,0.0,0.965,0.07,0.0,False,False
CPIYOY-23AUG,CPIYOY-23AUG-T3.3,3.3,7d,2023-09-06,2023-09-02,4.0,0.97,0.06,0.0,False,False
CPIYOY-23AUG,CPIYOY-23AUG-T3.3,3.3,3d,2023-09-10,2023-09-09,1.0,0.97,0.06,0.0,False,False
CPIYOY-23AUG,CPIYOY-23AUG-T3.3,3.3,1d,2023-09-12,2023-09-09,3.0,0.97,0.06,0.0,False,False
CPIYOY-23AUG,CPIYOY-23AUG-T3.3,3.3,final,2023-09-13,2023-09-09,4.0,0.97,0.06,0.0,False,False
CPIYOY-23AUG,CPIYOY-23AUG-T3.2,3.2,21d,2023-08-23,2023-08-23,0.0,0.975,0.05,0.0,False,False
CPIYOY-23AUG,CPIYOY-23AUG-T3.2,3.2,14d,2023-08-30,2023-08-23,7.0,0.975,0.05,0.0,False,False
CPIYOY-23AUG,CPIYOY-23AUG-T3.2,3.2,7d,2023-09-06,2023-09-02,4.0,0.98,0.04,0.0,False,False
CPIYOY-23AUG,CPIYOY-23AUG-T3.2,3.2,3d,2023-09-10,2023-09-02,8.0,0.98,0.04,0.0,False,False
CPIYOY-23AUG,CPIYOY-23AUG-T3.2,3.2,1d,2023-09-12,2023-09-02,10.0,0.98,0.04,0.0,False,False
CPIYOY-23AUG,CPIYOY-23AUG-T3.2,3.2,final,2023-09-13,2023-09-02,11.0,0.98,0.04,0.0,False,False
CPIYOY-23AUG,CPIYOY-23AUG-T3.1,3.1,21d,2023-08-23,2023-08-17,6.0,0.99,0.02,0.0,False,False
CPIYOY-23AUG,CPIYOY-23AUG-T3.1,3.1,14d,2023-08-30,2023-08-17,13.0,0.99,0.02,0.0,False,False
CPIYOY-23AUG,CPIYOY-23AUG-T3.1,3.1,7d,2023-09-06,2023-08-17,20.0,0.99,0.02,0.0,False,True
CPIYOY-23AUG,CPIYOY-23AUG-T3.1,3.1,3d,2023-09-10,2023-08-17,24.0,0.99,0.02,0.0,False,True
CPIYOY-23AUG,CPIYOY-23AUG-T3.1,3.1,1d,2023-09-12,2023-08-17,26.0,0.99,0.02,0.0,False,True
CPIYOY-23AUG,CPIYOY-23AUG-T3.1,3.1,final,2023-09-13,2023-08-17,27.0,0.99,0.02,0.0,False,True
CPIYOY-23AUG,CPIYOY-23AUG-T3.0,3.0,21d,2023-08-23,2023-08-17,6.0,0.985,0.03,100.0,False,False
CPIYOY-23AUG,CPIYOY-23AUG-T3.0,3.0,14d,2023-08-30,2023-08-17,13.0,0.985,0.03,100.0,False,False
CPIYOY-23AUG,CPIYOY-23AUG-T3.0,3.0,7d,2023-09-06,2023-08-17,20.0,0.985,0.03,100.0,False,True
CPIYOY-23AUG,CPIYOY-23AUG-T3.0,3.0,3d,2023-09-10,2023-08-17,24.0,0.985,0.03,100.0,False,True
CPIYOY-23AUG,CPIYOY-23AUG-T3.0,3.0,1d,2023-09-12,2023-08-17,26.0,0.985,0.03,100.0,False,True
CPIYOY-23AUG,CPIYOY-23AUG-T3.0,3.0,final,2023-09-13,2023-08-17,27.0,0.985,0.03,100.0,False,True
CPIYOY-23AUG,CPIYOY-23AUG-T2.9,2.9,21d,2023-08-23,2023-08-14,9.0,0.985,0.03,54.0,False,False
CPIYOY-23AUG,CPIYOY-23AUG-T2.9,2.9,14d,2023-08-30,2023-08-14,16.0,0.985,0.03,54.0,False,True
CPIYOY-23AUG,CPIYOY-23AUG-T2.9,2.9,7d,2023-09-06,2023-08-14,23.0,0.985,0.03,54.0,False,True
CPIYOY-23AUG,CPIYOY-23AUG-T2.9,2.9,3d,2023-09-10,2023-08-14,27.0,0.985,0.03,54.0,False,True
CPIYOY-23AUG,CPIYOY-23AUG-T2.9,2.9,1d,2023-09-12,2023-08-14,29.0,0.985,0.03,54.0,False,True
CPIYOY-23AUG,CPIYOY-23AUG-T2.9,2.9,final,2023-09-13,2023-08-14,30.0,0.985,0.03,54.0,False,True
CPIYOY-23AUG,CPIYOY-23AUG-T2.8,2.8,21d,2023-08-23,2023-08-14,9.0,0.985,0.03,54.0,False,False
CPIYOY-23AUG,CPIYOY-23AUG-T2.8,2.8,14d,2023-08-30,2023-08-14,16.0,0.985,0.03,54.0,False,True
CPIYOY-23AUG,CPIYOY-23AUG-T2.8,2.8,7d,2023-09-06,2023-08-14,23.0,0.985,0.03,54.0,False,True
CPIYOY-23AUG,CPIYOY-23AUG-T2.8,2.8,3d,2023-09-10,2023-08-14,27.0,0.985,0.03,54.0,False,True
CPIYOY-23AUG,CPIYOY-23AUG-T2.8,2.8,1d,2023-09-12,2023-08-14,29.0,0.985,0.03,54.0,False,True
CPIYOY-23AUG,CPIYOY-23AUG-T2.8,2.8,final,2023-09-13,2023-08-14,30.0,0.985,0.03,54.0,False,True
CPIYOY-23JUL,CPIYOY-23JUL-T1.5,1.5,21d,2023-07-20,2023-07-04,16.0,0.995,0.01,0.0,False,True
CPIYOY-23JUL,CPIYOY-23JUL-T1.5,1.5,14d,2023-07-27,2023-07-04,23.0,0.995,0.01,0.0,False,True
CPIYOY-23JUL,CPIYOY-23JUL-T1.5,1.5,7d,2023-08-03,2023-07-04,30.0,0.995,0.01,0.0,False,True
CPIYOY-23JUL,CPIYOY-23JUL-T1.5,1.5,3d,2023-08-07,2023-07-04,34.0,0.995,0.01,0.0,False,True
CPIYOY-23JUL,CPIYOY-23JUL-T1.5,1.5,1d,2023-08-09,2023-07-04,36.0,0.995,0.01,0.0,False,True
CPIYOY-23JUL,CPIYOY-23JUL-T1.5,1.5,final,2023-08-10,2023-07-04,37.0,0.995,0.01,0.0,False,True
CPIYOY-23JUL,CPIYOY-23JUL-T1.6,1.6,21d,2023-07-20,2023-07-04,16.0,0.995,0.01,0.0,False,True
CPIYOY-23JUL,CPIYOY-23JUL-T1.6,1.6,14d,2023-07-27,2023-07-04,23.0,0.995,0.01,0.0,False,True
CPIYOY-23JUL,CPIYOY-23JUL-T1.6,1.6,7d,2023-08-03,2023-07-04,30.0,0.995,0.01,0.0,False,True
CPIYOY-23JUL,CPIYOY-23JUL-T1.6,1.6,3d,2023-08-07,2023-07-04,34.0,0.995,0.01,0.0,False,True
CPIYOY-23JUL,CPIYOY-23JUL-T1.6,1.6,1d,2023-08-09,2023-07-04,36.0,0.995,0.01,0.0,False,True
CPIYOY-23JUL,CPIYOY-23JUL-T1.6,1.6,final,2023-08-10,2023-07-04,37.0,0.995,0.01,0.0,False,True
CPIYOY-23JUL,CPIYOY-23JUL-T1.7,1.7,21d,2023-07-20,2023-07-04,16.0,0.99,0.02,0.0,False,True
CPIYOY-23JUL,CPIYOY-23JUL-T1.7,1.7,14d,2023-07-27,2023-07-04,23.0,0.99,0.02,0.0,False,True
CPIYOY-23JUL,CPIYOY-23JUL-T1.7,1.7,7d,2023-08-03,2023-07-04,30.0,0.99,0.02,0.0,False,True
CPIYOY-23JUL,CPIYOY-23JUL-T1.7,1.7,3d,2023-08-07,2023-07-04,34.0,0.99,0.02,0.0,False,True
CPIYOY-23JUL,CPIYOY-23JUL-T1.7,1.7,1d,2023-08-09,2023-07-04,36.0,0.99,0.02,0.0,False,True
CPIYOY-23JUL,CPIYOY-23JUL-T1.7,1.7,final,2023-08-10,2023-07-04,37.0,0.99,0.02,0.0,False,True
CPIYOY-23JUL,CPIYOY-23JUL-T1.8,1.8,21d,2023-07-20,2023-07-04,16.0,0.99,0.02,0.0,False,True
CPIYOY-23JUL,CPIYOY-23JUL-T1.8,1.8,14d,2023-07-27,2023-07-04,23.0,0.99,0.02,0.0,False,True
CPIYOY-23JUL,CPIYOY-23JUL-T1.8,1.8,7d,2023-08-03,2023-07-04,30.0,0.99,0.02,0.0,False,True
CPIYOY-23JUL,CPIYOY-23JUL-T1.8,1.8,3d,2023-08-07,2023-07-04,34.0,0.99,0.02,0.0,False,True
CPIYOY-23JUL,CPIYOY-23JUL-T1.8,1.8,1d,2023-08-09,2023-07-04,36.0,0.99,0.02,0.0,False,True
CPIYOY-23JUL,CPIYOY-23JUL-T1.8,1.8,final,2023-08-10,2023-07-04,37.0,0.99,0.02,0.0,False,True
CPIYOY-23JUL,CPIYOY-23JUL-T1.9,1.9,21d,2023-07-20,2023-07-04,16.0,0.99,0.02,0.0,False,True
CPIYOY-23JUL,CPIYOY-23JUL-T1.9,1.9,14d,2023-07-27,2023-07-04,23.0,0.99,0.02,0.0,False,True
CPIYOY-23JUL,CPIYOY-23JUL-T1.9,1.9,7d,2023-08-03,2023-07-04,30.0,0.99,0.02,0.0,False,True
CPIYOY-23JUL,CPIYOY-23JUL-T1.9,1.9,3d,2023-08-07,2023-07-04,34.0,0.99,0.02,0.0,False,True
CPIYOY-23JUL,CPIYOY-23JUL-T1.9,1.9,1d,2023-08-09,2023-07-04,36.0,0.99,0.02,0.0,False,True
CPIYOY-23JUL,CPIYOY-23JUL-T1.9,1.9,final,2023-08-10,2023-07-04,37.0,0.99,0.02,0.0,False,True
CPIYOY-23JUL,CPIYOY-23JUL-T2.0,2.0,21d,2023-07-20,2023-07-04,16.0,0.99,0.02,0.0,False,True
CPIYOY-23JUL,CPIYOY-23JUL-T2.0,2.0,14d,2023-07-27,2023-07-04,23.0,0.99,0.02,0.0,False,True
CPIYOY-23JUL,CPIYOY-23JUL-T2.0,2.0,7d,2023-08-03,2023-07-04,30.0,0.99,0.02,0.0,False,True
CPIYOY-23JUL,CPIYOY-23JUL-T2.0,2.0,3d,2023-08-07,2023-07-04,34.0,0.99,0.02,0.0,False,True
CPIYOY-23JUL,CPIYOY-23JUL-T2.0,2.0,1d,2023-08-09,2023-07-04,36.0,0.99,0.02,0.0,False,True
CPIYOY-23JUL,CPIYOY-23JUL-T2.0,2.0,final,2023-08-10,2023-07-04,37.0,0.99,0.02,0.0,False,True
CPIYOY-23JUL,CPIYOY-23JUL-T2.1,2.1,21d,2023-07-20,2023-07-04,16.0,0.985,0.03,0.0,False,True
CPIYOY-23JUL,CPIYOY-23JUL-T2.1,2.1,14d,2023-07-27,2023-07-04,23.0,0.985,0.03,0.0,False,True
CPIYOY-23JUL,CPIYOY-23JUL-T2.1,2.1,7d,2023-08-03,2023-07-04,30.0,0.985,0.03,0.0,False,True
CPIYOY-23JUL,CPIYOY-23JUL-T2.1,2.1,3d,2023-08-07,2023-07-04,34.0,0.985,0.03,0.0,False,True
CPIYOY-23JUL,CPIYOY-23JUL-T2.1,2.1,1d,2023-08-09,2023-07-04,36.0,0.985,0.03,0.0,False,True
CPIYOY-23JUL,CPIYOY-23JUL-T2.1,2.1,final,2023-08-10,2023-07-04,37.0,0.985,0.03,0.0,False,True
CPIYOY-23JUL,CPIYOY-23JUL-T2.2,2.2,21d,2023-07-20,2023-07-04,16.0,0.985,0.03,0.0,False,True
CPIYOY-23JUL,CPIYOY-23JUL-T2.2,2.2,14d,2023-07-27,2023-07-04,23.0,0.985,0.03,0.0,False,True
CPIYOY-23JUL,CPIYOY-23JUL-T2.2,2.2,7d,2023-08-03,2023-07-04,30.0,0.985,0.03,0.0,False,True
CPIYOY-23JUL,CPIYOY-23JUL-T2.2,2.2,3d,2023-08-07,2023-07-04,34.0,0.985,0.03,0.0,False,True
CPIYOY-23JUL,CPIYOY-23JUL-T2.2,2.2,1d,2023-08-09,2023-07-04,36.0,0.985,0.03,0.0,False,True
CPIYOY-23JUL,CPIYOY-23JUL-T2.2,2.2,final,2023-08-10,2023-07-04,37.0,0.985,0.03,0.0,False,True
CPIYOY-23JUL,CPIYOY-23JUL-T2.3,2.3,21d,2023-07-20,2023-07-04,16.0,0.985,0.03,0.0,False,True
CPIYOY-23JUL,CPIYOY-23JUL-T2.3,2.3,14d,2023-07-27,2023-07-04,23.0,0.985,0.03,0.0,False,True
CPIYOY-23JUL,CPIYOY-23JUL-T2.3,2.3,7d,2023-08-03,2023-07-04,30.0,0.985,0.03,0.0,False,True
CPIYOY-23JUL,CPIYOY-23JUL-T2.3,2.3,3d,2023-08-07,2023-07-04,34.0,0.985,0.03,0.0,False,True
CPIYOY-23JUL,CPIYOY-23JUL-T2.3,2.3,1d,2023-08-09,2023-07-04,36.0,0.985,0.03,0.0,False,True
CPIYOY-23JUL,CPIYOY-23JUL-T2.3,2.3,final,2023-08-10,2023-07-04,37.0,0.985,0.03,0.0,False,True
CPIYOY-23JUL,CPIYOY-23JUL-T2.4,2.4,21d,2023-07-20,2023-07-04,16.0,0.985,0.03,0.0,False,True
CPIYOY-23JUL,CPIYOY-23JUL-T2.4,2.4,14d,2023-07-27,2023-07-04,23.0,0.985,0.03,0.0,False,True
CPIYOY-23JUL,CPIYOY-23JUL-T2.4,2.4,7d,2023-08-03,2023-07-04,30.0,0.985,0.03,0.0,False,True
CPIYOY-23JUL,CPIYOY-23JUL-T2.4,2.4,3d,2023-08-07,2023-07-04,34.0,0.985,0.03,0.0,False,True
CPIYOY-23JUL,CPIYOY-23JUL-T2.4,2.4,1d,2023-08-09,2023-07-04,36.0,0.985,0.03,0.0,False,True
CPIYOY-23JUL,CPIYOY-23JUL-T2.4,2.4,final,2023-08-10,2023-07-04,37.0,0.985,0.03,0.0,False,True
CPIYOY-23JUL,CPIYOY-23JUL-T2.5,2.5,21d,2023-07-20,2023-07-04,16.0,0.985,0.03,0.0,False,True
CPIYOY-23JUL,CPIYOY-23JUL-T2.5,2.5,14d,2023-07-27,2023-07-04,23.0,0.985,0.03,0.0,False,True
CPIYOY-23JUL,CPIYOY-23JUL-T2.5,2.5,7d,2023-08-03,2023-07-04,30.0,0.985,0.03,0.0,False,True
CPIYOY-23JUL,CPIYOY-23JUL-T2.5,2.5,3d,2023-08-07,2023-08-05,2.0,0.99,0.02,0.0,False,False
CPIYOY-23JUL,CPIYOY-23JUL-T2.5,2.5,1d,2023-08-09,2023-08-05,4.0,0.99,0.02,0.0,False,False
CPIYOY-23JUL,CPIYOY-23JUL-T2.5,2.5,final,2023-08-10,2023-08-05,5.0,0.99,0.02,0.0,False,False
CPIYOY-23JUL,CPIYOY-23JUL-T2.6,2.6,21d,2023-07-20,2023-07-04,16.0,0.98,0.04,0.0,False,True
CPIYOY-23JUL,CPIYOY-23JUL-T2.6,2.6,14d,2023-07-27,2023-07-26,1.0,0.99,0.02,0.0,False,False
CPIYOY-23JUL,CPIYOY-23JUL-T2.6,2.6,7d,2023-08-03,2023-07-29,5.0,0.98,0.04,0.0,False,False
CPIYOY-23JUL,CPIYOY-23JUL-T2.6,2.6,3d,2023-08-07,2023-08-05,2.0,0.985,0.03,0.0,False,False
CPIYOY-23JUL,CPIYOY-23JUL-T2.6,2.6,1d,2023-08-09,2023-08-05,4.0,0.985,0.03,0.0,False,False
CPIYOY-23JUL,CPIYOY-23JUL-T2.6,2.6,final,2023-08-10,2023-08-05,5.0,0.985,0.03,0.0,False,False
CPIYOY-23JUL,CPIYOY-23JUL-T2.7,2.7,21d,2023-07-20,2023-07-04,16.0,0.98,0.04,0.0,False,True
CPIYOY-23JUL,CPIYOY-23JUL-T2.7,2.7,14d,2023-07-27,2023-07-04,23.0,0.98,0.04,0.0,False,True
CPIYOY-23JUL,CPIYOY-23JUL-T2.7,2.7,7d,2023-08-03,2023-07-04,30.0,0.98,0.04,0.0,False,True
CPIYOY-23JUL,CPIYOY-23JUL-T2.7,2.7,3d,2023-08-07,2023-08-05,2.0,0.985,0.03,0.0,False,False
CPIYOY-23JUL,CPIYOY-23JUL-T2.7,2.7,1d,2023-08-09,2023-08-05,4.0,0.985,0.03,0.0,False,False
CPIYOY-23JUL,CPIYOY-23JUL-T2.7,2.7,final,2023-08-10,2023-08-05,5.0,0.985,0.03,0.0,False,False
CPIYOY-23JUL,CPIYOY-23JUL-T2.8,2.8,21d,2023-07-20,2023-07-04,16.0,0.98,0.04,0.0,False,True
CPIYOY-23JUL,CPIYOY-23JUL-T2.8,2.8,14d,2023-07-27,2023-07-26,1.0,0.985,0.03,0.0,False,False
CPIYOY-23JUL,CPIYOY-23JUL-T2.8,2.8,7d,2023-08-03,2023-08-01,2.0,0.99,0.02,0.0,False,False
CPIYOY-23JUL,CPIYOY-23JUL-T2.8,2.8,3d,2023-08-07,2023-08-07,0.0,0.995,0.01,101.0,False,False
CPIYOY-23JUL,CPIYOY-23JUL-T2.8,2.8,1d,2023-08-09,2023-08-07,2.0,0.995,0.01,101.0,False,False
CPIYOY-23JUL,CPIYOY-23JUL-T2.8,2.8,final,2023-08-10,2023-08-07,3.0,0.995,0.01,101.0,False,False
CPIYOY-23JUL,CPIYOY-23JUL-T4.3,4.3,21d,2023-07-20,2023-07-04,16.0,0.015,0.03,0.0,False,True
CPIYOY-23JUL,CPIYOY-23JUL-T4.3,4.3,14d,2023-07-27,2023-07-04,23.0,0.015,0.03,0.0,False,True
CPIYOY-23JUL,CPIYOY-23JUL-T4.3,4.3,7d,2023-08-03,2023-07-04,30.0,0.015,0.03,0.0,False,True
CPIYOY-23JUL,CPIYOY-23JUL-T4.3,4.3,3d,2023-08-07,2023-07-04,34.0,0.015,0.03,0.0,False,True
CPIYOY-23JUL,CPIYOY-23JUL-T4.3,4.3,1d,2023-08-09,2023-08-09,0.0,0.01,0.02,0.0,False,False
CPIYOY-23JUL,CPIYOY-23JUL-T4.3,4.3,final,2023-08-10,2023-08-09,1.0,0.01,0.02,0.0,False,False
CPIYOY-23JUL,CPIYOY-23JUL-T4.2,4.2,21d,2023-07-20,2023-07-04,16.0,0.02,0.04,0.0,False,True
CPIYOY-23JUL,CPIYOY-23JUL-T4.2,4.2,14d,2023-07-27,2023-07-04,23.0,0.02,0.04,0.0,False,True
CPIYOY-23JUL,CPIYOY-23JUL-T4.2,4.2,7d,2023-08-03,2023-07-04,30.0,0.02,0.04,0.0,False,True
CPIYOY-23JUL,CPIYOY-23JUL-T4.2,4.2,3d,2023-08-07,2023-08-06,1.0,0.015,0.03,0.0,False,False
CPIYOY-23JUL,CPIYOY-23JUL-T4.2,4.2,1d,2023-08-09,2023-08-09,0.0,0.01,0.02,0.0,False,False
CPIYOY-23JUL,CPIYOY-23JUL-T4.2,4.2,final,2023-08-10,2023-08-09,1.0,0.01,0.02,0.0,False,False
CPIYOY-23JUL,CPIYOY-23JUL-T4.1,4.099999,21d,2023-07-20,2023-07-04,16.0,0.02,0.04,0.0,False,True
CPIYOY-23JUL,CPIYOY-23JUL-T4.1,4.099999,14d,2023-07-27,2023-07-04,23.0,0.02,0.04,0.0,False,True
CPIYOY-23JUL,CPIYOY-23JUL-T4.1,4.099999,7d,2023-08-03,2023-07-04,30.0,0.02,0.04,0.0,False,True
CPIYOY-23JUL,CPIYOY-23JUL-T4.1,4.099999,3d,2023-08-07,2023-08-06,1.0,0.015,0.03,0.0,False,False
CPIYOY-23JUL,CPIYOY-23JUL-T4.1,4.099999,1d,2023-08-09,2023-08-09,0.0,0.01,0.02,0.0,False,False
CPIYOY-23JUL,CPIYOY-23JUL-T4.1,4.099999,final,2023-08-10,2023-08-09,1.0,0.01,0.02,0.0,False,False
CPIYOY-23JUL,CPIYOY-23JUL-T4.0,4.0,21d,2023-07-20,2023-07-04,16.0,0.025,0.05,0.0,False,True
CPIYOY-23JUL,CPIYOY-23JUL-T4.0,4.0,14d,2023-07-27,2023-07-04,23.0,0.025,0.05,0.0,False,True
CPIYOY-23JUL,CPIYOY-23JUL-T4.0,4.0,7d,2023-08-03,2023-07-04,30.0,0.025,0.05,0.0,False,True
CPIYOY-23JUL,CPIYOY-23JUL-T4.0,4.0,3d,2023-08-07,2023-08-06,1.0,0.02,0.04,0.0,False,False
CPIYOY-23JUL,CPIYOY-23JUL-T4.0,4.0,1d,2023-08-09,2023-08-09,0.0,0.01,0.02,0.0,False,False
CPIYOY-23JUL,CPIYOY-23JUL-T4.0,4.0,final,2023-08-10,2023-08-09,1.0,0.01,0.02,0.0,False,False
CPIYOY-23JUL,CPIYOY-23JUL-T3.9,3.9,21d,2023-07-20,2023-07-04,16.0,0.03,0.06,0.0,False,True
CPIYOY-23JUL,CPIYOY-23JUL-T3.9,3.9,14d,2023-07-27,2023-07-04,23.0,0.03,0.06,0.0,False,True
CPIYOY-23JUL,CPIYOY-23JUL-T3.9,3.9,7d,2023-08-03,2023-07-04,30.0,0.03,0.06,0.0,False,True
CPIYOY-23JUL,CPIYOY-23JUL-T3.9,3.9,3d,2023-08-07,2023-08-06,1.0,0.025,0.05,0.0,False,False
CPIYOY-23JUL,CPIYOY-23JUL-T3.9,3.9,1d,2023-08-09,2023-08-09,0.0,0.01,0.02,0.0,False,False
CPIYOY-23JUL,CPIYOY-23JUL-T3.9,3.9,final,2023-08-10,2023-08-09,1.0,0.01,0.02,0.0,False,False
CPIYOY-23JUL,CPIYOY-23JUL-T3.8,3.8,21d,2023-07-20,2023-07-18,2.0,0.015,0.03,0.0,False,False
CPIYOY-23JUL,CPIYOY-23JUL-T3.8,3.8,14d,2023-07-27,2023-07-18,9.0,0.015,0.03,0.0,False,False
CPIYOY-23JUL,CPIYOY-23JUL-T3.8,3.8,7d,2023-08-03,2023-07-18,16.0,0.015,0.03,0.0,False,True
CPIYOY-23JUL,CPIYOY-23JUL-T3.8,3.8,3d,2023-08-07,2023-08-06,1.0,0.02,0.04,0.0,False,False
CPIYOY-23JUL,CPIYOY-23JUL-T3.8,3.8,1d,2023-08-09,2023-08-09,0.0,0.01,0.02,0.0,False,False
CPIYOY-23JUL,CPIYOY-23JUL-T3.8,3.8,final,2023-08-10,2023-08-09,1.0,0.01,0.02,0.0,False,False
CPIYOY-23JUL,CPIYOY-23JUL-T3.7,3.7,21d,2023-07-20,2023-07-14,6.0,0.025,0.05,0.0,False,False
CPIYOY-23JUL,CPIYOY-23JUL-T3.7,3.7,14d,2023-07-27,2023-07-14,13.0,0.025,0.05,0.0,False,False
CPIYOY-23JUL,CPIYOY-23JUL-T3.7,3.7,7d,2023-08-03,2023-07-14,20.0,0.025,0.05,0.0,False,True
CPIYOY-23JUL,CPIYOY-23JUL-T3.7,3.7,3d,2023-08-07,2023-08-06,1.0,0.02,0.04,0.0,False,False
CPIYOY-23JUL,CPIYOY-23JUL-T3.7,3.7,1d,2023-08-09,2023-08-09,0.0,0.015,0.03,0.0,False,False
CPIYOY-23JUL,CPIYOY-23JUL-T3.7,3.7,final,2023-08-10,2023-08-09,1.0,0.015,0.03,0.0,False,False
CPIYOY-23JUL,CPIYOY-23JUL-T3.6,3.6,21d,2023-07-20,2023-07-18,2.0,0.03,0.06,0.0,False,False
CPIYOY-23JUL,CPIYOY-23JUL-T3.6,3.6,14d,2023-07-27,2023-07-18,9.0,0.03,0.06,0.0,False,False
CPIYOY-23JUL,CPIYOY-23JUL-T3.6,3.6,7d,2023-08-03,2023-07-28,6.0,0.035,0.07,0.0,False,False
CPIYOY-23JUL,CPIYOY-23JUL-T3.6,3.6,3d,2023-08-07,2023-08-06,1.0,0.03,0.06,0.0,False,False
CPIYOY-23JUL,CPIYOY-23JUL-T3.6,3.6,1d,2023-08-09,2023-08-09,0.0,0.015,0.03,0.0,False,False
CPIYOY-23JUL,CPIYOY-23JUL-T3.6,3.6,final,2023-08-10,2023-08-09,1.0,0.015,0.03,0.0,False,False
CPIYOY-23JUL,CPIYOY-23JUL-T3.5,3.5,21d,2023-07-20,2023-07-20,0.0,0.03,0.06,0.0,False,False
CPIYOY-23JUL,CPIYOY-23JUL-T3.5,3.5,14d,2023-07-27,2023-07-27,0.0,0.045,0.09,0.0,False,False
CPIYOY-23JUL,CPIYOY-23JUL-T3.5,3.5,7d,2023-08-03,2023-08-01,2.0,0.025,0.05,0.0,False,False
CPIYOY-23JUL,CPIYOY-23JUL-T3.5,3.5,3d,2023-08-07,2023-08-06,1.0,0.02,0.04,0.0,False,False
CPIYOY-23JUL,CPIYOY-23JUL-T3.5,3.5,1d,2023-08-09,2023-08-06,3.0,0.02,0.04,0.0,False,False
CPIYOY-23JUL,CPIYOY-23JUL-T3.5,3.5,final,2023-08-10,2023-08-06,4.0,0.02,0.04,0.0,False,False
CPIYOY-23JUL,CPIYOY-23JUL-T3.4,3.4,21d,2023-07-20,2023-07-20,0.0,0.065,0.11,0.0,False,False
CPIYOY-23JUL,CPIYOY-23JUL-T3.4,3.4,14d,2023-07-27,2023-07-27,0.0,0.055,0.11,0.0,False,False
CPIYOY-23JUL,CPIYOY-23JUL-T3.4,3.4,7d,2023-08-03,2023-08-03,0.0,0.03,0.06,0.0,False,False
CPIYOY-23JUL,CPIYOY-23JUL-T3.4,3.4,3d,2023-08-07,2023-08-07,0.0,0.025,0.05,0.0,False,False
CPIYOY-23JUL,CPIYOY-23JUL-T3.4,3.4,1d,2023-08-09,2023-08-09,0.0,0.025,0.05,0.0,False,False
CPIYOY-23JUL,CPIYOY-23JUL-T3.4,3.4,final,2023-08-10,2023-08-09,1.0,0.025,0.05,0.0,False,False
CPIYOY-23JUL,CPIYOY-23JUL-T3.3,3.3,21d,2023-07-20,2023-07-20,0.0,0.06,0.04,560.0,False,False
CPIYOY-23JUL,CPIYOY-23JUL-T3.3,3.3,14d,2023-07-27,2023-07-27,0.0,0.08,0.04,0.0,False,False
CPIYOY-23JUL,CPIYOY-23JUL-T3.3,3.3,7d,2023-08-03,2023-08-03,0.0,0.065,0.03,0.0,False,False
CPIYOY-23JUL,CPIYOY-23JUL-T3.3,3.3,3d,2023-08-07,2023-08-06,1.0,0.06,0.02,0.0,False,False
CPIYOY-23JUL,CPIYOY-23JUL-T3.3,3.3,1d,2023-08-09,2023-08-09,0.0,0.06,0.04,121.0,False,False
CPIYOY-23JUL,CPIYOY-23JUL-T3.3,3.3,final,2023-08-10,2023-08-09,1.0,0.06,0.04,121.0,False,False
CPIYOY-23JUL,CPIYOY-23JUL-T3.2,3.2,21d,2023-07-20,2023-07-20,0.0,0.195,0.05,0.0,False,False
CPIYOY-23JUL,CPIYOY-23JUL-T3.2,3.2,14d,2023-07-27,2023-07-27,0.0,0.375,0.05,700.0,False,False
CPIYOY-23JUL,CPIYOY-23JUL-T3.2,3.2,7d,2023-08-03,2023-08-03,0.0,0.35,0.06,1600.0,False,False
CPIYOY-23JUL,CPIYOY-23JUL-T3.2,3.2,3d,2023-08-07,2023-08-07,0.0,0.38,0.04,251.0,False,False
CPIYOY-23JUL,CPIYOY-23JUL-T3.2,3.2,1d,2023-08-09,2023-08-09,0.0,0.4,0.06,400.0,False,False
CPIYOY-23JUL,CPIYOY-23JUL-T3.2,3.2,final,2023-08-10,2023-08-09,1.0,0.4,0.06,400.0,False,False
CPIYOY-23JUL,CPIYOY-23JUL-T3.1,3.1,21d,2023-07-20,2023-07-20,0.0,0.61,0.04,1875.0,False,False
CPIYOY-23JUL,CPIYOY-23JUL-T3.1,3.1,14d,2023-07-27,2023-07-27,0.0,0.805,0.05,0.0,False,False
CPIYOY-23JUL,CPIYOY-23JUL-T3.1,3.1,7d,2023-08-03,2023-08-03,0.0,0.75,0.04,503.0,False,False
CPIYOY-23JUL,CPIYOY-23JUL-T3.1,3.1,3d,2023-08-07,2023-08-06,1.0,0.75,0.04,8.0,False,False
CPIYOY-23JUL,CPIYOY-23JUL-T3.1,3.1,1d,2023-08-09,2023-08-09,0.0,0.8,0.04,0.0,False,False
CPIYOY-23JUL,CPIYOY-23JUL-T3.1,3.1,final,2023-08-10,2023-08-09,1.0,0.8,0.04,0.0,False,False
CPIYOY-23JUL,CPIYOY-23JUL-T3.0,3.0,21d,2023-07-20,2023-07-20,0.0,0.91,0.04,0.0,False,False
CPIYOY-23JUL,CPIYOY-23JUL-T3.0,3.0,14d,2023-07-27,2023-07-27,0.0,0.96,0.04,0.0,False,False
CPIYOY-23JUL,CPIYOY-23JUL-T3.0,3.0,7d,2023-08-03,2023-08-03,0.0,0.95,0.02,0.0,False,False
CPIYOY-23JUL,CPIYOY-23JUL-T3.0,3.0,3d,2023-08-07,2023-08-07,0.0,0.955,0.01,153.0,False,False
CPIYOY-23JUL,CPIYOY-23JUL-T3.0,3.0,1d,2023-08-09,2023-08-09,0.0,0.955,0.01,310.0,False,False
CPIYOY-23JUL,CPIYOY-23JUL-T3.0,3.0,final,2023-08-10,2023-08-09,1.0,0.955,0.01,310.0,False,False
CPIYOY-23JUL,CPIYOY-23JUL-T2.9,2.9,21d,2023-07-20,2023-07-20,0.0,0.96,0.02,0.0,False,False
CPIYOY-23JUL,CPIYOY-23JUL-T2.9,2.9,14d,2023-07-27,2023-07-25,2.0,0.985,0.03,0.0,False,False
CPIYOY-23JUL,CPIYOY-23JUL-T2.9,2.9,7d,2023-08-03,2023-07-25,9.0,0.985,0.03,0.0,False,False
CPIYOY-23JUL,CPIYOY-23JUL-T2.9,2.9,3d,2023-08-07,2023-08-05,2.0,0.99,0.02,0.0,False,False
CPIYOY-23JUL,CPIYOY-23JUL-T2.9,2.9,1d,2023-08-09,2023-08-05,4.0,0.99,0.02,0.0,False,False
CPIYOY-23JUL,CPIYOY-23JUL-T2.9,2.9,final,2023-08-10,2023-08-05,5.0,0.99,0.02,0.0,False,False
CPIYOY-23JUN,CPIYOY-23JUN-T2.7,2.7,21d,2023-06-21,2023-06-21,0.0,0.97,0.02,0.0,False,False
CPIYOY-23JUN,CPIYOY-23JUN-T2.7,2.7,14d,2023-06-28,2023-06-28,0.0,0.975,0.05,0.0,False,False
CPIYOY-23JUN,CPIYOY-23JUN-T2.7,2.7,7d,2023-07-05,2023-07-04,1.0,0.98,0.04,0.0,False,False
CPIYOY-23JUN,CPIYOY-23JUN-T2.7,2.7,3d,2023-07-09,2023-07-09,0.0,0.98,0.04,0.0,False,False
CPIYOY-23JUN,CPIYOY-23JUN-T2.7,2.7,1d,2023-07-11,2023-07-11,0.0,0.97,0.04,325.0,False,False
CPIYOY-23JUN,CPIYOY-23JUN-T2.7,2.7,final,2023-07-12,2023-07-11,1.0,0.97,0.04,325.0,False,False
CPIYOY-23JUN,CPIYOY-23JUN-T2.8,2.8,21d,2023-06-21,2023-06-21,0.0,0.925,0.03,1520.0,False,False
CPIYOY-23JUN,CPIYOY-23JUN-T2.8,2.8,14d,2023-06-28,2023-06-28,0.0,0.935,0.03,0.0,False,False
CPIYOY-23JUN,CPIYOY-23JUN-T2.8,2.8,7d,2023-07-05,2023-07-05,0.0,0.915,0.03,2700.0,False,False
CPIYOY-23JUN,CPIYOY-23JUN-T2.8,2.8,3d,2023-07-09,2023-07-09,0.0,0.91,0.02,101.0,False,False
CPIYOY-23JUN,CPIYOY-23JUN-T2.8,2.8,1d,2023-07-11,2023-07-11,0.0,0.92,0.04,3301.0,False,False
CPIYOY-23JUN,CPIYOY-23JUN-T2.8,2.8,final,2023-07-12,2023-07-11,1.0,0.92,0.04,3301.0,False,False
CPIYOY-23JUN,CPIYOY-23JUN-T2.9,2.9,21d,2023-06-21,2023-06-21,0.0,0.67,0.08,960.0,False,False
CPIYOY-23JUN,CPIYOY-23JUN-T2.9,2.9,14d,2023-06-28,2023-06-28,0.0,0.715,0.09,10.0,False,False
CPIYOY-23JUN,CPIYOY-23JUN-T2.9,2.9,7d,2023-07-05,2023-07-05,0.0,0.665,0.07,0.0,False,False
CPIYOY-23JUN,CPIYOY-23JUN-T2.9,2.9,3d,2023-07-09,2023-07-09,0.0,0.675,0.05,795.0,False,False
CPIYOY-23JUN,CPIYOY-23JUN-T2.9,2.9,1d,2023-07-11,2023-07-11,0.0,0.67,0.04,672.0,False,False
CPIYOY-23JUN,CPIYOY-23JUN-T2.9,2.9,final,2023-07-12,2023-07-11,1.0,0.67,0.04,672.0,False,False
CPIYOY-23JUN,CPIYOY-23JUN-T3.0,3.0,21d,2023-06-21,2023-06-21,0.0,0.17,0.06,883.0,False,False
CPIYOY-23JUN,CPIYOY-23JUN-T3.0,3.0,14d,2023-06-28,2023-06-28,0.0,0.385,0.03,899.0,False,False
CPIYOY-23JUN,CPIYOY-23JUN-T3.0,3.0,7d,2023-07-05,2023-07-05,0.0,0.335,0.05,1500.0,False,False
CPIYOY-23JUN,CPIYOY-23JUN-T3.0,3.0,3d,2023-07-09,2023-07-09,0.0,0.38,0.02,310.0,False,False
CPIYOY-23JUN,CPIYOY-23JUN-T3.0,3.0,1d,2023-07-11,2023-07-11,0.0,0.34,0.04,1761.0,False,False
CPIYOY-23JUN,CPIYOY-23JUN-T3.0,3.0,final,2023-07-12,2023-07-11,1.0,0.34,0.04,1761.0,False,False
CPIYOY-23JUN,CPIYOY-23JUN-T3.1,3.1,21d,2023-06-21,2023-06-21,0.0,0.065,0.07,0.0,False,False
CPIYOY-23JUN,CPIYOY-23JUN-T3.1,3.1,14d,2023-06-28,2023-06-28,0.0,0.155,0.05,0.0,False,False
CPIYOY-23JUN,CPIYOY-23JUN-T3.1,3.1,7d,2023-07-05,2023-07-05,0.0,0.125,0.07,2.0,False,False
CPIYOY-23JUN,CPIYOY-23JUN-T3.1,3.1,3d,2023-07-09,2023-07-09,0.0,0.17,0.04,0.0,False,False
CPIYOY-23JUN,CPIYOY-23JUN-T3.1,3.1,1d,2023-07-11,2023-07-11,0.0,0.135,0.05,4309.0,False,False
CPIYOY-23JUN,CPIYOY-23JUN-T3.1,3.1,final,2023-07-12,2023-07-11,1.0,0.135,0.05,4309.0,False,False
CPIYOY-23JUN,CPIYOY-23JUN-T3.2,3.2,21d,2023-06-21,2023-06-21,0.0,0.045,0.09,0.0,False,False
CPIYOY-23JUN,CPIYOY-23JUN-T3.2,3.2,14d,2023-06-28,2023-06-28,0.0,0.1,0.04,0.0,False,False
CPIYOY-23JUN,CPIYOY-23JUN-T3.2,3.2,7d,2023-07-05,2023-07-05,0.0,0.075,0.05,2.0,False,False
CPIYOY-23JUN,CPIYOY-23JUN-T3.2,3.2,3d,2023-07-09,2023-07-09,0.0,0.105,0.03,4600.0,False,False
CPIYOY-23JUN,CPIYOY-23JUN-T3.2,3.2,1d,2023-07-11,2023-07-11,0.0,0.07,0.04,100.0,False,False
CPIYOY-23JUN,CPIYOY-23JUN-T3.2,3.2,final,2023-07-12,2023-07-11,1.0,0.07,0.04,100.0,False,False
CPIYOY-23JUN,CPIYOY-23JUN-T4.7,4.7,21d,2023-06-21,2023-06-21,0.0,0.005,0.01,0.0,False,False
CPIYOY-23JUN,CPIYOY-23JUN-T4.7,4.7,14d,2023-06-28,2023-06-21,7.0,0.005,0.01,0.0,False,False
CPIYOY-23JUN,CPIYOY-23JUN-T4.7,4.7,7d,2023-07-05,2023-06-21,14.0,0.005,0.01,0.0,False,False
CPIYOY-23JUN,CPIYOY-23JUN-T4.7,4.7,3d,2023-07-09,2023-06-21,18.0,0.005,0.01,0.0,False,True
CPIYOY-23JUN,CPIYOY-23JUN-T4.7,4.7,1d,2023-07-11,2023-06-21,20.0,0.005,0.01,0.0,False,True
CPIYOY-23JUN,CPIYOY-23JUN-T4.7,4.7,final,2023-07-12,2023-06-21,21.0,0.005,0.01,0.0,False,True
CPIYOY-23JUN,CPIYOY-23JUN-T4.6,4.6,21d,2023-06-21,2023-05-24,28.0,0.5,1.0,0.0,False,True
CPIYOY-23JUN,CPIYOY-23JUN-T4.6,4.6,14d,2023-06-28,2023-06-23,5.0,0.005,0.01,0.0,False,False
CPIYOY-23JUN,CPIYOY-23JUN-T4.6,4.6,7d,2023-07-05,2023-06-23,12.0,0.005,0.01,0.0,False,False
CPIYOY-23JUN,CPIYOY-23JUN-T4.6,4.6,3d,2023-07-09,2023-06-23,16.0,0.005,0.01,0.0,False,True
CPIYOY-23JUN,CPIYOY-23JUN-T4.6,4.6,1d,2023-07-11,2023-06-23,18.0,0.005,0.01,0.0,False,True
CPIYOY-23JUN,CPIYOY-23JUN-T4.6,4.6,final,2023-07-12,2023-06-23,19.0,0.005,0.01,0.0,False,True
CPIYOY-23JUN,CPIYOY-23JUN-T4.5,4.5,21d,2023-06-21,2023-05-24,28.0,0.5,1.0,0.0,False,True
CPIYOY-23JUN,CPIYOY-23JUN-T4.5,4.5,14d,2023-06-28,2023-06-22,6.0,0.01,0.02,0.0,False,False
CPIYOY-23JUN,CPIYOY-23JUN-T4.5,4.5,7d,2023-07-05,2023-06-22,13.0,0.01,0.02,0.0,False,False
CPIYOY-23JUN,CPIYOY-23JUN-T4.5,4.5,3d,2023-07-09,2023-06-22,17.0,0.01,0.02,0.0,False,True
CPIYOY-23JUN,CPIYOY-23JUN-T4.5,4.5,1d,2023-07-11,2023-06-22,19.0,0.01,0.02,0.0,False,True
CPIYOY-23JUN,CPIYOY-23JUN-T4.5,4.5,final,2023-07-12,2023-06-22,20.0,0.01,0.02,0.0,False,True
CPIYOY-23JUN,CPIYOY-23JUN-T4.4,4.4,21d,2023-06-21,2023-03-15,98.0,0.5,1.0,0.0,False,True
CPIYOY-23JUN,CPIYOY-23JUN-T4.4,4.4,14d,2023-06-28,2023-06-22,6.0,0.01,0.02,0.0,False,False
CPIYOY-23JUN,CPIYOY-23JUN-T4.4,4.4,7d,2023-07-05,2023-06-22,13.0,0.01,0.02,0.0,False,False
CPIYOY-23JUN,CPIYOY-23JUN-T4.4,4.4,3d,2023-07-09,2023-06-22,17.0,0.01,0.02,0.0,False,True
CPIYOY-23JUN,CPIYOY-23JUN-T4.4,4.4,1d,2023-07-11,2023-06-22,19.0,0.01,0.02,0.0,False,True
CPIYOY-23JUN,CPIYOY-23JUN-T4.4,4.4,final,2023-07-12,2023-06-22,20.0,0.01,0.02,0.0,False,True
CPIYOY-23JUN,CPIYOY-23JUN-T4.3,4.3,21d,2023-06-21,2023-03-15,98.0,0.5,1.0,0.0,False,True
CPIYOY-23JUN,CPIYOY-23JUN-T4.3,4.3,14d,2023-06-28,2023-06-22,6.0,0.01,0.02,0.0,False,False
CPIYOY-23JUN,CPIYOY-23JUN-T4.3,4.3,7d,2023-07-05,2023-06-22,13.0,0.01,0.02,0.0,False,False
CPIYOY-23JUN,CPIYOY-23JUN-T4.3,4.3,3d,2023-07-09,2023-06-22,17.0,0.01,0.02,0.0,False,True
CPIYOY-23JUN,CPIYOY-23JUN-T4.3,4.3,1d,2023-07-11,2023-06-22,19.0,0.01,0.02,0.0,False,True
CPIYOY-23JUN,CPIYOY-23JUN-T4.3,4.3,final,2023-07-12,2023-06-22,20.0,0.01,0.02,0.0,False,True
CPIYOY-23JUN,CPIYOY-23JUN-T4.2,4.2,21d,2023-06-21,2023-04-18,64.0,0.5,1.0,0.0,False,True
CPIYOY-23JUN,CPIYOY-23JUN-T4.2,4.2,14d,2023-06-28,2023-06-22,6.0,0.015,0.03,0.0,False,False
CPIYOY-23JUN,CPIYOY-23JUN-T4.2,4.2,7d,2023-07-05,2023-06-22,13.0,0.015,0.03,0.0,False,False
CPIYOY-23JUN,CPIYOY-23JUN-T4.2,4.2,3d,2023-07-09,2023-06-22,17.0,0.015,0.03,0.0,False,True
CPIYOY-23JUN,CPIYOY-23JUN-T4.2,4.2,1d,2023-07-11,2023-07-11,0.0,0.005,0.01,0.0,False,False
CPIYOY-23JUN,CPIYOY-23JUN-T4.2,4.2,final,2023-07-12,2023-07-11,1.0,0.005,0.01,0.0,False,False
CPIYOY-23JUN,CPIYOY-23JUN-T4.1,4.099999,21d,2023-06-21,2023-03-15,98.0,0.5,1.0,0.0,False,True
CPIYOY-23JUN,CPIYOY-23JUN-T4.1,4.099999,14d,2023-06-28,2023-06-22,6.0,0.015,0.03,0.0,False,False
CPIYOY-23JUN,CPIYOY-23JUN-T4.1,4.099999,7d,2023-07-05,2023-06-22,13.0,0.015,0.03,0.0,False,False
CPIYOY-23JUN,CPIYOY-23JUN-T4.1,4.099999,3d,2023-07-09,2023-06-22,17.0,0.015,0.03,0.0,False,True
CPIYOY-23JUN,CPIYOY-23JUN-T4.1,4.099999,1d,2023-07-11,2023-07-11,0.0,0.005,0.01,0.0,False,False
CPIYOY-23JUN,CPIYOY-23JUN-T4.1,4.099999,final,2023-07-12,2023-07-11,1.0,0.005,0.01,0.0,False,False
CPIYOY-23JUN,CPIYOY-23JUN-T4.0,4.0,21d,2023-06-21,2023-04-19,63.0,0.5,1.0,0.0,False,True
CPIYOY-23JUN,CPIYOY-23JUN-T4.0,4.0,14d,2023-06-28,2023-06-22,6.0,0.015,0.03,0.0,False,False
CPIYOY-23JUN,CPIYOY-23JUN-T4.0,4.0,7d,2023-07-05,2023-06-22,13.0,0.015,0.03,0.0,False,False
CPIYOY-23JUN,CPIYOY-23JUN-T4.0,4.0,3d,2023-07-09,2023-06-22,17.0,0.015,0.03,0.0,False,True
CPIYOY-23JUN,CPIYOY-23JUN-T4.0,4.0,1d,2023-07-11,2023-07-11,0.0,0.005,0.01,0.0,False,False
CPIYOY-23JUN,CPIYOY-23JUN-T4.0,4.0,final,2023-07-12,2023-07-11,1.0,0.005,0.01,0.0,False,False
CPIYOY-23JUN,CPIYOY-23JUN-T3.9,3.9,21d,2023-06-21,2023-03-15,98.0,0.5,1.0,0.0,False,True
CPIYOY-23JUN,CPIYOY-23JUN-T3.9,3.9,14d,2023-06-28,2023-06-22,6.0,0.015,0.03,0.0,False,False
CPIYOY-23JUN,CPIYOY-23JUN-T3.9,3.9,7d,2023-07-05,2023-06-22,13.0,0.015,0.03,0.0,False,False
CPIYOY-23JUN,CPIYOY-23JUN-T3.9,3.9,3d,2023-07-09,2023-06-22,17.0,0.015,0.03,0.0,False,True
CPIYOY-23JUN,CPIYOY-23JUN-T3.9,3.9,1d,2023-07-11,2023-07-11,0.0,0.005,0.01,0.0,False,False
CPIYOY-23JUN,CPIYOY-23JUN-T3.9,3.9,final,2023-07-12,2023-07-11,1.0,0.005,0.01,0.0,False,False
CPIYOY-23JUN,CPIYOY-23JUN-T3.8,3.8,21d,2023-06-21,2023-03-15,98.0,0.5,1.0,0.0,False,True
CPIYOY-23JUN,CPIYOY-23JUN-T3.8,3.8,14d,2023-06-28,2023-06-22,6.0,0.015,0.03,0.0,False,False
CPIYOY-23JUN,CPIYOY-23JUN-T3.8,3.8,7d,2023-07-05,2023-06-22,13.0,0.015,0.03,0.0,False,False
CPIYOY-23JUN,CPIYOY-23JUN-T3.8,3.8,3d,2023-07-09,2023-06-22,17.0,0.015,0.03,0.0,False,True
CPIYOY-23JUN,CPIYOY-23JUN-T3.8,3.8,1d,2023-07-11,2023-06-22,19.0,0.015,0.03,0.0,False,True
CPIYOY-23JUN,CPIYOY-23JUN-T3.8,3.8,final,2023-07-12,2023-06-22,20.0,0.015,0.03,0.0,False,True
CPIYOY-23JUN,CPIYOY-23JUN-T3.7,3.7,21d,2023-06-21,2023-06-16,5.0,0.5,1.0,0.0,False,False
CPIYOY-23JUN,CPIYOY-23JUN-T3.7,3.7,14d,2023-06-28,2023-06-27,1.0,0.01,0.02,0.0,False,False
CPIYOY-23JUN,CPIYOY-23JUN-T3.7,3.7,7d,2023-07-05,2023-06-27,8.0,0.01,0.02,0.0,False,False
CPIYOY-23JUN,CPIYOY-23JUN-T3.7,3.7,3d,2023-07-09,2023-06-27,12.0,0.01,0.02,0.0,False,False
CPIYOY-23JUN,CPIYOY-23JUN-T3.7,3.7,1d,2023-07-11,2023-06-27,14.0,0.01,0.02,0.0,False,False
CPIYOY-23JUN,CPIYOY-23JUN-T3.7,3.7,final,2023-07-12,2023-06-27,15.0,0.01,0.02,0.0,False,True
CPIYOY-23JUN,CPIYOY-23JUN-T3.6,3.6,21d,2023-06-21,2023-06-19,2.0,0.015,0.03,0.0,False,False
CPIYOY-23JUN,CPIYOY-23JUN-T3.6,3.6,14d,2023-06-28,2023-06-23,5.0,0.005,0.01,1000.0,False,False
CPIYOY-23JUN,CPIYOY-23JUN-T3.6,3.6,7d,2023-07-05,2023-06-23,12.0,0.005,0.01,1000.0,False,False
CPIYOY-23JUN,CPIYOY-23JUN-T3.6,3.6,3d,2023-07-09,2023-06-23,16.0,0.005,0.01,1000.0,False,True
CPIYOY-23JUN,CPIYOY-23JUN-T3.6,3.6,1d,2023-07-11,2023-06-23,18.0,0.005,0.01,1000.0,False,True
CPIYOY-23JUN,CPIYOY-23JUN-T3.6,3.6,final,2023-07-12,2023-06-23,19.0,0.005,0.01,1000.0,False,True
CPIYOY-23JUN,CPIYOY-23JUN-T3.5,3.5,21d,2023-06-21,2023-06-19,2.0,0.02,0.04,0.0,False,False
CPIYOY-23JUN,CPIYOY-23JUN-T3.5,3.5,14d,2023-06-28,2023-06-26,2.0,0.015,0.03,1500.0,False,False
CPIYOY-23JUN,CPIYOY-23JUN-T3.5,3.5,7d,2023-07-05,2023-07-05,0.0,0.005,0.01,5.0,False,False
CPIYOY-23JUN,CPIYOY-23JUN-T3.5,3.5,3d,2023-07-09,2023-07-08,1.0,0.01,0.02,100.0,False,False
CPIYOY-23JUN,CPIYOY-23JUN-T3.5,3.5,1d,2023-07-11,2023-07-08,3.0,0.01,0.02,100.0,False,False
CPIYOY-23JUN,CPIYOY-23JUN-T3.5,3.5,final,2023-07-12,2023-07-08,4.0,0.01,0.02,100.0,False,False
CPIYOY-23JUN,CPIYOY-23JUN-T3.4,3.4,21d,2023-06-21,2023-06-21,0.0,0.025,0.05,20.0,False,False
CPIYOY-23JUN,CPIYOY-23JUN-T3.4,3.4,14d,2023-06-28,2023-06-28,0.0,0.025,0.03,50.0,False,False
CPIYOY-23JUN,CPIYOY-23JUN-T3.4,3.4,7d,2023-07-05,2023-07-01,4.0,0.015,0.01,0.0,False,False
CPIYOY-23JUN,CPIYOY-23JUN-T3.4,3.4,3d,2023-07-09,2023-07-06,3.0,0.015,0.01,200.0,False,False
CPIYOY-23JUN,CPIYOY-23JUN-T3.4,3.4,1d,2023-07-11,2023-07-11,0.0,0.015,0.01,225.0,False,False
CPIYOY-23JUN,CPIYOY-23JUN-T3.4,3.4,final,2023-07-12,2023-07-11,1.0,0.015,0.01,225.0,False,False
CPIYOY-23JUN,CPIYOY-23JUN-T3.3,3.3,21d,2023-06-21,2023-06-21,0.0,0.5,1.0,235.0,False,False
CPIYOY-23JUN,CPIYOY-23JUN-T3.3,3.3,14d,2023-06-28,2023-06-28,0.0,0.045,0.01,315.0,False,False
CPIYOY-23JUN,CPIYOY-23JUN-T3.3,3.3,7d,2023-07-05,2023-07-04,1.0,0.025,0.05,337.0,False,False
CPIYOY-23JUN,CPIYOY-23JUN-T3.3,3.3,3d,2023-07-09,2023-07-09,0.0,0.035,0.03,0.0,False,False
CPIYOY-23JUN,CPIYOY-23JUN-T3.3,3.3,1d,2023-07-11,2023-07-11,0.0,0.035,0.03,0.0,False,False
CPIYOY-23JUN,CPIYOY-23JUN-T3.3,3.3,final,2023-07-12,2023-07-11,1.0,0.035,0.03,0.0,False,False
CPIYOY-23MAY,CPIYOY-23MAY-T4.7,4.7,21d,2023-05-23,2023-05-14,9.0,0.02,0.04,0.0,False,False
CPIYOY-23MAY,CPIYOY-23MAY-T4.7,4.7,14d,2023-05-30,2023-05-24,6.0,0.005,0.01,0.0,False,False
CPIYOY-23MAY,CPIYOY-23MAY-T4.7,4.7,7d,2023-06-06,2023-06-03,3.0,0.005,0.01,93.0,False,False
CPIYOY-23MAY,CPIYOY-23MAY-T4.7,4.7,3d,2023-06-10,2023-06-03,7.0,0.005,0.01,93.0,False,False
CPIYOY-23MAY,CPIYOY-23MAY-T4.7,4.7,1d,2023-06-12,2023-06-03,9.0,0.005,0.01,93.0,False,False
CPIYOY-23MAY,CPIYOY-23MAY-T4.7,4.7,final,2023-06-13,2023-06-03,10.0,0.005,0.01,93.0,False,False
CPIYOY-23MAY,CPIYOY-23MAY-T4.6,4.6,21d,2023-05-23,2023-05-14,9.0,0.02,0.04,0.0,False,False
CPIYOY-23MAY,CPIYOY-23MAY-T4.6,4.6,14d,2023-05-30,2023-05-24,6.0,0.005,0.01,0.0,False,False
CPIYOY-23MAY,CPIYOY-23MAY-T4.6,4.6,7d,2023-06-06,2023-05-24,13.0,0.005,0.01,0.0,False,False
CPIYOY-23MAY,CPIYOY-23MAY-T4.6,4.6,3d,2023-06-10,2023-05-24,17.0,0.005,0.01,0.0,False,True
CPIYOY-23MAY,CPIYOY-23MAY-T4.6,4.6,1d,2023-06-12,2023-05-24,19.0,0.005,0.01,0.0,False,True
CPIYOY-23MAY,CPIYOY-23MAY-T4.6,4.6,final,2023-06-13,2023-05-24,20.0,0.005,0.01,0.0,False,True
CPIYOY-23MAY,CPIYOY-23MAY-T4.5,4.5,21d,2023-05-23,2023-05-19,4.0,0.01,0.02,0.0,False,False
CPIYOY-23MAY,CPIYOY-23MAY-T4.5,4.5,14d,2023-05-30,2023-05-24,6.0,0.005,0.01,0.0,False,False
CPIYOY-23MAY,CPIYOY-23MAY-T4.5,4.5,7d,2023-06-06,2023-05-24,13.0,0.005,0.01,0.0,False,False
CPIYOY-23MAY,CPIYOY-23MAY-T4.5,4.5,3d,2023-06-10,2023-05-24,17.0,0.005,0.01,0.0,False,True
CPIYOY-23MAY,CPIYOY-23MAY-T4.5,4.5,1d,2023-06-12,2023-05-24,19.0,0.005,0.01,0.0,False,True
CPIYOY-23MAY,CPIYOY-23MAY-T4.5,4.5,final,2023-06-13,2023-05-24,20.0,0.005,0.01,0.0,False,True
CPIYOY-23MAY,CPIYOY-23MAY-T4.4,4.4,21d,2023-05-23,2023-05-22,1.0,0.02,0.02,0.0,False,False
CPIYOY-23MAY,CPIYOY-23MAY-T4.4,4.4,14d,2023-05-30,2023-05-26,4.0,0.005,0.01,0.0,False,False
CPIYOY-23MAY,CPIYOY-23MAY-T4.4,4.4,7d,2023-06-06,2023-06-04,2.0,0.005,0.01,100.0,False,False
CPIYOY-23MAY,CPIYOY-23MAY-T4.4,4.4,3d,2023-06-10,2023-06-04,6.0,0.005,0.01,100.0,False,False
CPIYOY-23MAY,CPIYOY-23MAY-T4.4,4.4,1d,2023-06-12,2023-06-04,8.0,0.005,0.01,100.0,False,False
CPIYOY-23MAY,CPIYOY-23MAY-T4.4,4.4,final,2023-06-13,2023-06-04,9.0,0.005,0.01,100.0,False,False
CPIYOY-23MAY,CPIYOY-23MAY-T4.3,4.3,21d,2023-05-23,2023-05-21,2.0,0.055,0.05,0.0,False,False
CPIYOY-23MAY,CPIYOY-23MAY-T4.3,4.3,14d,2023-05-30,2023-05-28,2.0,0.025,0.05,558.0,False,False
CPIYOY-23MAY,CPIYOY-23MAY-T4.3,4.3,7d,2023-06-06,2023-06-06,0.0,0.015,0.03,0.0,False,False
CPIYOY-23MAY,CPIYOY-23MAY-T4.3,4.3,3d,2023-06-10,2023-06-08,2.0,0.035,0.05,0.0,False,False
CPIYOY-23MAY,CPIYOY-23MAY-T4.3,4.3,1d,2023-06-12,2023-06-12,0.0,0.03,0.06,50.0,False,False
CPIYOY-23MAY,CPIYOY-23MAY-T4.3,4.3,final,2023-06-13,2023-06-12,1.0,0.03,0.06,50.0,False,False
CPIYOY-23MAY,CPIYOY-23MAY-T4.2,4.2,21d,2023-05-23,2023-05-21,2.0,0.12,0.06,25.0,False,False
CPIYOY-23MAY,CPIYOY-23MAY-T4.2,4.2,14d,2023-05-30,2023-05-28,2.0,0.07,0.06,49.0,False,False
CPIYOY-23MAY,CPIYOY-23MAY-T4.2,4.2,7d,2023-06-06,2023-06-06,0.0,0.065,0.05,54.0,False,False
CPIYOY-23MAY,CPIYOY-23MAY-T4.2,4.2,3d,2023-06-10,2023-06-10,0.0,0.095,0.05,0.0,False,False
CPIYOY-23MAY,CPIYOY-23MAY-T4.2,4.2,1d,2023-06-12,2023-06-12,0.0,0.08,0.06,90.0,False,False
CPIYOY-23MAY,CPIYOY-23MAY-T4.2,4.2,final,2023-06-13,2023-06-12,1.0,0.08,0.06,90.0,False,False
CPIYOY-23MAY,CPIYOY-23MAY-T4.1,4.099999,21d,2023-05-23,2023-05-23,0.0,0.215,0.01,0.0,False,False
CPIYOY-23MAY,CPIYOY-23MAY-T4.1,4.099999,14d,2023-05-30,2023-05-30,0.0,0.14,0.06,0.0,False,False
CPIYOY-23MAY,CPIYOY-23MAY-T4.1,4.099999,7d,2023-06-06,2023-06-06,0.0,0.13,0.04,0.0,False,False
CPIYOY-23MAY,CPIYOY-23MAY-T4.1,4.099999,3d,2023-06-10,2023-06-10,0.0,0.31,0.06,60.0,False,False
CPIYOY-23MAY,CPIYOY-23MAY-T4.1,4.099999,1d,2023-06-12,2023-06-12,0.0,0.285,0.05,110.0,False,False
CPIYOY-23MAY,CPIYOY-23MAY-T4.1,4.099999,final,2023-06-13,2023-06-12,1.0,0.285,0.05,110.0,False,False
CPIYOY-23MAY,CPIYOY-23MAY-T4.0,4.0,21d,2023-05-23,2023-05-20,3.0,0.52,0.04,0.0,False,False
CPIYOY-23MAY,CPIYOY-23MAY-T4.0,4.0,14d,2023-05-30,2023-05-28,2.0,0.4,0.08,218.0,False,False
CPIYOY-23MAY,CPIYOY-23MAY-T4.0,4.0,7d,2023-06-06,2023-06-06,0.0,0.34,0.06,0.0,False,False
CPIYOY-23MAY,CPIYOY-23MAY-T4.0,4.0,3d,2023-06-10,2023-06-10,0.0,0.55,0.06,77.0,False,False
CPIYOY-23MAY,CPIYOY-23MAY-T4.0,4.0,1d,2023-06-12,2023-06-12,0.0,0.53,0.06,29.0,False,False
CPIYOY-23MAY,CPIYOY-23MAY-T4.0,4.0,final,2023-06-13,2023-06-12,1.0,0.53,0.06,29.0,False,False
CPIYOY-23MAY,CPIYOY-23MAY-T3.9,3.9,21d,2023-05-23,2023-05-23,0.0,0.775,0.05,40.0,False,False
CPIYOY-23MAY,CPIYOY-23MAY-T3.9,3.9,14d,2023-05-30,2023-05-28,2.0,0.775,0.03,0.0,False,False
CPIYOY-23MAY,CPIYOY-23MAY-T3.9,3.9,7d,2023-06-06,2023-06-06,0.0,0.785,0.05,0.0,False,False
CPIYOY-23MAY,CPIYOY-23MAY-T3.9,3.9,3d,2023-06-10,2023-06-10,0.0,0.85,0.04,10.0,False,False
CPIYOY-23MAY,CPIYOY-23MAY-T3.9,3.9,1d,2023-06-12,2023-06-12,0.0,0.835,0.07,466.0,False,False
CPIYOY-23MAY,CPIYOY-23MAY-T3.9,3.9,final,2023-06-13,2023-06-12,1.0,0.835,0.07,466.0,False,False
CPIYOY-23MAY,CPIYOY-23MAY-T3.8,3.8,21d,2023-05-23,2023-05-20,3.0,0.93,0.04,0.0,False,False
CPIYOY-23MAY,CPIYOY-23MAY-T3.8,3.8,14d,2023-05-30,2023-05-28,2.0,0.905,0.05,0.0,False,False
CPIYOY-23MAY,CPIYOY-23MAY-T3.8,3.8,7d,2023-06-06,2023-06-06,0.0,0.93,0.06,10.0,False,False
CPIYOY-23MAY,CPIYOY-23MAY-T3.8,3.8,3d,2023-06-10,2023-06-10,0.0,0.955,0.03,0.0,False,False
CPIYOY-23MAY,CPIYOY-23MAY-T3.8,3.8,1d,2023-06-12,2023-06-12,0.0,0.945,0.05,75.0,False,False
CPIYOY-23MAY,CPIYOY-23MAY-T3.8,3.8,final,2023-06-13,2023-06-12,1.0,0.945,0.05,75.0,False,False
CPIYOY-23MAY,CPIYOY-23MAY-T3.7,3.7,21d,2023-05-23,2023-05-17,6.0,0.98,0.04,0.0,False,False
CPIYOY-23MAY,CPIYOY-23MAY-T3.7,3.7,14d,2023-05-30,2023-05-25,5.0,0.985,0.03,0.0,False,False
CPIYOY-23MAY,CPIYOY-23MAY-T3.7,3.7,7d,2023-06-06,2023-06-06,0.0,0.98,0.04,0.0,False,False
CPIYOY-23MAY,CPIYOY-23MAY-T3.7,3.7,3d,2023-06-10,2023-06-06,4.0,0.98,0.04,0.0,False,False
CPIYOY-23MAY,CPIYOY-23MAY-T3.7,3.7,1d,2023-06-12,2023-06-06,6.0,0.98,0.04,0.0,False,False
CPIYOY-23MAY,CPIYOY-23MAY-T3.7,3.7,final,2023-06-13,2023-06-06,7.0,0.98,0.04,0.0,False,False
CPIYOY-23MAY,CPIYOY-23MAY-T3.6,3.6,21d,2023-05-23,2023-05-17,6.0,0.985,0.03,0.0,False,False
CPIYOY-23MAY,CPIYOY-23MAY-T3.6,3.6,14d,2023-05-30,2023-05-17,13.0,0.985,0.03,0.0,False,False
CPIYOY-23MAY,CPIYOY-23MAY-T3.6,3.6,7d,2023-06-06,2023-05-17,20.0,0.985,0.03,0.0,False,True
CPIYOY-23MAY,CPIYOY-23MAY-T3.6,3.6,3d,2023-06-10,2023-05-17,24.0,0.985,0.03,0.0,False,True
CPIYOY-23MAY,CPIYOY-23MAY-T3.6,3.6,1d,2023-06-12,2023-05-17,26.0,0.985,0.03,0.0,False,True
CPIYOY-23MAY,CPIYOY-23MAY-T3.6,3.6,final,2023-06-13,2023-05-17,27.0,0.985,0.03,0.0,False,True
CPIYOY-23MAY,CPIYOY-23MAY-T3.5,3.5,21d,2023-05-23,2023-05-17,6.0,0.99,0.02,0.0,False,False
CPIYOY-23MAY,CPIYOY-23MAY-T3.5,3.5,14d,2023-05-30,2023-05-17,13.0,0.99,0.02,0.0,False,False
CPIYOY-23MAY,CPIYOY-23MAY-T3.5,3.5,7d,2023-06-06,2023-05-17,20.0,0.99,0.02,0.0,False,True
CPIYOY-23MAY,CPIYOY-23MAY-T3.5,3.5,3d,2023-06-10,2023-05-17,24.0,0.99,0.02,0.0,False,True
CPIYOY-23MAY,CPIYOY-23MAY-T3.5,3.5,1d,2023-06-12,2023-05-17,26.0,0.99,0.02,0.0,False,True
CPIYOY-23MAY,CPIYOY-23MAY-T3.5,3.5,final,2023-06-13,2023-05-17,27.0,0.99,0.02,0.0,False,True
CPIYOY-23MAY,CPIYOY-23MAY-T3.4,3.4,21d,2023-05-23,2023-05-17,6.0,0.995,0.01,0.0,False,False
CPIYOY-23MAY,CPIYOY-23MAY-T3.4,3.4,14d,2023-05-30,2023-05-17,13.0,0.995,0.01,0.0,False,False
CPIYOY-23MAY,CPIYOY-23MAY-T3.4,3.4,7d,2023-06-06,2023-05-17,20.0,0.995,0.01,0.0,False,True
CPIYOY-23MAY,CPIYOY-23MAY-T3.4,3.4,3d,2023-06-10,2023-05-17,24.0,0.995,0.01,0.0,False,True
CPIYOY-23MAY,CPIYOY-23MAY-T3.4,3.4,1d,2023-06-12,2023-05-17,26.0,0.995,0.01,0.0,False,True
CPIYOY-23MAY,CPIYOY-23MAY-T3.4,3.4,final,2023-06-13,2023-05-17,27.0,0.995,0.01,0.0,False,True
CPIYOY-23MAY,CPIYOY-23MAY-T3.3,3.3,21d,2023-05-23,2023-05-14,9.0,0.99,0.02,0.0,False,False
CPIYOY-23MAY,CPIYOY-23MAY-T3.3,3.3,14d,2023-05-30,2023-05-25,5.0,0.995,0.01,0.0,False,False
CPIYOY-23MAY,CPIYOY-23MAY-T3.3,3.3,7d,2023-06-06,2023-05-25,12.0,0.995,0.01,0.0,False,False
CPIYOY-23MAY,CPIYOY-23MAY-T3.3,3.3,3d,2023-06-10,2023-05-25,16.0,0.995,0.01,0.0,False,True
CPIYOY-23MAY,CPIYOY-23MAY-T3.3,3.3,1d,2023-06-12,2023-05-25,18.0,0.995,0.01,0.0,False,True
CPIYOY-23MAY,CPIYOY-23MAY-T3.3,3.3,final,2023-06-13,2023-05-25,19.0,0.995,0.01,0.0,False,True
CPIYOY-23APR,CPIYOY-23APR-T5.4,5.4,21d,2023-04-19,2023-04-19,0.0,0.025,0.03,269.0,False,False
CPIYOY-23APR,CPIYOY-23APR-T5.4,5.4,14d,2023-04-26,2023-04-26,0.0,0.01,0.02,0.0,False,False
CPIYOY-23APR,CPIYOY-23APR-T5.4,5.4,7d,2023-05-03,2023-04-26,7.0,0.01,0.02,0.0,False,False
CPIYOY-23APR,CPIYOY-23APR-T5.4,5.4,3d,2023-05-07,2023-04-26,11.0,0.01,0.02,0.0,False,False
CPIYOY-23APR,CPIYOY-23APR-T5.4,5.4,1d,2023-05-09,2023-04-26,13.0,0.01,0.02,0.0,False,False
CPIYOY-23APR,CPIYOY-23APR-T5.4,5.4,final,2023-05-10,2023-04-26,14.0,0.01,0.02,0.0,False,False
CPIYOY-23APR,CPIYOY-23APR-T5.5,5.5,21d,2023-04-19,2023-04-19,0.0,0.05,0.1,0.0,False,False
CPIYOY-23APR,CPIYOY-23APR-T5.5,5.5,14d,2023-04-26,2023-04-19,7.0,0.05,0.1,0.0,False,False
CPIYOY-23APR,CPIYOY-23APR-T5.5,5.5,7d,2023-05-03,2023-04-19,14.0,0.05,0.1,0.0,False,False
CPIYOY-23APR,CPIYOY-23APR-T5.5,5.5,3d,2023-05-07,2023-05-05,2.0,0.03,0.06,0.0,False,False
CPIYOY-23APR,CPIYOY-23APR-T5.5,5.5,1d,2023-05-09,2023-05-05,4.0,0.03,0.06,0.0,False,False
CPIYOY-23APR,CPIYOY-23APR-T5.5,5.5,final,2023-05-10,2023-05-05,5.0,0.03,0.06,0.0,False,False
CPIYOY-23APR,CPIYOY-23APR-T5.3,5.3,21d,2023-04-19,2023-04-19,0.0,0.085,0.03,20.0,False,False
CPIYOY-23APR,CPIYOY-23APR-T5.3,5.3,14d,2023-04-26,2023-04-26,0.0,0.03,0.06,0.0,False,False
CPIYOY-23APR,CPIYOY-23APR-T5.3,5.3,7d,2023-05-03,2023-04-28,5.0,0.02,0.04,0.0,False,False
CPIYOY-23APR,CPIYOY-23APR-T5.3,5.3,3d,2023-05-07,2023-04-28,9.0,0.02,0.04,0.0,False,False
CPIYOY-23APR,CPIYOY-23APR-T5.3,5.3,1d,2023-05-09,2023-04-28,11.0,0.02,0.04,0.0,False,False
CPIYOY-23APR,CPIYOY-23APR-T5.3,5.3,final,2023-05-10,2023-04-28,12.0,0.02,0.04,0.0,False,False
CPIYOY-23APR,CPIYOY-23APR-T5.2,5.2,21d,2023-04-19,2023-04-19,0.0,0.2,0.02,0.0,False,False
CPIYOY-23APR,CPIYOY-23APR-T5.2,5.2,14d,2023-04-26,2023-04-26,0.0,0.09,0.08,265.0,False,False
CPIYOY-23APR,CPIYOY-23APR-T5.2,5.2,7d,2023-05-03,2023-05-03,0.0,0.04,0.06,150.0,False,False
CPIYOY-23APR,CPIYOY-23APR-T5.2,5.2,3d,2023-05-07,2023-05-06,1.0,0.03,0.04,0.0,False,False
CPIYOY-23APR,CPIYOY-23APR-T5.2,5.2,1d,2023-05-09,2023-05-09,0.0,0.025,0.03,27.0,False,False
CPIYOY-23APR,CPIYOY-23APR-T5.2,5.2,final,2023-05-10,2023-05-09,1.0,0.025,0.03,27.0,False,False
CPIYOY-23APR,CPIYOY-23APR-T5.1,5.1,21d,2023-04-19,2023-04-19,0.0,0.41,0.06,0.0,False,False
CPIYOY-23APR,CPIYOY-23APR-T5.1,5.1,14d,2023-04-26,2023-04-26,0.0,0.215,0.09,215.0,False,False
CPIYOY-23APR,CPIYOY-23APR-T5.1,5.1,7d,2023-05-03,2023-05-03,0.0,0.105,0.19,175.0,False,False
CPIYOY-23APR,CPIYOY-23APR-T5.1,5.1,3d,2023-05-07,2023-05-06,1.0,0.125,0.05,54.0,False,False
CPIYOY-23APR,CPIYOY-23APR-T5.1,5.1,1d,2023-05-09,2023-05-09,0.0,0.105,0.05,411.0,False,False
CPIYOY-23APR,CPIYOY-23APR-T5.1,5.1,final,2023-05-10,2023-05-09,1.0,0.105,0.05,411.0,False,False
CPIYOY-23APR,CPIYOY-23APR-T5.0,5.0,21d,2023-04-19,2023-04-19,0.0,0.555,0.05,0.0,False,False
CPIYOY-23APR,CPIYOY-23APR-T5.0,5.0,14d,2023-04-26,2023-04-26,0.0,0.345,0.09,123.0,False,False
CPIYOY-23APR,CPIYOY-23APR-T5.0,5.0,7d,2023-05-03,2023-05-03,0.0,0.225,0.21,5.0,False,False
CPIYOY-23APR,CPIYOY-23APR-T5.0,5.0,3d,2023-05-07,2023-05-07,0.0,0.375,0.13,0.0,False,False
CPIYOY-23APR,CPIYOY-23APR-T5.0,5.0,1d,2023-05-09,2023-05-09,0.0,0.395,0.05,761.0,False,False
CPIYOY-23APR,CPIYOY-23APR-T5.0,5.0,final,2023-05-10,2023-05-09,1.0,0.395,0.05,761.0,False,False
CPIYOY-23APR,CPIYOY-23APR-T4.9,4.9,21d,2023-04-19,2023-04-19,0.0,0.815,0.03,25.0,False,False
CPIYOY-23APR,CPIYOY-23APR-T4.9,4.9,14d,2023-04-26,2023-04-26,0.0,0.58,0.1,599.0,False,False
CPIYOY-23APR,CPIYOY-23APR-T4.9,4.9,7d,2023-05-03,2023-05-03,0.0,0.59,0.46,0.0,False,False
CPIYOY-23APR,CPIYOY-23APR-T4.9,4.9,3d,2023-05-07,2023-05-07,0.0,0.56,0.08,0.0,False,False
CPIYOY-23APR,CPIYOY-23APR-T4.9,4.9,1d,2023-05-09,2023-05-09,0.0,0.71,0.06,1573.0,False,False
CPIYOY-23APR,CPIYOY-23APR-T4.9,4.9,final,2023-05-10,2023-05-09,1.0,0.71,0.06,1573.0,False,False
CPIYOY-23APR,CPIYOY-23APR-T4.8,4.8,21d,2023-04-19,2023-04-19,0.0,0.935,0.03,25.0,False,False
CPIYOY-23APR,CPIYOY-23APR-T4.8,4.8,14d,2023-04-26,2023-04-26,0.0,0.84,0.06,1149.0,False,False
CPIYOY-23APR,CPIYOY-23APR-T4.8,4.8,7d,2023-05-03,2023-05-03,0.0,0.74,0.3,25.0,False,False
CPIYOY-23APR,CPIYOY-23APR-T4.8,4.8,3d,2023-05-07,2023-05-07,0.0,0.875,0.03,0.0,False,False
CPIYOY-23APR,CPIYOY-23APR-T4.8,4.8,1d,2023-05-09,2023-05-09,0.0,0.915,0.03,1841.0,False,False
CPIYOY-23APR,CPIYOY-23APR-T4.8,4.8,final,2023-05-10,2023-05-09,1.0,0.915,0.03,1841.0,False,False
CPIYOY-23APR,CPIYOY-23APR-T4.7,4.7,21d,2023-04-19,2023-04-19,0.0,0.98,0.04,0.0,False,False
CPIYOY-23APR,CPIYOY-23APR-T4.7,4.7,14d,2023-04-26,2023-04-26,0.0,0.95,0.08,0.0,False,False
CPIYOY-23APR,CPIYOY-23APR-T4.7,4.7,7d,2023-05-03,2023-05-03,0.0,0.485,0.95,1175.0,False,False
CPIYOY-23APR,CPIYOY-23APR-T4.7,4.7,3d,2023-05-07,2023-05-07,0.0,0.945,0.09,4000.0,False,False
CPIYOY-23APR,CPIYOY-23APR-T4.7,4.7,1d,2023-05-09,2023-05-09,0.0,0.985,0.03,388.0,False,False
CPIYOY-23APR,CPIYOY-23APR-T4.7,4.7,final,2023-05-10,2023-05-09,1.0,0.985,0.03,388.0,False,False
CPIYOY-23APR,CPIYOY-23APR-T4.6,4.6,21d,2023-04-19,2023-04-19,0.0,0.98,0.04,0.0,False,False
CPIYOY-23APR,CPIYOY-23APR-T4.6,4.6,14d,2023-04-26,2023-04-26,0.0,0.5,1.0,703.0,False,False
CPIYOY-23APR,CPIYOY-23APR-T4.6,4.6,7d,2023-05-03,2023-05-03,0.0,0.94,0.08,0.0,False,False
CPIYOY-23APR,CPIYOY-23APR-T4.6,4.6,3d,2023-05-07,2023-05-07,0.0,0.975,0.05,0.0,False,False
CPIYOY-23APR,CPIYOY-23APR-T4.6,4.6,1d,2023-05-09,2023-05-09,0.0,0.98,0.04,1.0,False,False
CPIYOY-23APR,CPIYOY-23APR-T4.6,4.6,final,2023-05-10,2023-05-09,1.0,0.98,0.04,1.0,False,False
CPIYOY-23APR,CPIYOY-23APR-T4.5,4.5,21d,2023-04-19,2023-03-31,19.0,0.505,0.99,0.0,False,True
CPIYOY-23APR,CPIYOY-23APR-T4.5,4.5,14d,2023-04-26,2023-04-20,6.0,0.98,0.04,0.0,False,False
CPIYOY-23APR,CPIYOY-23APR-T4.5,4.5,7d,2023-05-03,2023-05-03,0.0,0.985,0.03,0.0,False,False
CPIYOY-23APR,CPIYOY-23APR-T4.5,4.5,3d,2023-05-07,2023-05-03,4.0,0.985,0.03,0.0,False,False
CPIYOY-23APR,CPIYOY-23APR-T4.5,4.5,1d,2023-05-09,2023-05-03,6.0,0.985,0.03,0.0,False,False
CPIYOY-23APR,CPIYOY-23APR-T4.5,4.5,final,2023-05-10,2023-05-03,7.0,0.985,0.03,0.0,False,False
CPIYOY-23APR,CPIYOY-23APR-T4.4,4.4,21d,2023-04-19,2023-04-14,5.0,0.875,0.25,0.0,False,False
CPIYOY-23APR,CPIYOY-23APR-T4.4,4.4,14d,2023-04-26,2023-04-20,6.0,0.98,0.04,0.0,False,False
CPIYOY-23APR,CPIYOY-23APR-T4.4,4.4,7d,2023-05-03,2023-05-03,0.0,0.985,0.03,0.0,False,False
CPIYOY-23APR,CPIYOY-23APR-T4.4,4.4,3d,2023-05-07,2023-05-03,4.0,0.985,0.03,0.0,False,False
CPIYOY-23APR,CPIYOY-23APR-T4.4,4.4,1d,2023-05-09,2023-05-03,6.0,0.985,0.03,0.0,False,False
CPIYOY-23APR,CPIYOY-23APR-T4.4,4.4,final,2023-05-10,2023-05-03,7.0,0.985,0.03,0.0,False,False
CPIYOY-23APR,CPIYOY-23APR-T4.3,4.3,21d,2023-04-19,2023-03-31,19.0,0.505,0.99,0.0,False,True
CPIYOY-23APR,CPIYOY-23APR-T4.3,4.3,14d,2023-04-26,2023-04-20,6.0,0.985,0.03,0.0,False,False
CPIYOY-23APR,CPIYOY-23APR-T4.3,4.3,7d,2023-05-03,2023-05-03,0.0,0.99,0.02,0.0,False,False
CPIYOY-23APR,CPIYOY-23APR-T4.3,4.3,3d,2023-05-07,2023-05-03,4.0,0.99,0.02,0.0,False,False
CPIYOY-23APR,CPIYOY-23APR-T4.3,4.3,1d,2023-05-09,2023-05-03,6.0,0.99,0.02,0.0,False,False
CPIYOY-23APR,CPIYOY-23APR-T4.3,4.3,final,2023-05-10,2023-05-03,7.0,0.99,0.02,0.0,False,False
CPIYOY-23APR,CPIYOY-23APR-T4.2,4.2,21d,2023-04-19,2023-03-31,19.0,0.505,0.99,0.0,False,True
CPIYOY-23APR,CPIYOY-23APR-T4.2,4.2,14d,2023-04-26,2023-04-22,4.0,0.98,0.04,0.0,False,False
CPIYOY-23APR,CPIYOY-23APR-T4.2,4.2,7d,2023-05-03,2023-05-03,0.0,0.985,0.03,0.0,False,False
CPIYOY-23APR,CPIYOY-23APR-T4.2,4.2,3d,2023-05-07,2023-05-07,0.0,0.99,0.02,0.0,False,False
CPIYOY-23APR,CPIYOY-23APR-T4.2,4.2,1d,2023-05-09,2023-05-07,2.0,0.99,0.02,0.0,False,False
CPIYOY-23APR,CPIYOY-23APR-T4.2,4.2,final,2023-05-10,2023-05-07,3.0,0.99,0.02,0.0,False,False
CPIYOY-23APR,CPIYOY-23APR-T4.1,4.1,21d,2023-04-19,2023-03-31,19.0,0.505,0.99,0.0,False,True
CPIYOY-23APR,CPIYOY-23APR-T4.1,4.1,14d,2023-04-26,2023-04-22,4.0,0.98,0.04,0.0,False,False
CPIYOY-23APR,CPIYOY-23APR-T4.1,4.1,7d,2023-05-03,2023-05-03,0.0,0.985,0.03,0.0,False,False
CPIYOY-23APR,CPIYOY-23APR-T4.1,4.1,3d,2023-05-07,2023-05-07,0.0,0.99,0.02,0.0,False,False
CPIYOY-23APR,CPIYOY-23APR-T4.1,4.1,1d,2023-05-09,2023-05-07,2.0,0.99,0.02,0.0,False,False
CPIYOY-23APR,CPIYOY-23APR-T4.1,4.1,final,2023-05-10,2023-05-07,3.0,0.99,0.02,0.0,False,False
CPIYOY-23APR,CPIYOY-23APR-T4.0,4.0,21d,2023-04-19,2023-03-31,19.0,0.505,0.99,0.0,False,True
CPIYOY-23APR,CPIYOY-23APR-T4.0,4.0,14d,2023-04-26,2023-04-22,4.0,0.99,0.02,0.0,False,False
CPIYOY-23APR,CPIYOY-23APR-T4.0,4.0,7d,2023-05-03,2023-04-22,11.0,0.99,0.02,0.0,False,False
CPIYOY-23APR,CPIYOY-23APR-T4.0,4.0,3d,2023-05-07,2023-04-22,15.0,0.99,0.02,0.0,False,True
CPIYOY-23APR,CPIYOY-23APR-T4.0,4.0,1d,2023-05-09,2023-04-22,17.0,0.99,0.02,0.0,False,True
CPIYOY-23APR,CPIYOY-23APR-T4.0,4.0,final,2023-05-10,2023-04-22,18.0,0.99,0.02,0.0,False,True
CPIYOY-23APR,CPIYOY-23APR-T3.9,3.9,21d,2023-04-19,2023-03-31,19.0,0.505,0.99,0.0,False,True
CPIYOY-23APR,CPIYOY-23APR-T3.9,3.9,14d,2023-04-26,2023-04-22,4.0,0.99,0.02,0.0,False,False
CPIYOY-23APR,CPIYOY-23APR-T3.9,3.9,7d,2023-05-03,2023-04-22,11.0,0.99,0.02,0.0,False,False
CPIYOY-23APR,CPIYOY-23APR-T3.9,3.9,3d,2023-05-07,2023-04-22,15.0,0.99,0.02,0.0,False,True
CPIYOY-23APR,CPIYOY-23APR-T3.9,3.9,1d,2023-05-09,2023-04-22,17.0,0.99,0.02,0.0,False,True
CPIYOY-23APR,CPIYOY-23APR-T3.9,3.9,final,2023-05-10,2023-04-22,18.0,0.99,0.02,0.0,False,True
CPIYOY-23APR,CPIYOY-23APR-T3.8,3.8,21d,2023-04-19,2023-03-31,19.0,0.505,0.99,0.0,False,True
CPIYOY-23APR,CPIYOY-23APR-T3.8,3.8,14d,2023-04-26,2023-04-22,4.0,0.99,0.02,0.0,False,False
CPIYOY-23APR,CPIYOY-23APR-T3.8,3.8,7d,2023-05-03,2023-04-22,11.0,0.99,0.02,0.0,False,False
CPIYOY-23APR,CPIYOY-23APR-T3.8,3.8,3d,2023-05-07,2023-04-22,15.0,0.99,0.02,0.0,False,True
CPIYOY-23APR,CPIYOY-23APR-T3.8,3.8,1d,2023-05-09,2023-04-22,17.0,0.99,0.02,0.0,False,True
CPIYOY-23APR,CPIYOY-23APR-T3.8,3.8,final,2023-05-10,2023-04-22,18.0,0.99,0.02,0.0,False,True
CPIYOY-23APR,CPIYOY-23APR-T3.7,3.7,21d,2023-04-19,2023-03-31,19.0,0.505,0.99,0.0,False,True
CPIYOY-23APR,CPIYOY-23APR-T3.7,3.7,14d,2023-04-26,2023-04-22,4.0,0.99,0.02,0.0,False,False
CPIYOY-23APR,CPIYOY-23APR-T3.7,3.7,7d,2023-05-03,2023-05-02,1.0,0.995,0.01,0.0,False,False
CPIYOY-23APR,CPIYOY-23APR-T3.7,3.7,3d,2023-05-07,2023-05-02,5.0,0.995,0.01,0.0,False,False
CPIYOY-23APR,CPIYOY-23APR-T3.7,3.7,1d,2023-05-09,2023-05-02,7.0,0.995,0.01,0.0,False,False
CPIYOY-23APR,CPIYOY-23APR-T3.7,3.7,final,2023-05-10,2023-05-02,8.0,0.995,0.01,0.0,False,False
CPIYOY-23APR,CPIYOY-23APR-T3.6,3.6,21d,2023-04-19,2023-04-15,4.0,0.985,0.03,0.0,False,False
CPIYOY-23APR,CPIYOY-23APR-T3.6,3.6,14d,2023-04-26,2023-04-22,4.0,0.99,0.02,0.0,False,False
CPIYOY-23APR,CPIYOY-23APR-T3.6,3.6,7d,2023-05-03,2023-05-02,1.0,0.995,0.01,0.0,False,False
CPIYOY-23APR,CPIYOY-23APR-T3.6,3.6,3d,2023-05-07,2023-05-02,5.0,0.995,0.01,0.0,False,False
CPIYOY-23APR,CPIYOY-23APR-T3.6,3.6,1d,2023-05-09,2023-05-02,7.0,0.995,0.01,0.0,False,False
CPIYOY-23APR,CPIYOY-23APR-T3.6,3.6,final,2023-05-10,2023-05-02,8.0,0.995,0.01,0.0,False,False
CPIYOY-23APR,CPIYOY-23APR-T3.5,3.5,21d,2023-04-19,2023-03-31,19.0,0.505,0.99,0.0,False,True
CPIYOY-23APR,CPIYOY-23APR-T3.5,3.5,14d,2023-04-26,2023-04-22,4.0,0.995,0.01,0.0,False,False
CPIYOY-23APR,CPIYOY-23APR-T3.5,3.5,7d,2023-05-03,2023-04-22,11.0,0.995,0.01,0.0,False,False
CPIYOY-23APR,CPIYOY-23APR-T3.5,3.5,3d,2023-05-07,2023-04-22,15.0,0.995,0.01,0.0,False,True
CPIYOY-23APR,CPIYOY-23APR-T3.5,3.5,1d,2023-05-09,2023-04-22,17.0,0.995,0.01,0.0,False,True
CPIYOY-23APR,CPIYOY-23APR-T3.5,3.5,final,2023-05-10,2023-04-22,18.0,0.995,0.01,0.0,False,True
CPIYOY-23APR,CPIYOY-23APR-T3.4,3.4,21d,2023-04-19,2023-03-31,19.0,0.51,0.98,0.0,False,True
CPIYOY-23APR,CPIYOY-23APR-T3.4,3.4,14d,2023-04-26,2023-04-20,6.0,0.995,0.01,0.0,False,False
CPIYOY-23APR,CPIYOY-23APR-T3.4,3.4,7d,2023-05-03,2023-04-20,13.0,0.995,0.01,0.0,False,False
CPIYOY-23APR,CPIYOY-23APR-T3.4,3.4,3d,2023-05-07,2023-04-20,17.0,0.995,0.01,0.0,False,True
CPIYOY-23APR,CPIYOY-23APR-T3.4,3.4,1d,2023-05-09,2023-04-20,19.0,0.995,0.01,0.0,False,True
CPIYOY-23APR,CPIYOY-23APR-T3.4,3.4,final,2023-05-10,2023-04-20,20.0,0.995,0.01,0.0,False,True
CPIYOY-23MAR,CPIYOY-23MAR-T6.5,6.5,21d,2023-03-22,2023-03-16,6.0,0.495,0.99,0.0,False,False
CPIYOY-23MAR,CPIYOY-23MAR-T6.5,6.5,14d,2023-03-29,2023-03-24,5.0,0.04,0.08,0.0,False,False
CPIYOY-23MAR,CPIYOY-23MAR-T6.5,6.5,7d,2023-04-05,2023-03-24,12.0,0.04,0.08,0.0,False,False
CPIYOY-23MAR,CPIYOY-23MAR-T6.5,6.5,3d,2023-04-09,2023-04-08,1.0,0.005,0.01,0.0,False,False
CPIYOY-23MAR,CPIYOY-23MAR-T6.5,6.5,1d,2023-04-11,2023-04-08,3.0,0.005,0.01,0.0,False,False
CPIYOY-23MAR,CPIYOY-23MAR-T6.5,6.5,final,2023-04-12,2023-04-08,4.0,0.005,0.01,0.0,False,False
CPIYOY-23MAR,CPIYOY-23MAR-T6.4,6.4,21d,2023-03-22,2023-03-16,6.0,0.495,0.99,0.0,False,False
CPIYOY-23MAR,CPIYOY-23MAR-T6.4,6.4,14d,2023-03-29,2023-03-16,13.0,0.495,0.99,0.0,False,False
CPIYOY-23MAR,CPIYOY-23MAR-T6.4,6.4,7d,2023-04-05,2023-03-31,5.0,0.125,0.25,0.0,False,False
CPIYOY-23MAR,CPIYOY-23MAR-T6.4,6.4,3d,2023-04-09,2023-04-08,1.0,0.005,0.01,0.0,False,False
CPIYOY-23MAR,CPIYOY-23MAR-T6.4,6.4,1d,2023-04-11,2023-04-08,3.0,0.005,0.01,0.0,False,False
CPIYOY-23MAR,CPIYOY-23MAR-T6.4,6.4,final,2023-04-12,2023-04-08,4.0,0.005,0.01,0.0,False,False
CPIYOY-23MAR,CPIYOY-23MAR-T6.3,6.3,21d,2023-03-22,2023-03-16,6.0,0.495,0.99,0.0,False,False
CPIYOY-23MAR,CPIYOY-23MAR-T6.3,6.3,14d,2023-03-29,2023-03-16,13.0,0.495,0.99,0.0,False,False
CPIYOY-23MAR,CPIYOY-23MAR-T6.3,6.3,7d,2023-04-05,2023-03-31,5.0,0.075,0.15,0.0,False,False
CPIYOY-23MAR,CPIYOY-23MAR-T6.3,6.3,3d,2023-04-09,2023-04-08,1.0,0.005,0.01,0.0,False,False
CPIYOY-23MAR,CPIYOY-23MAR-T6.3,6.3,1d,2023-04-11,2023-04-08,3.0,0.005,0.01,0.0,False,False
CPIYOY-23MAR,CPIYOY-23MAR-T6.3,6.3,final,2023-04-12,2023-04-08,4.0,0.005,0.01,0.0,False,False
CPIYOY-23MAR,CPIYOY-23MAR-T6.2,6.2,21d,2023-03-22,2023-03-16,6.0,0.495,0.99,0.0,False,False
CPIYOY-23MAR,CPIYOY-23MAR-T6.2,6.2,14d,2023-03-29,2023-03-16,13.0,0.495,0.99,0.0,False,False
CPIYOY-23MAR,CPIYOY-23MAR-T6.2,6.2,7d,2023-04-05,2023-03-16,20.0,0.495,0.99,0.0,False,True
CPIYOY-23MAR,CPIYOY-23MAR-T6.2,6.2,3d,2023-04-09,2023-04-08,1.0,0.005,0.01,0.0,False,False
CPIYOY-23MAR,CPIYOY-23MAR-T6.2,6.2,1d,2023-04-11,2023-04-08,3.0,0.005,0.01,0.0,False,False
CPIYOY-23MAR,CPIYOY-23MAR-T6.2,6.2,final,2023-04-12,2023-04-08,4.0,0.005,0.01,0.0,False,False
CPIYOY-23MAR,CPIYOY-23MAR-T6.1,6.1,21d,2023-03-22,2023-03-16,6.0,0.495,0.99,0.0,False,False
CPIYOY-23MAR,CPIYOY-23MAR-T6.1,6.1,14d,2023-03-29,2023-03-29,0.0,0.015,0.03,0.0,False,False
CPIYOY-23MAR,CPIYOY-23MAR-T6.1,6.1,7d,2023-04-05,2023-03-29,7.0,0.015,0.03,0.0,False,False
CPIYOY-23MAR,CPIYOY-23MAR-T6.1,6.1,3d,2023-04-09,2023-04-08,1.0,0.005,0.01,0.0,False,False
CPIYOY-23MAR,CPIYOY-23MAR-T6.1,6.1,1d,2023-04-11,2023-04-08,3.0,0.005,0.01,0.0,False,False
CPIYOY-23MAR,CPIYOY-23MAR-T6.1,6.1,final,2023-04-12,2023-04-08,4.0,0.005,0.01,0.0,False,False
CPIYOY-23MAR,CPIYOY-23MAR-T6.0,6.0,21d,2023-03-22,2023-03-16,6.0,0.495,0.99,0.0,False,False
CPIYOY-23MAR,CPIYOY-23MAR-T6.0,6.0,14d,2023-03-29,2023-03-28,1.0,0.015,0.03,0.0,False,False
CPIYOY-23MAR,CPIYOY-23MAR-T6.0,6.0,7d,2023-04-05,2023-03-28,8.0,0.015,0.03,0.0,False,False
CPIYOY-23MAR,CPIYOY-23MAR-T6.0,6.0,3d,2023-04-09,2023-04-08,1.0,0.005,0.01,0.0,False,False
CPIYOY-23MAR,CPIYOY-23MAR-T6.0,6.0,1d,2023-04-11,2023-04-08,3.0,0.005,0.01,0.0,False,False
CPIYOY-23MAR,CPIYOY-23MAR-T6.0,6.0,final,2023-04-12,2023-04-08,4.0,0.005,0.01,0.0,False,False
CPIYOY-23MAR,CPIYOY-23MAR-T5.9,5.9,21d,2023-03-22,2023-03-15,7.0,0.06,0.12,0.0,False,False
CPIYOY-23MAR,CPIYOY-23MAR-T5.9,5.9,14d,2023-03-29,2023-03-28,1.0,0.015,0.03,0.0,False,False
CPIYOY-23MAR,CPIYOY-23MAR-T5.9,5.9,7d,2023-04-05,2023-03-28,8.0,0.015,0.03,0.0,False,False
CPIYOY-23MAR,CPIYOY-23MAR-T5.9,5.9,3d,2023-04-09,2023-04-08,1.0,0.01,0.02,0.0,False,False
CPIYOY-23MAR,CPIYOY-23MAR-T5.9,5.9,1d,2023-04-11,2023-04-08,3.0,0.01,0.02,0.0,False,False
CPIYOY-23MAR,CPIYOY-23MAR-T5.9,5.9,final,2023-04-12,2023-04-08,4.0,0.01,0.02,0.0,False,False
CPIYOY-23MAR,CPIYOY-23MAR-T5.8,5.8,21d,2023-03-22,2023-03-15,7.0,0.495,0.99,0.0,False,False
CPIYOY-23MAR,CPIYOY-23MAR-T5.8,5.8,14d,2023-03-29,2023-03-28,1.0,0.015,0.03,0.0,False,False
CPIYOY-23MAR,CPIYOY-23MAR-T5.8,5.8,7d,2023-04-05,2023-03-28,8.0,0.015,0.03,0.0,False,False
CPIYOY-23MAR,CPIYOY-23MAR-T5.8,5.8,3d,2023-04-09,2023-04-08,1.0,0.01,0.02,0.0,False,False
CPIYOY-23MAR,CPIYOY-23MAR-T5.8,5.8,1d,2023-04-11,2023-04-08,3.0,0.01,0.02,0.0,False,False
CPIYOY-23MAR,CPIYOY-23MAR-T5.8,5.8,final,2023-04-12,2023-04-08,4.0,0.01,0.02,0.0,False,False
CPIYOY-23MAR,CPIYOY-23MAR-T5.7,5.7,21d,2023-03-22,2023-03-22,0.0,0.02,0.02,0.0,False,False
CPIYOY-23MAR,CPIYOY-23MAR-T5.7,5.7,14d,2023-03-29,2023-03-28,1.0,0.01,0.02,150.0,False,False
CPIYOY-23MAR,CPIYOY-23MAR-T5.7,5.7,7d,2023-04-05,2023-03-31,5.0,0.01,0.02,10.0,False,False
CPIYOY-23MAR,CPIYOY-23MAR-T5.7,5.7,3d,2023-04-09,2023-03-31,9.0,0.01,0.02,10.0,False,False
CPIYOY-23MAR,CPIYOY-23MAR-T5.7,5.7,1d,2023-04-11,2023-03-31,11.0,0.01,0.02,10.0,False,False
CPIYOY-23MAR,CPIYOY-23MAR-T5.7,5.7,final,2023-04-12,2023-03-31,12.0,0.01,0.02,10.0,False,False
CPIYOY-23MAR,CPIYOY-23MAR-T5.6,5.6,21d,2023-03-22,2023-03-22,0.0,0.035,0.03,0.0,False,False
CPIYOY-23MAR,CPIYOY-23MAR-T5.6,5.6,14d,2023-03-29,2023-03-27,2.0,0.02,0.04,215.0,False,False
CPIYOY-23MAR,CPIYOY-23MAR-T5.6,5.6,7d,2023-04-05,2023-03-27,9.0,0.02,0.04,215.0,False,False
CPIYOY-23MAR,CPIYOY-23MAR-T5.6,5.6,3d,2023-04-09,2023-04-06,3.0,0.015,0.03,0.0,False,False
CPIYOY-23MAR,CPIYOY-23MAR-T5.6,5.6,1d,2023-04-11,2023-04-06,5.0,0.015,0.03,0.0,False,False
CPIYOY-23MAR,CPIYOY-23MAR-T5.6,5.6,final,2023-04-12,2023-04-06,6.0,0.015,0.03,0.0,False,False
CPIYOY-23MAR,CPIYOY-23MAR-T5.5,5.5,21d,2023-03-22,2023-03-22,0.0,0.075,0.03,0.0,False,False
CPIYOY-23MAR,CPIYOY-23MAR-T5.5,5.5,14d,2023-03-29,2023-03-29,0.0,0.015,0.03,0.0,False,False
CPIYOY-23MAR,CPIYOY-23MAR-T5.5,5.5,7d,2023-04-05,2023-03-31,5.0,0.015,0.03,0.0,False,False
CPIYOY-23MAR,CPIYOY-23MAR-T5.5,5.5,3d,2023-04-09,2023-04-09,0.0,0.01,0.02,0.0,False,False
CPIYOY-23MAR,CPIYOY-23MAR-T5.5,5.5,1d,2023-04-11,2023-04-10,1.0,0.01,0.02,0.0,False,False
CPIYOY-23MAR,CPIYOY-23MAR-T5.5,5.5,final,2023-04-12,2023-04-10,2.0,0.01,0.02,0.0,False,False
CPIYOY-23MAR,CPIYOY-23MAR-T5.4,5.4,21d,2023-03-22,2023-03-22,0.0,0.16,0.02,0.0,False,False
CPIYOY-23MAR,CPIYOY-23MAR-T5.4,5.4,14d,2023-03-29,2023-03-29,0.0,0.045,0.05,600.0,False,False
CPIYOY-23MAR,CPIYOY-23MAR-T5.4,5.4,7d,2023-04-05,2023-04-01,4.0,0.03,0.04,10.0,False,False
CPIYOY-23MAR,CPIYOY-23MAR-T5.4,5.4,3d,2023-04-09,2023-04-09,0.0,0.015,0.03,66.0,False,False
CPIYOY-23MAR,CPIYOY-23MAR-T5.4,5.4,1d,2023-04-11,2023-04-09,2.0,0.015,0.03,66.0,False,False
CPIYOY-23MAR,CPIYOY-23MAR-T5.4,5.4,final,2023-04-12,2023-04-09,3.0,0.015,0.03,66.0,False,False
CPIYOY-23MAR,CPIYOY-23MAR-T5.3,5.3,21d,2023-03-22,2023-03-22,0.0,0.295,0.03,0.0,False,False
CPIYOY-23MAR,CPIYOY-23MAR-T5.3,5.3,14d,2023-03-29,2023-03-29,0.0,0.085,0.05,1760.0,False,False
CPIYOY-23MAR,CPIYOY-23MAR-T5.3,5.3,7d,2023-04-05,2023-04-05,0.0,0.07,0.04,20.0,False,False
CPIYOY-23MAR,CPIYOY-23MAR-T5.3,5.3,3d,2023-04-09,2023-04-09,0.0,0.065,0.03,0.0,False,False
CPIYOY-23MAR,CPIYOY-23MAR-T5.3,5.3,1d,2023-04-11,2023-04-11,0.0,0.05,0.04,620.0,False,False
CPIYOY-23MAR,CPIYOY-23MAR-T5.3,5.3,final,2023-04-12,2023-04-11,1.0,0.05,0.04,620.0,False,False
CPIYOY-23MAR,CPIYOY-23MAR-T5.2,5.2,21d,2023-03-22,2023-03-22,0.0,0.42,0.02,0.0,False,False
CPIYOY-23MAR,CPIYOY-23MAR-T5.2,5.2,14d,2023-03-29,2023-03-29,0.0,0.195,0.07,800.0,False,False
CPIYOY-23MAR,CPIYOY-23MAR-T5.2,5.2,7d,2023-04-05,2023-04-04,1.0,0.25,0.06,0.0,False,False
CPIYOY-23MAR,CPIYOY-23MAR-T5.2,5.2,3d,2023-04-09,2023-04-09,0.0,0.225,0.03,280.0,False,False
CPIYOY-23MAR,CPIYOY-23MAR-T5.2,5.2,1d,2023-04-11,2023-04-11,0.0,0.16,0.06,0.0,False,False
CPIYOY-23MAR,CPIYOY-23MAR-T5.2,5.2,final,2023-04-12,2023-04-11,1.0,0.16,0.06,0.0,False,False
CPIYOY-23MAR,CPIYOY-23MAR-T5.1,5.1,21d,2023-03-22,2023-03-22,0.0,0.61,0.04,0.0,False,False
CPIYOY-23MAR,CPIYOY-23MAR-T5.1,5.1,14d,2023-03-29,2023-03-29,0.0,0.54,0.06,0.0,False,False
CPIYOY-23MAR,CPIYOY-23MAR-T5.1,5.1,7d,2023-04-05,2023-04-04,1.0,0.605,0.07,0.0,False,False
CPIYOY-23MAR,CPIYOY-23MAR-T5.1,5.1,3d,2023-04-09,2023-04-09,0.0,0.65,0.06,21.0,False,False
CPIYOY-23MAR,CPIYOY-23MAR-T5.1,5.1,1d,2023-04-11,2023-04-11,0.0,0.56,0.06,2699.0,False,False
CPIYOY-23MAR,CPIYOY-23MAR-T5.1,5.1,final,2023-04-12,2023-04-11,1.0,0.56,0.06,2699.0,False,False
CPIYOY-23MAR,CPIYOY-23MAR-T5.0,5.0,21d,2023-03-22,2023-03-22,0.0,0.7,0.04,0.0,False,False
CPIYOY-23MAR,CPIYOY-23MAR-T5.0,5.0,14d,2023-03-29,2023-03-29,0.0,0.71,0.06,0.0,False,False
CPIYOY-23MAR,CPIYOY-23MAR-T5.0,5.0,7d,2023-04-05,2023-04-04,1.0,0.795,0.07,0.0,False,False
CPIYOY-23MAR,CPIYOY-23MAR-T5.0,5.0,3d,2023-04-09,2023-04-09,0.0,0.89,0.06,0.0,False,False
CPIYOY-23MAR,CPIYOY-23MAR-T5.0,5.0,1d,2023-04-11,2023-04-11,0.0,0.875,0.01,390.0,False,False
CPIYOY-23MAR,CPIYOY-23MAR-T5.0,5.0,final,2023-04-12,2023-04-11,1.0,0.875,0.01,390.0,False,False
CPIYOY-23MAR,CPIYOY-23MAR-T4.9,4.9,21d,2023-03-22,2023-03-22,0.0,0.805,0.03,0.0,False,False
CPIYOY-23MAR,CPIYOY-23MAR-T4.9,4.9,14d,2023-03-29,2023-03-29,0.0,0.88,0.04,0.0,False,False
CPIYOY-23MAR,CPIYOY-23MAR-T4.9,4.9,7d,2023-04-05,2023-04-04,1.0,0.91,0.06,0.0,False,False
CPIYOY-23MAR,CPIYOY-23MAR-T4.9,4.9,3d,2023-04-09,2023-04-08,1.0,0.97,0.04,560.0,False,False
CPIYOY-23MAR,CPIYOY-23MAR-T4.9,4.9,1d,2023-04-11,2023-04-11,0.0,0.97,0.04,0.0,False,False
CPIYOY-23MAR,CPIYOY-23MAR-T4.9,4.9,final,2023-04-12,2023-04-11,1.0,0.97,0.04,0.0,False,False
CPIYOY-23MAR,CPIYOY-23MAR-T4.8,4.8,21d,2023-03-22,2023-03-22,0.0,0.875,0.03,0.0,False,False
CPIYOY-23MAR,CPIYOY-23MAR-T4.8,4.8,14d,2023-03-29,2023-03-29,0.0,0.96,0.04,0.0,False,False
CPIYOY-23MAR,CPIYOY-23MAR-T4.8,4.8,7d,2023-04-05,2023-04-01,4.0,0.975,0.05,0.0,False,False
CPIYOY-23MAR,CPIYOY-23MAR-T4.8,4.8,3d,2023-04-09,2023-04-09,0.0,0.985,0.03,0.0,False,False
CPIYOY-23MAR,CPIYOY-23MAR-T4.8,4.8,1d,2023-04-11,2023-04-10,1.0,0.98,0.04,0.0,False,False
CPIYOY-23MAR,CPIYOY-23MAR-T4.8,4.8,final,2023-04-12,2023-04-10,2.0,0.98,0.04,0.0,False,False
CPIYOY-23MAR,CPIYOY-23MAR-T4.7,4.7,21d,2023-03-22,2023-03-15,7.0,0.505,0.99,0.0,False,False
CPIYOY-23MAR,CPIYOY-23MAR-T4.7,4.7,14d,2023-03-29,2023-03-15,14.0,0.505,0.99,0.0,False,False
CPIYOY-23MAR,CPIYOY-23MAR-T4.7,4.7,7d,2023-04-05,2023-03-15,21.0,0.505,0.99,0.0,False,True
CPIYOY-23MAR,CPIYOY-23MAR-T4.7,4.7,3d,2023-04-09,2023-03-15,25.0,0.505,0.99,0.0,False,True
CPIYOY-23MAR,CPIYOY-23MAR-T4.7,4.7,1d,2023-04-11,2023-03-15,27.0,0.505,0.99,0.0,False,True
CPIYOY-23MAR,CPIYOY-23MAR-T4.7,4.7,final,2023-04-12,2023-03-15,28.0,0.505,0.99,0.0,False,True
CPIYOY-23MAR,CPIYOY-23MAR-T4.6,4.6,21d,2023-03-22,2023-03-15,7.0,0.505,0.99,0.0,False,False
CPIYOY-23MAR,CPIYOY-23MAR-T4.6,4.6,14d,2023-03-29,2023-03-15,14.0,0.505,0.99,0.0,False,False
CPIYOY-23MAR,CPIYOY-23MAR-T4.6,4.6,7d,2023-04-05,2023-03-15,21.0,0.505,0.99,0.0,False,True
CPIYOY-23MAR,CPIYOY-23MAR-T4.6,4.6,3d,2023-04-09,2023-03-15,25.0,0.505,0.99,0.0,False,True
CPIYOY-23MAR,CPIYOY-23MAR-T4.6,4.6,1d,2023-04-11,2023-03-15,27.0,0.505,0.99,0.0,False,True
CPIYOY-23MAR,CPIYOY-23MAR-T4.6,4.6,final,2023-04-12,2023-03-15,28.0,0.505,0.99,0.0,False,True
CPIYOY-23MAR,CPIYOY-23MAR-T4.5,4.5,21d,2023-03-22,2023-03-22,0.0,0.505,0.99,0.0,False,False
CPIYOY-23MAR,CPIYOY-23MAR-T4.5,4.5,14d,2023-03-29,2023-03-22,7.0,0.505,0.99,0.0,False,False
CPIYOY-23MAR,CPIYOY-23MAR-T4.5,4.5,7d,2023-04-05,2023-03-22,14.0,0.505,0.99,0.0,False,False
CPIYOY-23MAR,CPIYOY-23MAR-T4.5,4.5,3d,2023-04-09,2023-03-22,18.0,0.505,0.99,0.0,False,True
CPIYOY-23MAR,CPIYOY-23MAR-T4.5,4.5,1d,2023-04-11,2023-03-22,20.0,0.505,0.99,0.0,False,True
CPIYOY-23MAR,CPIYOY-23MAR-T4.5,4.5,final,2023-04-12,2023-03-22,21.0,0.505,0.99,0.0,False,True
CPIYOY-23MAR,CPIYOY-23MAR-T4.4,4.4,21d,2023-03-22,2023-03-15,7.0,0.505,0.99,0.0,False,False
CPIYOY-23MAR,CPIYOY-23MAR-T4.4,4.4,14d,2023-03-29,2023-03-15,14.0,0.505,0.99,0.0,False,False
CPIYOY-23MAR,CPIYOY-23MAR-T4.4,4.4,7d,2023-04-05,2023-03-15,21.0,0.505,0.99,0.0,False,True
CPIYOY-23MAR,CPIYOY-23MAR-T4.4,4.4,3d,2023-04-09,2023-03-15,25.0,0.505,0.99,0.0,False,True
CPIYOY-23MAR,CPIYOY-23MAR-T4.4,4.4,1d,2023-04-11,2023-03-15,27.0,0.505,0.99,0.0,False,True
CPIYOY-23MAR,CPIYOY-23MAR-T4.4,4.4,final,2023-04-12,2023-03-15,28.0,0.505,0.99,0.0,False,True
CPIYOY-23MAR,CPIYOY-23MAR-T4.3,4.3,21d,2023-03-22,2023-03-15,7.0,0.505,0.99,0.0,False,False
CPIYOY-23MAR,CPIYOY-23MAR-T4.3,4.3,14d,2023-03-29,2023-03-15,14.0,0.505,0.99,0.0,False,False
CPIYOY-23MAR,CPIYOY-23MAR-T4.3,4.3,7d,2023-04-05,2023-03-15,21.0,0.505,0.99,0.0,False,True
CPIYOY-23MAR,CPIYOY-23MAR-T4.3,4.3,3d,2023-04-09,2023-03-15,25.0,0.505,0.99,0.0,False,True
CPIYOY-23MAR,CPIYOY-23MAR-T4.3,4.3,1d,2023-04-11,2023-03-15,27.0,0.505,0.99,0.0,False,True
CPIYOY-23MAR,CPIYOY-23MAR-T4.3,4.3,final,2023-04-12,2023-03-15,28.0,0.505,0.99,0.0,False,True
CPIYOY-23MAR,CPIYOY-23MAR-T4.2,4.2,21d,2023-03-22,2023-03-15,7.0,0.505,0.99,0.0,False,False
CPIYOY-23MAR,CPIYOY-23MAR-T4.2,4.2,14d,2023-03-29,2023-03-15,14.0,0.505,0.99,0.0,False,False
CPIYOY-23MAR,CPIYOY-23MAR-T4.2,4.2,7d,2023-04-05,2023-03-15,21.0,0.505,0.99,0.0,False,True
CPIYOY-23MAR,CPIYOY-23MAR-T4.2,4.2,3d,2023-04-09,2023-03-15,25.0,0.505,0.99,0.0,False,True
CPIYOY-23MAR,CPIYOY-23MAR-T4.2,4.2,1d,2023-04-11,2023-03-15,27.0,0.505,0.99,0.0,False,True
CPIYOY-23MAR,CPIYOY-23MAR-T4.2,4.2,final,2023-04-12,2023-03-15,28.0,0.505,0.99,0.0,False,True
CPIYOY-23MAR,CPIYOY-23MAR-T4.1,4.099999,21d,2023-03-22,2023-03-15,7.0,0.505,0.99,0.0,False,False
CPIYOY-23MAR,CPIYOY-23MAR-T4.1,4.099999,14d,2023-03-29,2023-03-15,14.0,0.505,0.99,0.0,False,False
CPIYOY-23MAR,CPIYOY-23MAR-T4.1,4.099999,7d,2023-04-05,2023-03-15,21.0,0.505,0.99,0.0,False,True
CPIYOY-23MAR,CPIYOY-23MAR-T4.1,4.099999,3d,2023-04-09,2023-03-15,25.0,0.505,0.99,0.0,False,True
CPIYOY-23MAR,CPIYOY-23MAR-T4.1,4.099999,1d,2023-04-11,2023-03-15,27.0,0.505,0.99,0.0,False,True
CPIYOY-23MAR,CPIYOY-23MAR-T4.1,4.099999,final,2023-04-12,2023-03-15,28.0,0.505,0.99,0.0,False,True
CPIYOY-23MAR,CPIYOY-23MAR-T4.0,4.0,21d,2023-03-22,2023-03-15,7.0,0.505,0.99,0.0,False,False
CPIYOY-23MAR,CPIYOY-23MAR-T4.0,4.0,14d,2023-03-29,2023-03-15,14.0,0.505,0.99,0.0,False,False
CPIYOY-23MAR,CPIYOY-23MAR-T4.0,4.0,7d,2023-04-05,2023-03-15,21.0,0.505,0.99,0.0,False,True
CPIYOY-23MAR,CPIYOY-23MAR-T4.0,4.0,3d,2023-04-09,2023-03-15,25.0,0.505,0.99,0.0,False,True
CPIYOY-23MAR,CPIYOY-23MAR-T4.0,4.0,1d,2023-04-11,2023-03-15,27.0,0.505,0.99,0.0,False,True
CPIYOY-23MAR,CPIYOY-23MAR-T4.0,4.0,final,2023-04-12,2023-03-15,28.0,0.505,0.99,0.0,False,True
CPIYOY-23MAR,CPIYOY-23MAR-T3.9,3.9,21d,2023-03-22,2023-03-15,7.0,0.505,0.99,0.0,False,False
CPIYOY-23MAR,CPIYOY-23MAR-T3.9,3.9,14d,2023-03-29,2023-03-15,14.0,0.505,0.99,0.0,False,False
CPIYOY-23MAR,CPIYOY-23MAR-T3.9,3.9,7d,2023-04-05,2023-03-15,21.0,0.505,0.99,0.0,False,True
CPIYOY-23MAR,CPIYOY-23MAR-T3.9,3.9,3d,2023-04-09,2023-03-15,25.0,0.505,0.99,0.0,False,True
CPIYOY-23MAR,CPIYOY-23MAR-T3.9,3.9,1d,2023-04-11,2023-03-15,27.0,0.505,0.99,0.0,False,True
CPIYOY-23MAR,CPIYOY-23MAR-T3.9,3.9,final,2023-04-12,2023-03-15,28.0,0.505,0.99,0.0,False,True
CPIYOY-23MAR,CPIYOY-23MAR-T3.8,3.8,21d,2023-03-22,2023-03-15,7.0,0.505,0.99,0.0,False,False
CPIYOY-23MAR,CPIYOY-23MAR-T3.8,3.8,14d,2023-03-29,2023-03-15,14.0,0.505,0.99,0.0,False,False
CPIYOY-23MAR,CPIYOY-23MAR-T3.8,3.8,7d,2023-04-05,2023-03-15,21.0,0.505,0.99,0.0,False,True
CPIYOY-23MAR,CPIYOY-23MAR-T3.8,3.8,3d,2023-04-09,2023-03-15,25.0,0.505,0.99,0.0,False,True
CPIYOY-23MAR,CPIYOY-23MAR-T3.8,3.8,1d,2023-04-11,2023-03-15,27.0,0.505,0.99,0.0,False,True
CPIYOY-23MAR,CPIYOY-23MAR-T3.8,3.8,final,2023-04-12,2023-03-15,28.0,0.505,0.99,0.0,False,True
CPIYOY-23MAR,CPIYOY-23MAR-T3.7,3.7,21d,2023-03-22,2023-03-15,7.0,0.505,0.99,0.0,False,False
CPIYOY-23MAR,CPIYOY-23MAR-T3.7,3.7,14d,2023-03-29,2023-03-15,14.0,0.505,0.99,0.0,False,False
CPIYOY-23MAR,CPIYOY-23MAR-T3.7,3.7,7d,2023-04-05,2023-03-15,21.0,0.505,0.99,0.0,False,True
CPIYOY-23MAR,CPIYOY-23MAR-T3.7,3.7,3d,2023-04-09,2023-03-15,25.0,0.505,0.99,0.0,False,True
CPIYOY-23MAR,CPIYOY-23MAR-T3.7,3.7,1d,2023-04-11,2023-03-15,27.0,0.505,0.99,0.0,False,True
CPIYOY-23MAR,CPIYOY-23MAR-T3.7,3.7,final,2023-04-12,2023-03-15,28.0,0.505,0.99,0.0,False,True
CPIYOY-23MAR,CPIYOY-23MAR-T3.6,3.6,21d,2023-03-22,2023-03-15,7.0,0.505,0.99,0.0,False,False
CPIYOY-23MAR,CPIYOY-23MAR-T3.6,3.6,14d,2023-03-29,2023-03-15,14.0,0.505,0.99,0.0,False,False
CPIYOY-23MAR,CPIYOY-23MAR-T3.6,3.6,7d,2023-04-05,2023-03-15,21.0,0.505,0.99,0.0,False,True
CPIYOY-23MAR,CPIYOY-23MAR-T3.6,3.6,3d,2023-04-09,2023-03-15,25.0,0.505,0.99,0.0,False,True
CPIYOY-23MAR,CPIYOY-23MAR-T3.6,3.6,1d,2023-04-11,2023-03-15,27.0,0.505,0.99,0.0,False,True
CPIYOY-23MAR,CPIYOY-23MAR-T3.6,3.6,final,2023-04-12,2023-03-15,28.0,0.505,0.99,0.0,False,True
CPIYOY-23MAR,CPIYOY-23MAR-T3.5,3.5,21d,2023-03-22,2023-03-15,7.0,0.505,0.99,0.0,False,False
CPIYOY-23MAR,CPIYOY-23MAR-T3.5,3.5,14d,2023-03-29,2023-03-15,14.0,0.505,0.99,0.0,False,False
CPIYOY-23MAR,CPIYOY-23MAR-T3.5,3.5,7d,2023-04-05,2023-03-15,21.0,0.505,0.99,0.0,False,True
CPIYOY-23MAR,CPIYOY-23MAR-T3.5,3.5,3d,2023-04-09,2023-03-15,25.0,0.505,0.99,0.0,False,True
CPIYOY-23MAR,CPIYOY-23MAR-T3.5,3.5,1d,2023-04-11,2023-03-15,27.0,0.505,0.99,0.0,False,True
CPIYOY-23MAR,CPIYOY-23MAR-T3.5,3.5,final,2023-04-12,2023-03-15,28.0,0.505,0.99,0.0,False,True
CPIYOY-23MAR,CPIYOY-23MAR-T3.4,3.4,21d,2023-03-22,2023-03-15,7.0,0.8,0.4,0.0,False,False
CPIYOY-23MAR,CPIYOY-23MAR-T3.4,3.4,14d,2023-03-29,2023-03-15,14.0,0.8,0.4,0.0,False,False
CPIYOY-23MAR,CPIYOY-23MAR-T3.4,3.4,7d,2023-04-05,2023-03-15,21.0,0.8,0.4,0.0,False,True
CPIYOY-23MAR,CPIYOY-23MAR-T3.4,3.4,3d,2023-04-09,2023-03-15,25.0,0.8,0.4,0.0,False,True
CPIYOY-23MAR,CPIYOY-23MAR-T3.4,3.4,1d,2023-04-11,2023-03-15,27.0,0.8,0.4,0.0,False,True
CPIYOY-23MAR,CPIYOY-23MAR-T3.4,3.4,final,2023-04-12,2023-03-15,28.0,0.8,0.4,0.0,False,True
CPIYOY-23FEB,CPIYOY-23FEB-T6.5,6.5,21d,2023-02-21,,,,,,True,False
CPIYOY-23FEB,CPIYOY-23FEB-T6.5,6.5,14d,2023-02-28,2023-02-28,0.0,0.3,0.6,0.0,False,False
CPIYOY-23FEB,CPIYOY-23FEB-T6.5,6.5,7d,2023-03-07,2023-03-01,6.0,0.1,0.2,0.0,False,False
CPIYOY-23FEB,CPIYOY-23FEB-T6.5,6.5,3d,2023-03-11,2023-03-09,2.0,0.02,0.04,0.0,False,False
CPIYOY-23FEB,CPIYOY-23FEB-T6.5,6.5,1d,2023-03-13,2023-03-09,4.0,0.02,0.04,0.0,False,False
CPIYOY-23FEB,CPIYOY-23FEB-T6.5,6.5,final,2023-03-14,2023-03-09,5.0,0.02,0.04,0.0,False,False
CPIYOY-23FEB,CPIYOY-23FEB-T6.4,6.4,21d,2023-02-21,,,,,,True,False
CPIYOY-23FEB,CPIYOY-23FEB-T6.4,6.4,14d,2023-02-28,2023-02-28,0.0,0.3,0.6,0.0,False,False
CPIYOY-23FEB,CPIYOY-23FEB-T6.4,6.4,7d,2023-03-07,2023-02-28,7.0,0.3,0.6,0.0,False,False
CPIYOY-23FEB,CPIYOY-23FEB-T6.4,6.4,3d,2023-03-11,2023-03-09,2.0,0.025,0.05,0.0,False,False
CPIYOY-23FEB,CPIYOY-23FEB-T6.4,6.4,1d,2023-03-13,2023-03-09,4.0,0.025,0.05,0.0,False,False
CPIYOY-23FEB,CPIYOY-23FEB-T6.4,6.4,final,2023-03-14,2023-03-09,5.0,0.025,0.05,0.0,False,False
CPIYOY-23FEB,CPIYOY-23FEB-T6.3,6.3,21d,2023-02-21,,,,,,True,False
CPIYOY-23FEB,CPIYOY-23FEB-T6.3,6.3,14d,2023-02-28,2023-02-27,1.0,0.075,0.03,2850.0,False,False
CPIYOY-23FEB,CPIYOY-23FEB-T6.3,6.3,7d,2023-03-07,2023-03-06,1.0,0.035,0.03,0.0,False,False
CPIYOY-23FEB,CPIYOY-23FEB-T6.3,6.3,3d,2023-03-11,2023-03-11,0.0,0.035,0.03,4272.0,False,False
CPIYOY-23FEB,CPIYOY-23FEB-T6.3,6.3,1d,2023-03-13,2023-03-12,1.0,0.03,0.02,150.0,False,False
CPIYOY-23FEB,CPIYOY-23FEB-T6.3,6.3,final,2023-03-14,2023-03-12,2.0,0.03,0.02,150.0,False,False
CPIYOY-23FEB,CPIYOY-23FEB-T6.2,6.2,21d,2023-02-21,,,,,,True,False
CPIYOY-23FEB,CPIYOY-23FEB-T6.2,6.2,14d,2023-02-28,2023-02-28,0.0,0.21,0.02,0.0,False,False
CPIYOY-23FEB,CPIYOY-23FEB-T6.2,6.2,7d,2023-03-07,2023-03-07,0.0,0.17,0.04,0.0,False,False
CPIYOY-23FEB,CPIYOY-23FEB-T6.2,6.2,3d,2023-03-11,2023-03-11,0.0,0.1,0.04,54.0,False,False
CPIYOY-23FEB,CPIYOY-23FEB-T6.2,6.2,1d,2023-03-13,2023-03-13,0.0,0.09,0.02,50.0,False,False
CPIYOY-23FEB,CPIYOY-23FEB-T6.2,6.2,final,2023-03-14,2023-03-13,1.0,0.09,0.02,50.0,False,False
CPIYOY-23FEB,CPIYOY-23FEB-T6.1,6.1,21d,2023-02-21,,,,,,True,False
CPIYOY-23FEB,CPIYOY-23FEB-T6.1,6.1,14d,2023-02-28,2023-02-28,0.0,0.405,0.05,0.0,False,False
CPIYOY-23FEB,CPIYOY-23FEB-T6.1,6.1,7d,2023-03-07,2023-03-03,4.0,0.405,0.05,0.0,False,False
CPIYOY-23FEB,CPIYOY-23FEB-T6.1,6.1,3d,2023-03-11,2023-03-11,0.0,0.405,0.05,11.0,False,False
CPIYOY-23FEB,CPIYOY-23FEB-T6.1,6.1,1d,2023-03-13,2023-03-11,2.0,0.405,0.05,11.0,False,False
CPIYOY-23FEB,CPIYOY-23FEB-T6.1,6.1,final,2023-03-14,2023-03-11,3.0,0.405,0.05,11.0,False,False
CPIYOY-23FEB,CPIYOY-23FEB-T6.0,6.0,21d,2023-02-21,,,,,,True,False
CPIYOY-23FEB,CPIYOY-23FEB-T6.0,6.0,14d,2023-02-28,2023-02-28,0.0,0.595,0.05,50.0,False,False
CPIYOY-23FEB,CPIYOY-23FEB-T6.0,6.0,7d,2023-03-07,2023-03-07,0.0,0.64,0.04,100.0,False,False
CPIYOY-23FEB,CPIYOY-23FEB-T6.0,6.0,3d,2023-03-11,2023-03-11,0.0,0.655,0.03,655.0,False,False
CPIYOY-23FEB,CPIYOY-23FEB-T6.0,6.0,1d,2023-03-13,2023-03-13,0.0,0.65,0.04,600.0,False,False
CPIYOY-23FEB,CPIYOY-23FEB-T6.0,6.0,final,2023-03-14,2023-03-13,1.0,0.65,0.04,600.0,False,False
CPIYOY-23FEB,CPIYOY-23FEB-T5.9,5.9,21d,2023-02-21,,,,,,True,False
CPIYOY-23FEB,CPIYOY-23FEB-T5.9,5.9,14d,2023-02-28,2023-02-28,0.0,0.84,0.04,0.0,False,False
CPIYOY-23FEB,CPIYOY-23FEB-T5.9,5.9,7d,2023-03-07,2023-03-06,1.0,0.89,0.04,20.0,False,False
CPIYOY-23FEB,CPIYOY-23FEB-T5.9,5.9,3d,2023-03-11,2023-03-11,0.0,0.85,0.04,31.0,False,False
CPIYOY-23FEB,CPIYOY-23FEB-T5.9,5.9,1d,2023-03-13,2023-03-13,0.0,0.85,0.04,600.0,False,False
CPIYOY-23FEB,CPIYOY-23FEB-T5.9,5.9,final,2023-03-14,2023-03-13,1.0,0.85,0.04,600.0,False,False
CPIYOY-23FEB,CPIYOY-23FEB-T5.8,5.8,21d,2023-02-21,2023-02-21,0.0,0.825,0.35,0.0,False,False
CPIYOY-23FEB,CPIYOY-23FEB-T5.8,5.8,14d,2023-02-28,2023-02-27,1.0,0.92,0.1,0.0,False,False
CPIYOY-23FEB,CPIYOY-23FEB-T5.8,5.8,7d,2023-03-07,2023-03-03,4.0,0.95,0.1,0.0,False,False
CPIYOY-23FEB,CPIYOY-23FEB-T5.8,5.8,3d,2023-03-11,2023-03-09,2.0,0.95,0.1,10.0,False,False
CPIYOY-23FEB,CPIYOY-23FEB-T5.8,5.8,1d,2023-03-13,2023-03-13,0.0,0.95,0.1,1.0,False,False
CPIYOY-23FEB,CPIYOY-23FEB-T5.8,5.8,final,2023-03-14,2023-03-13,1.0,0.95,0.1,1.0,False,False
CPIYOY-23FEB,CPIYOY-23FEB-T5.7,5.7,21d,2023-02-21,2023-02-20,1.0,0.875,0.25,50.0,False,False
CPIYOY-23FEB,CPIYOY-23FEB-T5.7,5.7,14d,2023-02-28,2023-02-27,1.0,0.95,0.1,0.0,False,False
CPIYOY-23FEB,CPIYOY-23FEB-T5.7,5.7,7d,2023-03-07,2023-03-04,3.0,0.955,0.09,20.0,False,False
CPIYOY-23FEB,CPIYOY-23FEB-T5.7,5.7,3d,2023-03-11,2023-03-04,7.0,0.955,0.09,20.0,False,False
CPIYOY-23FEB,CPIYOY-23FEB-T5.7,5.7,1d,2023-03-13,2023-03-04,9.0,0.955,0.09,20.0,False,False
CPIYOY-23FEB,CPIYOY-23FEB-T5.7,5.7,final,2023-03-14,2023-03-04,10.0,0.955,0.09,20.0,False,False
CPIYOY-23FEB,CPIYOY-23FEB-T5.6,5.6,21d,2023-02-21,2023-02-18,3.0,0.975,0.05,1.0,False,False
CPIYOY-23FEB,CPIYOY-23FEB-T5.6,5.6,14d,2023-02-28,2023-02-25,3.0,0.975,0.05,0.0,False,False
CPIYOY-23FEB,CPIYOY-23FEB-T5.6,5.6,7d,2023-03-07,2023-02-25,10.0,0.975,0.05,0.0,False,False
CPIYOY-23FEB,CPIYOY-23FEB-T5.6,5.6,3d,2023-03-11,2023-02-25,14.0,0.975,0.05,0.0,False,False
CPIYOY-23FEB,CPIYOY-23FEB-T5.6,5.6,1d,2023-03-13,2023-02-25,16.0,0.975,0.05,0.0,False,True
CPIYOY-23FEB,CPIYOY-23FEB-T5.6,5.6,final,2023-03-14,2023-02-25,17.0,0.975,0.05,0.0,False,True
CPIYOY-23FEB,CPIYOY-23FEB-T5.5,5.5,21d,2023-02-21,2023-02-16,5.0,0.505,0.99,0.0,False,False
CPIYOY-23FEB,CPIYOY-23FEB-T5.5,5.5,14d,2023-02-28,2023-02-27,1.0,0.97,0.06,0.0,False,False
CPIYOY-23FEB,CPIYOY-23FEB-T5.5,5.5,7d,2023-03-07,2023-03-03,4.0,0.97,0.06,0.0,False,False
CPIYOY-23FEB,CPIYOY-23FEB-T5.5,5.5,3d,2023-03-11,2023-03-03,8.0,0.97,0.06,0.0,False,False
CPIYOY-23FEB,CPIYOY-23FEB-T5.5,5.5,1d,2023-03-13,2023-03-03,10.0,0.97,0.06,0.0,False,False
CPIYOY-23FEB,CPIYOY-23FEB-T5.5,5.5,final,2023-03-14,2023-03-03,11.0,0.97,0.06,0.0,False,False
CPIYOY-23FEB,CPIYOY-23FEB-T5.4,5.4,21d,2023-02-21,2023-02-16,5.0,0.51,0.98,0.0,False,False
CPIYOY-23FEB,CPIYOY-23FEB-T5.4,5.4,14d,2023-02-28,2023-02-27,1.0,0.965,0.07,0.0,False,False
CPIYOY-23FEB,CPIYOY-23FEB-T5.4,5.4,7d,2023-03-07,2023-03-04,3.0,0.97,0.06,0.0,False,False
CPIYOY-23FEB,CPIYOY-23FEB-T5.4,5.4,3d,2023-03-11,2023-03-04,7.0,0.97,0.06,0.0,False,False
CPIYOY-23FEB,CPIYOY-23FEB-T5.4,5.4,1d,2023-03-13,2023-03-04,9.0,0.97,0.06,0.0,False,False
CPIYOY-23FEB,CPIYOY-23FEB-T5.4,5.4,final,2023-03-14,2023-03-04,10.0,0.97,0.06,0.0,False,False
CPIYOY-23FEB,CPIYOY-23FEB-T5.3,5.3,21d,2023-02-21,2023-02-16,5.0,0.51,0.98,0.0,False,False
CPIYOY-23FEB,CPIYOY-23FEB-T5.3,5.3,14d,2023-02-28,2023-02-28,0.0,0.975,0.05,0.0,False,False
CPIYOY-23FEB,CPIYOY-23FEB-T5.3,5.3,7d,2023-03-07,2023-02-28,7.0,0.975,0.05,0.0,False,False
CPIYOY-23FEB,CPIYOY-23FEB-T5.3,5.3,3d,2023-03-11,2023-02-28,11.0,0.975,0.05,0.0,False,False
CPIYOY-23FEB,CPIYOY-23FEB-T5.3,5.3,1d,2023-03-13,2023-02-28,13.0,0.975,0.05,0.0,False,False
CPIYOY-23FEB,CPIYOY-23FEB-T5.3,5.3,final,2023-03-14,2023-02-28,14.0,0.975,0.05,0.0,False,False
CPIYOY-23FEB,CPIYOY-23FEB-T5.2,5.2,21d,2023-02-21,2023-02-16,5.0,0.51,0.98,0.0,False,False
CPIYOY-23FEB,CPIYOY-23FEB-T5.2,5.2,14d,2023-02-28,2023-02-28,0.0,0.975,0.05,0.0,False,False
CPIYOY-23FEB,CPIYOY-23FEB-T5.2,5.2,7d,2023-03-07,2023-02-28,7.0,0.975,0.05,0.0,False,False
CPIYOY-23FEB,CPIYOY-23FEB-T5.2,5.2,3d,2023-03-11,2023-02-28,11.0,0.975,0.05,0.0,False,False
CPIYOY-23FEB,CPIYOY-23FEB-T5.2,5.2,1d,2023-03-13,2023-02-28,13.0,0.975,0.05,0.0,False,False
CPIYOY-23FEB,CPIYOY-23FEB-T5.2,5.2,final,2023-03-14,2023-02-28,14.0,0.975,0.05,0.0,False,False
CPIYOY-23FEB,CPIYOY-23FEB-T5.1,5.1,21d,2023-02-21,2023-02-16,5.0,0.505,0.99,0.0,False,False
CPIYOY-23FEB,CPIYOY-23FEB-T5.1,5.1,14d,2023-02-28,2023-02-28,0.0,0.975,0.05,0.0,False,False
CPIYOY-23FEB,CPIYOY-23FEB-T5.1,5.1,7d,2023-03-07,2023-02-28,7.0,0.975,0.05,0.0,False,False
CPIYOY-23FEB,CPIYOY-23FEB-T5.1,5.1,3d,2023-03-11,2023-02-28,11.0,0.975,0.05,0.0,False,False
CPIYOY-23FEB,CPIYOY-23FEB-T5.1,5.1,1d,2023-03-13,2023-02-28,13.0,0.975,0.05,0.0,False,False
CPIYOY-23FEB,CPIYOY-23FEB-T5.1,5.1,final,2023-03-14,2023-02-28,14.0,0.975,0.05,0.0,False,False
CPIYOY-23FEB,CPIYOY-23FEB-T5.0,5.0,21d,2023-02-21,2023-02-16,5.0,0.505,0.99,0.0,False,False
CPIYOY-23FEB,CPIYOY-23FEB-T5.0,5.0,14d,2023-02-28,2023-02-28,0.0,0.975,0.05,0.0,False,False
CPIYOY-23FEB,CPIYOY-23FEB-T5.0,5.0,7d,2023-03-07,2023-02-28,7.0,0.975,0.05,0.0,False,False
CPIYOY-23FEB,CPIYOY-23FEB-T5.0,5.0,3d,2023-03-11,2023-02-28,11.0,0.975,0.05,0.0,False,False
CPIYOY-23FEB,CPIYOY-23FEB-T5.0,5.0,1d,2023-03-13,2023-02-28,13.0,0.975,0.05,0.0,False,False
CPIYOY-23FEB,CPIYOY-23FEB-T5.0,5.0,final,2023-03-14,2023-02-28,14.0,0.975,0.05,0.0,False,False
CPIYOY-23FEB,CPIYOY-23FEB-T4.9,4.9,21d,2023-02-21,2023-02-21,0.0,0.675,0.65,0.0,False,False
CPIYOY-23FEB,CPIYOY-23FEB-T4.9,4.9,14d,2023-02-28,2023-02-28,0.0,0.975,0.05,0.0,False,False
CPIYOY-23FEB,CPIYOY-23FEB-T4.9,4.9,7d,2023-03-07,2023-02-28,7.0,0.975,0.05,0.0,False,False
CPIYOY-23FEB,CPIYOY-23FEB-T4.9,4.9,3d,2023-03-11,2023-02-28,11.0,0.975,0.05,0.0,False,False
CPIYOY-23FEB,CPIYOY-23FEB-T4.9,4.9,1d,2023-03-13,2023-03-12,1.0,0.98,0.04,0.0,False,False
CPIYOY-23FEB,CPIYOY-23FEB-T4.9,4.9,final,2023-03-14,2023-03-12,2.0,0.98,0.04,0.0,False,False
CPIYOY-23FEB,CPIYOY-23FEB-T4.8,4.8,21d,2023-02-21,2023-02-16,5.0,0.505,0.99,0.0,False,False
CPIYOY-23FEB,CPIYOY-23FEB-T4.8,4.8,14d,2023-02-28,2023-02-28,0.0,0.98,0.04,0.0,False,False
CPIYOY-23FEB,CPIYOY-23FEB-T4.8,4.8,7d,2023-03-07,2023-02-28,7.0,0.98,0.04,0.0,False,False
CPIYOY-23FEB,CPIYOY-23FEB-T4.8,4.8,3d,2023-03-11,2023-02-28,11.0,0.98,0.04,0.0,False,False
CPIYOY-23FEB,CPIYOY-23FEB-T4.8,4.8,1d,2023-03-13,2023-03-12,1.0,0.985,0.03,0.0,False,False
CPIYOY-23FEB,CPIYOY-23FEB-T4.8,4.8,final,2023-03-14,2023-03-12,2.0,0.985,0.03,0.0,False,False
CPIYOY-23FEB,CPIYOY-23FEB-T4.7,4.7,21d,2023-02-21,2023-02-16,5.0,0.505,0.99,0.0,False,False
CPIYOY-23FEB,CPIYOY-23FEB-T4.7,4.7,14d,2023-02-28,2023-02-28,0.0,0.98,0.04,0.0,False,False
CPIYOY-23FEB,CPIYOY-23FEB-T4.7,4.7,7d,2023-03-07,2023-02-28,7.0,0.98,0.04,0.0,False,False
CPIYOY-23FEB,CPIYOY-23FEB-T4.7,4.7,3d,2023-03-11,2023-02-28,11.0,0.98,0.04,0.0,False,False
CPIYOY-23FEB,CPIYOY-23FEB-T4.7,4.7,1d,2023-03-13,2023-03-12,1.0,0.99,0.02,0.0,False,False
CPIYOY-23FEB,CPIYOY-23FEB-T4.7,4.7,final,2023-03-14,2023-03-12,2.0,0.99,0.02,0.0,False,False
CPIYOY-23FEB,CPIYOY-23FEB-T4.6,4.6,21d,2023-02-21,2023-02-16,5.0,0.505,0.99,0.0,False,False
CPIYOY-23FEB,CPIYOY-23FEB-T4.6,4.6,14d,2023-02-28,2023-02-28,0.0,0.98,0.04,0.0,False,False
CPIYOY-23FEB,CPIYOY-23FEB-T4.6,4.6,7d,2023-03-07,2023-02-28,7.0,0.98,0.04,0.0,False,False
CPIYOY-23FEB,CPIYOY-23FEB-T4.6,4.6,3d,2023-03-11,2023-02-28,11.0,0.98,0.04,0.0,False,False
CPIYOY-23FEB,CPIYOY-23FEB-T4.6,4.6,1d,2023-03-13,2023-03-12,1.0,0.995,0.01,0.0,False,False
CPIYOY-23FEB,CPIYOY-23FEB-T4.6,4.6,final,2023-03-14,2023-03-12,2.0,0.995,0.01,0.0,False,False
CPIYOY-23FEB,CPIYOY-23FEB-T4.5,4.5,21d,2023-02-21,2023-02-16,5.0,0.505,0.99,0.0,False,False
CPIYOY-23FEB,CPIYOY-23FEB-T4.5,4.5,14d,2023-02-28,2023-02-28,0.0,0.98,0.04,0.0,False,False
CPIYOY-23FEB,CPIYOY-23FEB-T4.5,4.5,7d,2023-03-07,2023-02-28,7.0,0.98,0.04,0.0,False,False
CPIYOY-23FEB,CPIYOY-23FEB-T4.5,4.5,3d,2023-03-11,2023-02-28,11.0,0.98,0.04,0.0,False,False
CPIYOY-23FEB,CPIYOY-23FEB-T4.5,4.5,1d,2023-03-13,2023-03-12,1.0,0.995,0.01,0.0,False,False
CPIYOY-23FEB,CPIYOY-23FEB-T4.5,4.5,final,2023-03-14,2023-03-12,2.0,0.995,0.01,0.0,False,False
CPIYOY-23FEB,CPIYOY-23FEB-T4.4,4.4,21d,2023-02-21,2023-02-18,3.0,0.825,0.35,1.0,False,False
CPIYOY-23FEB,CPIYOY-23FEB-T4.4,4.4,14d,2023-02-28,2023-02-27,1.0,0.975,0.05,0.0,False,False
CPIYOY-23FEB,CPIYOY-23FEB-T4.4,4.4,7d,2023-03-07,2023-03-03,4.0,0.98,0.04,0.0,False,False
CPIYOY-23FEB,CPIYOY-23FEB-T4.4,4.4,3d,2023-03-11,2023-03-09,2.0,0.98,0.04,9.0,False,False
CPIYOY-23FEB,CPIYOY-23FEB-T4.4,4.4,1d,2023-03-13,2023-03-12,1.0,0.995,0.01,0.0,False,False
CPIYOY-23FEB,CPIYOY-23FEB-T4.4,4.4,final,2023-03-14,2023-03-12,2.0,0.995,0.01,0.0,False,False
CPIYOY-23JAN,CPIYOY-23JAN-T6.8,6.8,21d,2023-01-24,2023-01-14,10.0,0.495,0.99,0.0,False,False
CPIYOY-23JAN,CPIYOY-23JAN-T6.8,6.8,14d,2023-01-31,2023-01-14,17.0,0.495,0.99,0.0,False,True
CPIYOY-23JAN,CPIYOY-23JAN-T6.8,6.8,7d,2023-02-07,2023-01-14,24.0,0.495,0.99,0.0,False,True
CPIYOY-23JAN,CPIYOY-23JAN-T6.8,6.8,3d,2023-02-11,2023-02-11,0.0,0.01,0.02,0.0,False,False
CPIYOY-23JAN,CPIYOY-23JAN-T6.8,6.8,1d,2023-02-13,2023-02-13,0.0,0.01,0.02,901.0,False,False
CPIYOY-23JAN,CPIYOY-23JAN-T6.8,6.8,final,2023-02-14,2023-02-13,1.0,0.01,0.02,901.0,False,False
CPIYOY-23JAN,CPIYOY-23JAN-T6.7,6.7,21d,2023-01-24,2023-01-14,10.0,0.495,0.99,0.0,False,False
CPIYOY-23JAN,CPIYOY-23JAN-T6.7,6.7,14d,2023-01-31,2023-01-14,17.0,0.495,0.99,0.0,False,True
CPIYOY-23JAN,CPIYOY-23JAN-T6.7,6.7,7d,2023-02-07,2023-01-14,24.0,0.495,0.99,0.0,False,True
CPIYOY-23JAN,CPIYOY-23JAN-T6.7,6.7,3d,2023-02-11,2023-02-11,0.0,0.015,0.01,0.0,False,False
CPIYOY-23JAN,CPIYOY-23JAN-T6.7,6.7,1d,2023-02-13,2023-02-13,0.0,0.02,0.02,833.0,False,False
CPIYOY-23JAN,CPIYOY-23JAN-T6.7,6.7,final,2023-02-14,2023-02-13,1.0,0.02,0.02,833.0,False,False
CPIYOY-23JAN,CPIYOY-23JAN-T6.6,6.6,21d,2023-01-24,2023-01-19,5.0,0.485,0.97,0.0,False,False
CPIYOY-23JAN,CPIYOY-23JAN-T6.6,6.6,14d,2023-01-31,2023-01-19,12.0,0.485,0.97,0.0,False,False
CPIYOY-23JAN,CPIYOY-23JAN-T6.6,6.6,7d,2023-02-07,2023-01-19,19.0,0.485,0.97,0.0,False,True
CPIYOY-23JAN,CPIYOY-23JAN-T6.6,6.6,3d,2023-02-11,2023-02-11,0.0,0.055,0.03,0.0,False,False
CPIYOY-23JAN,CPIYOY-23JAN-T6.6,6.6,1d,2023-02-13,2023-02-13,0.0,0.055,0.03,0.0,False,False
CPIYOY-23JAN,CPIYOY-23JAN-T6.6,6.6,final,2023-02-14,2023-02-13,1.0,0.055,0.03,0.0,False,False
CPIYOY-23JAN,CPIYOY-23JAN-T6.5,6.5,21d,2023-01-24,2023-01-14,10.0,0.495,0.99,0.0,False,False
CPIYOY-23JAN,CPIYOY-23JAN-T6.5,6.5,14d,2023-01-31,2023-01-14,17.0,0.495,0.99,0.0,False,True
CPIYOY-23JAN,CPIYOY-23JAN-T6.5,6.5,7d,2023-02-07,2023-01-14,24.0,0.495,0.99,0.0,False,True
CPIYOY-23JAN,CPIYOY-23JAN-T6.5,6.5,3d,2023-02-11,2023-02-11,0.0,0.115,0.05,0.0,False,False
CPIYOY-23JAN,CPIYOY-23JAN-T6.5,6.5,1d,2023-02-13,2023-02-13,0.0,0.135,0.05,0.0,False,False
CPIYOY-23JAN,CPIYOY-23JAN-T6.5,6.5,final,2023-02-14,2023-02-13,1.0,0.135,0.05,0.0,False,False
CPIYOY-23JAN,CPIYOY-23JAN-T6.4,6.4,21d,2023-01-24,2023-01-14,10.0,0.495,0.99,0.0,False,False
CPIYOY-23JAN,CPIYOY-23JAN-T6.4,6.4,14d,2023-01-31,2023-01-14,17.0,0.495,0.99,0.0,False,True
CPIYOY-23JAN,CPIYOY-23JAN-T6.4,6.4,7d,2023-02-07,2023-01-14,24.0,0.495,0.99,0.0,False,True
CPIYOY-23JAN,CPIYOY-23JAN-T6.4,6.4,3d,2023-02-11,2023-02-11,0.0,0.26,0.08,0.0,False,False
CPIYOY-23JAN,CPIYOY-23JAN-T6.4,6.4,1d,2023-02-13,2023-02-13,0.0,0.3,0.1,0.0,False,False
CPIYOY-23JAN,CPIYOY-23JAN-T6.4,6.4,final,2023-02-14,2023-02-13,1.0,0.3,0.1,0.0,False,False
CPIYOY-23JAN,CPIYOY-23JAN-T6.3,6.3,21d,2023-01-24,2023-01-14,10.0,0.495,0.99,0.0,False,False
CPIYOY-23JAN,CPIYOY-23JAN-T6.3,6.3,14d,2023-01-31,2023-01-14,17.0,0.495,0.99,0.0,False,True
CPIYOY-23JAN,CPIYOY-23JAN-T6.3,6.3,7d,2023-02-07,2023-01-14,24.0,0.495,0.99,0.0,False,True
CPIYOY-23JAN,CPIYOY-23JAN-T6.3,6.3,3d,2023-02-11,2023-02-11,0.0,0.5,0.12,0.0,False,False
CPIYOY-23JAN,CPIYOY-23JAN-T6.3,6.3,1d,2023-02-13,2023-02-13,0.0,0.575,0.11,50.0,False,False
CPIYOY-23JAN,CPIYOY-23JAN-T6.3,6.3,final,2023-02-14,2023-02-13,1.0,0.575,0.11,50.0,False,False
CPIYOY-23JAN,CPIYOY-23JAN-T6.2,6.2,21d,2023-01-24,2023-01-14,10.0,0.5,0.98,0.0,False,False
CPIYOY-23JAN,CPIYOY-23JAN-T6.2,6.2,14d,2023-01-31,2023-01-14,17.0,0.5,0.98,0.0,False,True
CPIYOY-23JAN,CPIYOY-23JAN-T6.2,6.2,7d,2023-02-07,2023-01-14,24.0,0.5,0.98,0.0,False,True
CPIYOY-23JAN,CPIYOY-23JAN-T6.2,6.2,3d,2023-02-11,2023-02-11,0.0,0.74,0.08,69.0,False,False
CPIYOY-23JAN,CPIYOY-23JAN-T6.2,6.2,1d,2023-02-13,2023-02-13,0.0,0.885,0.05,290.0,False,False
CPIYOY-23JAN,CPIYOY-23JAN-T6.2,6.2,final,2023-02-14,2023-02-13,1.0,0.885,0.05,290.0,False,False
CPIYOY-23JAN,CPIYOY-23JAN-T6.1,6.1,21d,2023-01-24,2023-01-14,10.0,0.105,0.19,0.0,False,False
CPIYOY-23JAN,CPIYOY-23JAN-T6.1,6.1,14d,2023-01-31,2023-01-31,0.0,0.645,0.69,10.0,False,False
CPIYOY-23JAN,CPIYOY-23JAN-T6.1,6.1,7d,2023-02-07,2023-01-31,7.0,0.645,0.69,10.0,False,False
CPIYOY-23JAN,CPIYOY-23JAN-T6.1,6.1,3d,2023-02-11,2023-02-11,0.0,0.885,0.05,241.0,False,False
CPIYOY-23JAN,CPIYOY-23JAN-T6.1,6.1,1d,2023-02-13,2023-02-13,0.0,0.97,0.02,63.0,False,False
CPIYOY-23JAN,CPIYOY-23JAN-T6.1,6.1,final,2023-02-14,2023-02-13,1.0,0.97,0.02,63.0,False,False
CPIYOY-23JAN,CPIYOY-23JAN-T6.0,6.0,21d,2023-01-24,2023-01-14,10.0,0.17,0.26,0.0,False,False
CPIYOY-23JAN,CPIYOY-23JAN-T6.0,6.0,14d,2023-01-31,2023-01-31,0.0,0.695,0.59,0.0,False,False
CPIYOY-23JAN,CPIYOY-23JAN-T6.0,6.0,7d,2023-02-07,2023-01-31,7.0,0.695,0.59,0.0,False,False
CPIYOY-23JAN,CPIYOY-23JAN-T6.0,6.0,3d,2023-02-11,2023-02-11,0.0,0.945,0.03,500.0,False,False
CPIYOY-23JAN,CPIYOY-23JAN-T6.0,6.0,1d,2023-02-13,2023-02-13,0.0,0.985,0.01,19.0,False,False
CPIYOY-23JAN,CPIYOY-23JAN-T6.0,6.0,final,2023-02-14,2023-02-13,1.0,0.985,0.01,19.0,False,False
CPIYOY-23JAN,CPIYOY-23JAN-T5.9,5.9,21d,2023-01-24,2023-01-20,4.0,0.375,0.45,10.0,False,False
CPIYOY-23JAN,CPIYOY-23JAN-T5.9,5.9,14d,2023-01-31,2023-01-27,4.0,0.85,0.3,500.0,False,False
CPIYOY-23JAN,CPIYOY-23JAN-T5.9,5.9,7d,2023-02-07,2023-01-27,11.0,0.85,0.3,500.0,False,False
CPIYOY-23JAN,CPIYOY-23JAN-T5.9,5.9,3d,2023-02-11,2023-02-11,0.0,0.915,0.15,0.0,False,False
CPIYOY-23JAN,CPIYOY-23JAN-T5.9,5.9,1d,2023-02-13,2023-02-13,0.0,0.96,0.08,0.0,False,False
CPIYOY-23JAN,CPIYOY-23JAN-T5.9,5.9,final,2023-02-14,2023-02-13,1.0,0.96,0.08,0.0,False,False
CPIYOY-23JAN,CPIYOY-23JAN-T5.8,5.8,21d,2023-01-24,2023-01-09,15.0,0.5,0.5,0.0,False,True
CPIYOY-23JAN,CPIYOY-23JAN-T5.8,5.8,14d,2023-01-31,2023-01-27,4.0,0.625,0.75,0.0,False,False
CPIYOY-23JAN,CPIYOY-23JAN-T5.8,5.8,7d,2023-02-07,2023-01-27,11.0,0.625,0.75,0.0,False,False
CPIYOY-23JAN,CPIYOY-23JAN-T5.8,5.8,3d,2023-02-11,2023-02-11,0.0,0.945,0.11,0.0,False,False
CPIYOY-23JAN,CPIYOY-23JAN-T5.8,5.8,1d,2023-02-13,2023-02-13,0.0,0.97,0.06,0.0,False,False
CPIYOY-23JAN,CPIYOY-23JAN-T5.8,5.8,final,2023-02-14,2023-02-13,1.0,0.97,0.06,0.0,False,False
CPIYOY-23JAN,CPIYOY-23JAN-T5.7,5.7,21d,2023-01-24,2023-01-20,4.0,0.675,0.25,10.0,False,False
CPIYOY-23JAN,CPIYOY-23JAN-T5.7,5.7,14d,2023-01-31,2023-01-27,4.0,0.95,0.1,990.0,False,False
CPIYOY-23JAN,CPIYOY-23JAN-T5.7,5.7,7d,2023-02-07,2023-01-27,11.0,0.95,0.1,990.0,False,False
CPIYOY-23JAN,CPIYOY-23JAN-T5.7,5.7,3d,2023-02-11,2023-02-11,0.0,0.955,0.09,0.0,False,False
CPIYOY-23JAN,CPIYOY-23JAN-T5.7,5.7,1d,2023-02-13,2023-02-13,0.0,0.98,0.04,0.0,False,False
CPIYOY-23JAN,CPIYOY-23JAN-T5.7,5.7,final,2023-02-14,2023-02-13,1.0,0.98,0.04,0.0,False,False
CPIYOY-23JAN,CPIYOY-23JAN-T5.6,5.6,21d,2023-01-24,2023-01-14,10.0,0.84,0.26,0.0,False,False
CPIYOY-23JAN,CPIYOY-23JAN-T5.6,5.6,14d,2023-01-31,2023-01-27,4.0,0.95,0.1,0.0,False,False
CPIYOY-23JAN,CPIYOY-23JAN-T5.6,5.6,7d,2023-02-07,2023-02-02,5.0,0.925,0.15,0.0,False,False
CPIYOY-23JAN,CPIYOY-23JAN-T5.6,5.6,3d,2023-02-11,2023-02-11,0.0,0.965,0.07,0.0,False,False
CPIYOY-23JAN,CPIYOY-23JAN-T5.6,5.6,1d,2023-02-13,2023-02-13,0.0,0.985,0.03,0.0,False,False
CPIYOY-23JAN,CPIYOY-23JAN-T5.6,5.6,final,2023-02-14,2023-02-13,1.0,0.985,0.03,0.0,False,False
CPIYOY-23JAN,CPIYOY-23JAN-T5.5,5.5,21d,2023-01-24,2023-01-14,10.0,0.905,0.19,0.0,False,False
CPIYOY-23JAN,CPIYOY-23JAN-T5.5,5.5,14d,2023-01-31,2023-01-27,4.0,0.96,0.08,0.0,False,False
CPIYOY-23JAN,CPIYOY-23JAN-T5.5,5.5,7d,2023-02-07,2023-02-02,5.0,0.905,0.19,0.0,False,False
CPIYOY-23JAN,CPIYOY-23JAN-T5.5,5.5,3d,2023-02-11,2023-02-11,0.0,0.975,0.05,0.0,False,False
CPIYOY-23JAN,CPIYOY-23JAN-T5.5,5.5,1d,2023-02-13,2023-02-13,0.0,0.985,0.03,0.0,False,False
CPIYOY-23JAN,CPIYOY-23JAN-T5.5,5.5,final,2023-02-14,2023-02-13,1.0,0.985,0.03,0.0,False,False
CPIYOY-23JAN,CPIYOY-23JAN-T5.4,5.4,21d,2023-01-24,2023-01-15,9.0,0.905,0.17,0.0,False,False
CPIYOY-23JAN,CPIYOY-23JAN-T5.4,5.4,14d,2023-01-31,2023-01-30,1.0,0.955,0.09,93.0,False,False
CPIYOY-23JAN,CPIYOY-23JAN-T5.4,5.4,7d,2023-02-07,2023-02-02,5.0,0.91,0.18,0.0,False,False
CPIYOY-23JAN,CPIYOY-23JAN-T5.4,5.4,3d,2023-02-11,2023-02-11,0.0,0.975,0.05,0.0,False,False
CPIYOY-23JAN,CPIYOY-23JAN-T5.4,5.4,1d,2023-02-13,2023-02-13,0.0,0.99,0.02,0.0,False,False
CPIYOY-23JAN,CPIYOY-23JAN-T5.4,5.4,final,2023-02-14,2023-02-13,1.0,0.99,0.02,0.0,False,False
CPIYOY-22DEC,CPIYOY-22DEC-T7.4,7.4,21d,2022-12-22,2022-12-17,5.0,0.005,0.01,0.0,False,False
CPIYOY-22DEC,CPIYOY-22DEC-T7.4,7.4,14d,2022-12-29,2022-12-28,1.0,0.5,1.0,0.0,False,False
CPIYOY-22DEC,CPIYOY-22DEC-T7.4,7.4,7d,2023-01-05,2023-01-04,1.0,0.01,0.02,0.0,False,False
CPIYOY-22DEC,CPIYOY-22DEC-T7.4,7.4,3d,2023-01-09,2023-01-08,1.0,0.005,0.01,0.0,False,False
CPIYOY-22DEC,CPIYOY-22DEC-T7.4,7.4,1d,2023-01-11,2023-01-08,3.0,0.005,0.01,0.0,False,False
CPIYOY-22DEC,CPIYOY-22DEC-T7.4,7.4,final,2023-01-12,2023-01-08,4.0,0.005,0.01,0.0,False,False
CPIYOY-22DEC,CPIYOY-22DEC-T7.3,7.3,21d,2022-12-22,2022-12-17,5.0,0.005,0.01,0.0,False,False
CPIYOY-22DEC,CPIYOY-22DEC-T7.3,7.3,14d,2022-12-29,2022-12-28,1.0,0.5,1.0,0.0,False,False
CPIYOY-22DEC,CPIYOY-22DEC-T7.3,7.3,7d,2023-01-05,2023-01-04,1.0,0.01,0.02,0.0,False,False
CPIYOY-22DEC,CPIYOY-22DEC-T7.3,7.3,3d,2023-01-09,2023-01-08,1.0,0.005,0.01,0.0,False,False
CPIYOY-22DEC,CPIYOY-22DEC-T7.3,7.3,1d,2023-01-11,2023-01-08,3.0,0.005,0.01,0.0,False,False
CPIYOY-22DEC,CPIYOY-22DEC-T7.3,7.3,final,2023-01-12,2023-01-08,4.0,0.005,0.01,0.0,False,False
CPIYOY-22DEC,CPIYOY-22DEC-T7.2,7.2,21d,2022-12-22,2022-12-21,1.0,0.005,0.01,0.0,False,False
CPIYOY-22DEC,CPIYOY-22DEC-T7.2,7.2,14d,2022-12-29,2022-12-21,8.0,0.005,0.01,0.0,False,False
CPIYOY-22DEC,CPIYOY-22DEC-T7.2,7.2,7d,2023-01-05,2023-01-04,1.0,0.01,0.02,0.0,False,False
CPIYOY-22DEC,CPIYOY-22DEC-T7.2,7.2,3d,2023-01-09,2023-01-08,1.0,0.005,0.01,0.0,False,False
CPIYOY-22DEC,CPIYOY-22DEC-T7.2,7.2,1d,2023-01-11,2023-01-08,3.0,0.005,0.01,0.0,False,False
CPIYOY-22DEC,CPIYOY-22DEC-T7.2,7.2,final,2023-01-12,2023-01-08,4.0,0.005,0.01,0.0,False,False
CPIYOY-22DEC,CPIYOY-22DEC-T7.1,7.1,21d,2022-12-22,2022-12-21,1.0,0.005,0.01,0.0,False,False
CPIYOY-22DEC,CPIYOY-22DEC-T7.1,7.1,14d,2022-12-29,2022-12-21,8.0,0.005,0.01,0.0,False,False
CPIYOY-22DEC,CPIYOY-22DEC-T7.1,7.1,7d,2023-01-05,2023-01-04,1.0,0.01,0.02,0.0,False,False
CPIYOY-22DEC,CPIYOY-22DEC-T7.1,7.1,3d,2023-01-09,2023-01-08,1.0,0.005,0.01,0.0,False,False
CPIYOY-22DEC,CPIYOY-22DEC-T7.1,7.1,1d,2023-01-11,2023-01-08,3.0,0.005,0.01,0.0,False,False
CPIYOY-22DEC,CPIYOY-22DEC-T7.1,7.1,final,2023-01-12,2023-01-08,4.0,0.005,0.01,0.0,False,False
CPIYOY-22DEC,CPIYOY-22DEC-T7.0,7.0,21d,2022-12-22,2022-12-21,1.0,0.005,0.01,0.0,False,False
CPIYOY-22DEC,CPIYOY-22DEC-T7.0,7.0,14d,2022-12-29,2022-12-21,8.0,0.005,0.01,0.0,False,False
CPIYOY-22DEC,CPIYOY-22DEC-T7.0,7.0,7d,2023-01-05,2023-01-05,0.0,0.005,0.01,0.0,False,False
CPIYOY-22DEC,CPIYOY-22DEC-T7.0,7.0,3d,2023-01-09,2023-01-05,4.0,0.005,0.01,0.0,False,False
CPIYOY-22DEC,CPIYOY-22DEC-T7.0,7.0,1d,2023-01-11,2023-01-05,6.0,0.005,0.01,0.0,False,False
CPIYOY-22DEC,CPIYOY-22DEC-T7.0,7.0,final,2023-01-12,2023-01-05,7.0,0.005,0.01,0.0,False,False
CPIYOY-22DEC,CPIYOY-22DEC-T6.9,6.9,21d,2022-12-22,2022-12-22,0.0,0.015,0.03,0.0,False,False
CPIYOY-22DEC,CPIYOY-22DEC-T6.9,6.9,14d,2022-12-29,2022-12-26,3.0,0.5,1.0,0.0,False,False
CPIYOY-22DEC,CPIYOY-22DEC-T6.9,6.9,7d,2023-01-05,2023-01-04,1.0,0.01,0.02,0.0,False,False
CPIYOY-22DEC,CPIYOY-22DEC-T6.9,6.9,3d,2023-01-09,2023-01-08,1.0,0.01,0.02,0.0,False,False
CPIYOY-22DEC,CPIYOY-22DEC-T6.9,6.9,1d,2023-01-11,2023-01-08,3.0,0.01,0.02,0.0,False,False
CPIYOY-22DEC,CPIYOY-22DEC-T6.9,6.9,final,2023-01-12,2023-01-08,4.0,0.01,0.02,0.0,False,False
CPIYOY-22DEC,CPIYOY-22DEC-T6.8,6.8,21d,2022-12-22,2022-12-22,0.0,0.025,0.03,0.0,False,False
CPIYOY-22DEC,CPIYOY-22DEC-T6.8,6.8,14d,2022-12-29,2022-12-26,3.0,0.5,1.0,0.0,False,False
CPIYOY-22DEC,CPIYOY-22DEC-T6.8,6.8,7d,2023-01-05,2023-01-04,1.0,0.015,0.03,0.0,False,False
CPIYOY-22DEC,CPIYOY-22DEC-T6.8,6.8,3d,2023-01-09,2023-01-09,0.0,0.015,0.03,0.0,False,False
CPIYOY-22DEC,CPIYOY-22DEC-T6.8,6.8,1d,2023-01-11,2023-01-09,2.0,0.015,0.03,0.0,False,False
CPIYOY-22DEC,CPIYOY-22DEC-T6.8,6.8,final,2023-01-12,2023-01-09,3.0,0.015,0.03,0.0,False,False
CPIYOY-22DEC,CPIYOY-22DEC-T6.7,6.7,21d,2022-12-22,2022-12-22,0.0,0.035,0.03,0.0,False,False
CPIYOY-22DEC,CPIYOY-22DEC-T6.7,6.7,14d,2022-12-29,2022-12-27,2.0,0.04,0.08,0.0,False,False
CPIYOY-22DEC,CPIYOY-22DEC-T6.7,6.7,7d,2023-01-05,2023-01-04,1.0,0.025,0.03,0.0,False,False
CPIYOY-22DEC,CPIYOY-22DEC-T6.7,6.7,3d,2023-01-09,2023-01-09,0.0,0.02,0.04,0.0,False,False
CPIYOY-22DEC,CPIYOY-22DEC-T6.7,6.7,1d,2023-01-11,2023-01-11,0.0,0.02,0.04,0.0,False,False
CPIYOY-22DEC,CPIYOY-22DEC-T6.7,6.7,final,2023-01-12,2023-01-11,1.0,0.02,0.04,0.0,False,False
CPIYOY-22DEC,CPIYOY-22DEC-T6.6,6.6,21d,2022-12-22,2022-12-22,0.0,0.1,0.04,0.0,False,False
CPIYOY-22DEC,CPIYOY-22DEC-T6.6,6.6,14d,2022-12-29,2022-12-26,3.0,0.05,0.1,0.0,False,False
CPIYOY-22DEC,CPIYOY-22DEC-T6.6,6.6,7d,2023-01-05,2023-01-04,1.0,0.07,0.04,0.0,False,False
CPIYOY-22DEC,CPIYOY-22DEC-T6.6,6.6,3d,2023-01-09,2023-01-09,0.0,0.055,0.03,0.0,False,False
CPIYOY-22DEC,CPIYOY-22DEC-T6.6,6.6,1d,2023-01-11,2023-01-11,0.0,0.055,0.03,201.0,False,False
CPIYOY-22DEC,CPIYOY-22DEC-T6.6,6.6,final,2023-01-12,2023-01-11,1.0,0.055,0.03,201.0,False,False
CPIYOY-22DEC,CPIYOY-22DEC-T6.5,6.5,21d,2022-12-22,2022-12-22,0.0,0.205,0.05,0.0,False,False
CPIYOY-22DEC,CPIYOY-22DEC-T6.5,6.5,14d,2022-12-29,2022-12-29,0.0,0.11,0.22,500.0,False,False
CPIYOY-22DEC,CPIYOY-22DEC-T6.5,6.5,7d,2023-01-05,2023-01-04,1.0,0.19,0.04,0.0,False,False
CPIYOY-22DEC,CPIYOY-22DEC-T6.5,6.5,3d,2023-01-09,2023-01-09,0.0,0.14,0.04,1000.0,False,False
CPIYOY-22DEC,CPIYOY-22DEC-T6.5,6.5,1d,2023-01-11,2023-01-11,0.0,0.145,0.03,198.0,False,False
CPIYOY-22DEC,CPIYOY-22DEC-T6.5,6.5,final,2023-01-12,2023-01-11,1.0,0.145,0.03,198.0,False,False
CPIYOY-22DEC,CPIYOY-22DEC-T6.4,6.4,21d,2022-12-22,2022-12-22,0.0,0.4,0.06,0.0,False,False
CPIYOY-22DEC,CPIYOY-22DEC-T6.4,6.4,14d,2022-12-29,2022-12-29,0.0,0.25,0.5,1163.0,False,False
CPIYOY-22DEC,CPIYOY-22DEC-T6.4,6.4,7d,2023-01-05,2023-01-05,0.0,0.395,0.05,0.0,False,False
CPIYOY-22DEC,CPIYOY-22DEC-T6.4,6.4,3d,2023-01-09,2023-01-09,0.0,0.385,0.01,0.0,False,False
CPIYOY-22DEC,CPIYOY-22DEC-T6.4,6.4,1d,2023-01-11,2023-01-11,0.0,0.345,0.05,163.0,False,False
CPIYOY-22DEC,CPIYOY-22DEC-T6.4,6.4,final,2023-01-12,2023-01-11,1.0,0.345,0.05,163.0,False,False
CPIYOY-22DEC,CPIYOY-22DEC-T6.3,6.3,21d,2022-12-22,2022-12-22,0.0,0.62,0.06,15.0,False,False
CPIYOY-22DEC,CPIYOY-22DEC-T6.3,6.3,14d,2022-12-29,2022-12-27,2.0,0.34,0.68,0.0,False,False
CPIYOY-22DEC,CPIYOY-22DEC-T6.3,6.3,7d,2023-01-05,2023-01-05,0.0,0.675,0.05,0.0,False,False
CPIYOY-22DEC,CPIYOY-22DEC-T6.3,6.3,3d,2023-01-09,2023-01-09,0.0,0.66,0.06,0.0,False,False
CPIYOY-22DEC,CPIYOY-22DEC-T6.3,6.3,1d,2023-01-11,2023-01-11,0.0,0.62,0.02,350.0,False,False
CPIYOY-22DEC,CPIYOY-22DEC-T6.3,6.3,final,2023-01-12,2023-01-11,1.0,0.62,0.02,350.0,False,False
CPIYOY-22DEC,CPIYOY-22DEC-T6.2,6.2,21d,2022-12-22,2022-12-22,0.0,0.77,0.04,0.0,False,False
CPIYOY-22DEC,CPIYOY-22DEC-T6.2,6.2,14d,2022-12-29,2022-12-26,3.0,0.5,1.0,0.0,False,False
CPIYOY-22DEC,CPIYOY-22DEC-T6.2,6.2,7d,2023-01-05,2023-01-05,0.0,0.88,0.04,1455.0,False,False
CPIYOY-22DEC,CPIYOY-22DEC-T6.2,6.2,3d,2023-01-09,2023-01-09,0.0,0.875,0.05,69.0,False,False
CPIYOY-22DEC,CPIYOY-22DEC-T6.2,6.2,1d,2023-01-11,2023-01-11,0.0,0.87,0.04,0.0,False,False
CPIYOY-22DEC,CPIYOY-22DEC-T6.2,6.2,final,2023-01-12,2023-01-11,1.0,0.87,0.04,0.0,False,False
CPIYOY-22DEC,CPIYOY-22DEC-T6.1,6.1,21d,2022-12-22,2022-12-22,0.0,0.88,0.04,0.0,False,False
CPIYOY-22DEC,CPIYOY-22DEC-T6.1,6.1,14d,2022-12-29,2022-12-26,3.0,0.93,0.14,0.0,False,False
CPIYOY-22DEC,CPIYOY-22DEC-T6.1,6.1,7d,2023-01-05,2023-01-05,0.0,0.955,0.01,0.0,False,False
CPIYOY-22DEC,CPIYOY-22DEC-T6.1,6.1,3d,2023-01-09,2023-01-08,1.0,0.95,0.02,125.0,False,False
CPIYOY-22DEC,CPIYOY-22DEC-T6.1,6.1,1d,2023-01-11,2023-01-11,0.0,0.95,0.02,0.0,False,False
CPIYOY-22DEC,CPIYOY-22DEC-T6.1,6.1,final,2023-01-12,2023-01-11,1.0,0.95,0.02,0.0,False,False
CPIYOY-22DEC,CPIYOY-22DEC-T6.0,6.0,21d,2022-12-22,2022-12-22,0.0,0.935,0.03,0.0,False,False
CPIYOY-22DEC,CPIYOY-22DEC-T6.0,6.0,14d,2022-12-29,2022-12-26,3.0,0.965,0.07,0.0,False,False
CPIYOY-22DEC,CPIYOY-22DEC-T6.0,6.0,7d,2023-01-05,2023-01-05,0.0,0.97,0.04,0.0,False,False
CPIYOY-22DEC,CPIYOY-22DEC-T6.0,6.0,3d,2023-01-09,2023-01-09,0.0,0.985,0.01,0.0,False,False
CPIYOY-22DEC,CPIYOY-22DEC-T6.0,6.0,1d,2023-01-11,2023-01-11,0.0,0.975,0.01,10.0,False,False
CPIYOY-22DEC,CPIYOY-22DEC-T6.0,6.0,final,2023-01-12,2023-01-11,1.0,0.975,0.01,10.0,False,False
CPIYOY-22NOV,CPIYOY-22NOV-T8.0,8.0,21d,2022-11-22,,,,,,True,False
CPIYOY-22NOV,CPIYOY-22NOV-T8.0,8.0,14d,2022-11-29,,,,,,True,False
CPIYOY-22NOV,CPIYOY-22NOV-T8.0,8.0,7d,2022-12-06,,,,,,True,False
CPIYOY-22NOV,CPIYOY-22NOV-T8.0,8.0,3d,2022-12-10,2022-12-10,0.0,0.015,0.01,0.0,False,False
CPIYOY-22NOV,CPIYOY-22NOV-T8.0,8.0,1d,2022-12-12,2022-12-12,0.0,0.02,0.02,200.0,False,False
CPIYOY-22NOV,CPIYOY-22NOV-T8.0,8.0,final,2022-12-13,2022-12-12,1.0,0.02,0.02,200.0,False,False
CPIYOY-22NOV,CPIYOY-22NOV-T7.9,7.9,21d,2022-11-22,,,,,,True,False
CPIYOY-22NOV,CPIYOY-22NOV-T7.9,7.9,14d,2022-11-29,,,,,,True,False
CPIYOY-22NOV,CPIYOY-22NOV-T7.9,7.9,7d,2022-12-06,,,,,,True,False
CPIYOY-22NOV,CPIYOY-22NOV-T7.9,7.9,3d,2022-12-10,2022-12-10,0.0,0.02,0.02,0.0,False,False
CPIYOY-22NOV,CPIYOY-22NOV-T7.9,7.9,1d,2022-12-12,2022-12-10,2.0,0.02,0.02,0.0,False,False
CPIYOY-22NOV,CPIYOY-22NOV-T7.9,7.9,final,2022-12-13,2022-12-10,3.0,0.02,0.02,0.0,False,False
CPIYOY-22NOV,CPIYOY-22NOV-T7.8,7.8,21d,2022-11-22,,,,,,True,False
CPIYOY-22NOV,CPIYOY-22NOV-T7.8,7.8,14d,2022-11-29,,,,,,True,False
CPIYOY-22NOV,CPIYOY-22NOV-T7.8,7.8,7d,2022-12-06,,,,,,True,False
CPIYOY-22NOV,CPIYOY-22NOV-T7.8,7.8,3d,2022-12-10,2022-12-09,1.0,0.02,0.02,0.0,False,False
CPIYOY-22NOV,CPIYOY-22NOV-T7.8,7.8,1d,2022-12-12,2022-12-09,3.0,0.02,0.02,0.0,False,False
CPIYOY-22NOV,CPIYOY-22NOV-T7.8,7.8,final,2022-12-13,2022-12-09,4.0,0.02,0.02,0.0,False,False
CPIYOY-22NOV,CPIYOY-22NOV-T7.7,7.7,21d,2022-11-22,,,,,,True,False
CPIYOY-22NOV,CPIYOY-22NOV-T7.7,7.7,14d,2022-11-29,,,,,,True,False
CPIYOY-22NOV,CPIYOY-22NOV-T7.7,7.7,7d,2022-12-06,,,,,,True,False
CPIYOY-22NOV,CPIYOY-22NOV-T7.7,7.7,3d,2022-12-10,2022-12-09,1.0,0.02,0.02,0.0,False,False
CPIYOY-22NOV,CPIYOY-22NOV-T7.7,7.7,1d,2022-12-12,2022-12-09,3.0,0.02,0.02,0.0,False,False
CPIYOY-22NOV,CPIYOY-22NOV-T7.7,7.7,final,2022-12-13,2022-12-09,4.0,0.02,0.02,0.0,False,False
CPIYOY-22NOV,CPIYOY-22NOV-T7.6,7.6,21d,2022-11-22,,,,,,True,False
CPIYOY-22NOV,CPIYOY-22NOV-T7.6,7.6,14d,2022-11-29,,,,,,True,False
CPIYOY-22NOV,CPIYOY-22NOV-T7.6,7.6,7d,2022-12-06,,,,,,True,False
CPIYOY-22NOV,CPIYOY-22NOV-T7.6,7.6,3d,2022-12-10,2022-12-09,1.0,0.025,0.03,0.0,False,False
CPIYOY-22NOV,CPIYOY-22NOV-T7.6,7.6,1d,2022-12-12,2022-12-09,3.0,0.025,0.03,0.0,False,False
CPIYOY-22NOV,CPIYOY-22NOV-T7.6,7.6,final,2022-12-13,2022-12-09,4.0,0.025,0.03,0.0,False,False
CPIYOY-22NOV,CPIYOY-22NOV-T7.5,7.5,21d,2022-11-22,,,,,,True,False
CPIYOY-22NOV,CPIYOY-22NOV-T7.5,7.5,14d,2022-11-29,,,,,,True,False
CPIYOY-22NOV,CPIYOY-22NOV-T7.5,7.5,7d,2022-12-06,,,,,,True,False
CPIYOY-22NOV,CPIYOY-22NOV-T7.5,7.5,3d,2022-12-10,2022-12-09,1.0,0.04,0.04,0.0,False,False
CPIYOY-22NOV,CPIYOY-22NOV-T7.5,7.5,1d,2022-12-12,2022-12-09,3.0,0.04,0.04,0.0,False,False
CPIYOY-22NOV,CPIYOY-22NOV-T7.5,7.5,final,2022-12-13,2022-12-09,4.0,0.04,0.04,0.0,False,False
CPIYOY-22NOV,CPIYOY-22NOV-T7.4,7.4,21d,2022-11-22,,,,,,True,False
CPIYOY-22NOV,CPIYOY-22NOV-T7.4,7.4,14d,2022-11-29,,,,,,True,False
CPIYOY-22NOV,CPIYOY-22NOV-T7.4,7.4,7d,2022-12-06,,,,,,True,False
CPIYOY-22NOV,CPIYOY-22NOV-T7.4,7.4,3d,2022-12-10,2022-12-10,0.0,0.08,0.04,101.0,False,False
CPIYOY-22NOV,CPIYOY-22NOV-T7.4,7.4,1d,2022-12-12,2022-12-12,0.0,0.07,0.02,2.0,False,False
CPIYOY-22NOV,CPIYOY-22NOV-T7.4,7.4,final,2022-12-13,2022-12-12,1.0,0.07,0.02,2.0,False,False
CPIYOY-22NOV,CPIYOY-22NOV-T7.3,7.3,21d,2022-11-22,,,,,,True,False
CPIYOY-22NOV,CPIYOY-22NOV-T7.3,7.3,14d,2022-11-29,,,,,,True,False
CPIYOY-22NOV,CPIYOY-22NOV-T7.3,7.3,7d,2022-12-06,,,,,,True,False
CPIYOY-22NOV,CPIYOY-22NOV-T7.3,7.3,3d,2022-12-10,2022-12-10,0.0,0.205,0.05,281.0,False,False
CPIYOY-22NOV,CPIYOY-22NOV-T7.3,7.3,1d,2022-12-12,2022-12-10,2.0,0.205,0.05,281.0,False,False
CPIYOY-22NOV,CPIYOY-22NOV-T7.3,7.3,final,2022-12-13,2022-12-10,3.0,0.205,0.05,281.0,False,False
CPIYOY-22NOV,CPIYOY-22NOV-T7.2,7.2,21d,2022-11-22,,,,,,True,False
CPIYOY-22NOV,CPIYOY-22NOV-T7.2,7.2,14d,2022-11-29,,,,,,True,False
CPIYOY-22NOV,CPIYOY-22NOV-T7.2,7.2,7d,2022-12-06,,,,,,True,False
CPIYOY-22NOV,CPIYOY-22NOV-T7.2,7.2,3d,2022-12-10,2022-12-10,0.0,0.435,0.05,201.0,False,False
CPIYOY-22NOV,CPIYOY-22NOV-T7.2,7.2,1d,2022-12-12,2022-12-10,2.0,0.435,0.05,201.0,False,False
CPIYOY-22NOV,CPIYOY-22NOV-T7.2,7.2,final,2022-12-13,2022-12-10,3.0,0.435,0.05,201.0,False,False
CPIYOY-22NOV,CPIYOY-22NOV-T7.1,7.1,21d,2022-11-22,,,,,,True,False
CPIYOY-22NOV,CPIYOY-22NOV-T7.1,7.1,14d,2022-11-29,,,,,,True,False
CPIYOY-22NOV,CPIYOY-22NOV-T7.1,7.1,7d,2022-12-06,,,,,,True,False
CPIYOY-22NOV,CPIYOY-22NOV-T7.1,7.1,3d,2022-12-10,2022-12-10,0.0,0.56,0.06,72.0,False,False
CPIYOY-22NOV,CPIYOY-22NOV-T7.1,7.1,1d,2022-12-12,2022-12-12,0.0,0.56,0.06,1.0,False,False
CPIYOY-22NOV,CPIYOY-22NOV-T7.1,7.1,final,2022-12-13,2022-12-12,1.0,0.56,0.06,1.0,False,False
CPIYOY-22NOV,CPIYOY-22NOV-T7.0,7.0,21d,2022-11-22,,,,,,True,False
CPIYOY-22NOV,CPIYOY-22NOV-T7.0,7.0,14d,2022-11-29,,,,,,True,False
CPIYOY-22NOV,CPIYOY-22NOV-T7.0,7.0,7d,2022-12-06,,,,,,True,False
CPIYOY-22NOV,CPIYOY-22NOV-T7.0,7.0,3d,2022-12-10,2022-12-10,0.0,0.765,0.03,0.0,False,False
CPIYOY-22NOV,CPIYOY-22NOV-T7.0,7.0,1d,2022-12-12,2022-12-10,2.0,0.765,0.03,0.0,False,False
CPIYOY-22NOV,CPIYOY-22NOV-T7.0,7.0,final,2022-12-13,2022-12-10,3.0,0.765,0.03,0.0,False,False
CPIYOY-22NOV,CPIYOY-22NOV-T6.9,6.9,21d,2022-11-22,,,,,,True,False
CPIYOY-22NOV,CPIYOY-22NOV-T6.9,6.9,14d,2022-11-29,,,,,,True,False
CPIYOY-22NOV,CPIYOY-22NOV-T6.9,6.9,7d,2022-12-06,,,,,,True,False
CPIYOY-22NOV,CPIYOY-22NOV-T6.9,6.9,3d,2022-12-10,2022-12-10,0.0,0.905,0.03,0.0,False,False
CPIYOY-22NOV,CPIYOY-22NOV-T6.9,6.9,1d,2022-12-12,2022-12-12,0.0,0.9,0.04,0.0,False,False
CPIYOY-22NOV,CPIYOY-22NOV-T6.9,6.9,final,2022-12-13,2022-12-12,1.0,0.9,0.04,0.0,False,False
CPIYOY-22NOV,CPIYOY-22NOV-T6.8,6.8,21d,2022-11-22,,,,,,True,False
CPIYOY-22NOV,CPIYOY-22NOV-T6.8,6.8,14d,2022-11-29,,,,,,True,False
CPIYOY-22NOV,CPIYOY-22NOV-T6.8,6.8,7d,2022-12-06,,,,,,True,False
CPIYOY-22NOV,CPIYOY-22NOV-T6.8,6.8,3d,2022-12-10,2022-12-10,0.0,0.955,0.03,0.0,False,False
CPIYOY-22NOV,CPIYOY-22NOV-T6.8,6.8,1d,2022-12-12,2022-12-12,0.0,0.96,0.02,0.0,False,False
CPIYOY-22NOV,CPIYOY-22NOV-T6.8,6.8,final,2022-12-13,2022-12-12,1.0,0.96,0.02,0.0,False,False
