event_ticker,horizon,threshold,S_adjusted
CPIYOY-22DEC,14d,6.0,0.965
CPIYOY-22DEC,14d,6.1,0.93
CPIYOY-22DEC,14d,6.2,0.5
CPIYOY-22DEC,14d,6.3,0.34
CPIYOY-22DEC,14d,6.4,0.25
CPIYOY-22DEC,14d,6.5,0.24000000000000005
CPIYOY-22DEC,14d,6.6,0.24000000000000005
CPIYOY-22DEC,14d,6.7,0.24000000000000005
CPIYOY-22DEC,14d,6.8,0.24000000000000005
CPIYOY-22DEC,14d,6.9,0.24000000000000005
CPIYOY-22DEC,14d,7.0,0.20299999999999993
CPIYOY-22DEC,14d,7.1,0.20299999999999993
CPIYOY-22DEC,14d,7.2,0.20299999999999993
CPIYOY-22DEC,14d,7.3,0.20299999999999993
CPIYOY-22DEC,14d,7.4,0.20299999999999993
CPIYOY-22DEC,1d,6.0,0.975
CPIYOY-22DEC,1d,6.1,0.95
CPIYOY-22DEC,1d,6.2,0.87
CPIYOY-22DEC,1d,6.3,0.62
CPIYOY-22DEC,1d,6.4,0.345
CPIYOY-22DEC,1d,6.5,0.145
CPIYOY-22DEC,1d,6.6,0.055
CPIYOY-22DEC,1d,6.7,0.02
CPIYOY-22DEC,1d,6.8,0.015
CPIYOY-22DEC,1d,6.9,0.01
CPIYOY-22DEC,1d,7.0,0.005
CPIYOY-22DEC,1d,7.1,0.005
CPIYOY-22DEC,1d,7.2,0.005
CPIYOY-22DEC,1d,7.3,0.005
CPIYOY-22DEC,1d,7.4,0.005
CPIYOY-22DEC,21d,6.0,0.935
CPIYOY-22DEC,21d,6.1,0.88
CPIYOY-22DEC,21d,6.2,0.77
CPIYOY-22DEC,21d,6.3,0.62
CPIYOY-22DEC,21d,6.4,0.4
CPIYOY-22DEC,21d,6.5,0.205
CPIYOY-22DEC,21d,6.6,0.1
CPIYOY-22DEC,21d,6.7,0.035
CPIYOY-22DEC,21d,6.8,0.025
CPIYOY-22DEC,21d,6.9,0.015
CPIYOY-22DEC,21d,7.0,0.005
CPIYOY-22DEC,21d,7.1,0.005
CPIYOY-22DEC,21d,7.2,0.005
CPIYOY-22DEC,21d,7.3,0.005
CPIYOY-22DEC,21d,7.4,0.005
CPIYOY-22DEC,3d,6.0,0.985
CPIYOY-22DEC,3d,6.1,0.95
CPIYOY-22DEC,3d,6.2,0.875
CPIYOY-22DEC,3d,6.3,0.66
CPIYOY-22DEC,3d,6.4,0.385
CPIYOY-22DEC,3d,6.5,0.14
CPIYOY-22DEC,3d,6.6,0.055
CPIYOY-22DEC,3d,6.7,0.02
CPIYOY-22DEC,3d,6.8,0.015
CPIYOY-22DEC,3d,6.9,0.01
CPIYOY-22DEC,3d,7.0,0.005
CPIYOY-22DEC,3d,7.1,0.005
CPIYOY-22DEC,3d,7.2,0.005
CPIYOY-22DEC,3d,7.3,0.005
CPIYOY-22DEC,3d,7.4,0.005
CPIYOY-22DEC,7d,6.0,0.97
CPIYOY-22DEC,7d,6.1,0.955
CPIYOY-22DEC,7d,6.2,0.88
CPIYOY-22DEC,7d,6.3,0.675
CPIYOY-22DEC,7d,6.4,0.395
CPIYOY-22DEC,7d,6.5,0.19
CPIYOY-22DEC,7d,6.6,0.07
CPIYOY-22DEC,7d,6.7,0.025
CPIYOY-22DEC,7d,6.8,0.015
CPIYOY-22DEC,7d,6.9,0.01
CPIYOY-22DEC,7d,7.0,0.009
CPIYOY-22DEC,7d,7.1,0.009
CPIYOY-22DEC,7d,7.2,0.009
CPIYOY-22DEC,7d,7.3,0.009
CPIYOY-22DEC,7d,7.4,0.009
CPIYOY-22DEC,final,6.0,0.975
CPIYOY-22DEC,final,6.1,0.95
CPIYOY-22DEC,final,6.2,0.87
CPIYOY-22DEC,final,6.3,0.62
CPIYOY-22DEC,final,6.4,0.345
CPIYOY-22DEC,final,6.5,0.145
CPIYOY-22DEC,final,6.6,0.055
CPIYOY-22DEC,final,6.7,0.02
CPIYOY-22DEC,final,6.8,0.015
CPIYOY-22DEC,final,6.9,0.01
CPIYOY-22DEC,final,7.0,0.005
CPIYOY-22DEC,final,7.1,0.005
CPIYOY-22DEC,final,7.2,0.005
CPIYOY-22DEC,final,7.3,0.005
CPIYOY-22DEC,final,7.4,0.005
CPIYOY-22NOV,1d,6.8,0.96
CPIYOY-22NOV,1d,6.9,0.9
CPIYOY-22NOV,1d,7.0,0.765
CPIYOY-22NOV,1d,7.1,0.56
CPIYOY-22NOV,1d,7.2,0.435
CPIYOY-22NOV,1d,7.3,0.205
CPIYOY-22NOV,1d,7.4,0.07
CPIYOY-22NOV,1d,7.5,0.04
CPIYOY-22NOV,1d,7.6,0.025
CPIYOY-22NOV,1d,7.7,0.02
CPIYOY-22NOV,1d,7.8,0.02
CPIYOY-22NOV,1d,7.9,0.02
CPIYOY-22NOV,1d,8.0,0.02
CPIYOY-22NOV,3d,6.8,0.955
CPIYOY-22NOV,3d,6.9,0.905
CPIYOY-22NOV,3d,7.0,0.765
CPIYOY-22NOV,3d,7.1,0.56
CPIYOY-22NOV,3d,7.2,0.435
CPIYOY-22NOV,3d,7.3,0.205
CPIYOY-22NOV,3d,7.4,0.08
CPIYOY-22NOV,3d,7.5,0.04
CPIYOY-22NOV,3d,7.6,0.025
CPIYOY-22NOV,3d,7.7,0.02
CPIYOY-22NOV,3d,7.8,0.02
CPIYOY-22NOV,3d,7.9,0.02
CPIYOY-22NOV,3d,8.0,0.015
CPIYOY-22NOV,final,6.8,0.96
CPIYOY-22NOV,final,6.9,0.9
CPIYOY-22NOV,final,7.0,0.765
CPIYOY-22NOV,final,7.1,0.56
CPIYOY-22NOV,final,7.2,0.435
CPIYOY-22NOV,final,7.3,0.205
CPIYOY-22NOV,final,7.4,0.07
CPIYOY-22NOV,final,7.5,0.04
CPIYOY-22NOV,final,7.6,0.025
CPIYOY-22NOV,final,7.7,0.02
CPIYOY-22NOV,final,7.8,0.02
CPIYOY-22NOV,final,7.9,0.02
CPIYOY-22NOV,final,8.0,0.02
CPIYOY-23APR,14d,3.4,0.995
CPIYOY-23APR,14d,3.5,0.995
CPIYOY-23APR,14d,3.6,0.99
CPIYOY-23APR,14d,3.7,0.99
CPIYOY-23APR,14d,3.8,0.99
CPIYOY-23APR,14d,3.9,0.99
CPIYOY-23APR,14d,4.0,0.99
CPIYOY-23APR,14d,4.1,0.9816666666666666
CPIYOY-23APR,14d,4.2,0.9816666666666666
CPIYOY-23APR,14d,4.3,0.9816666666666666
CPIYOY-23APR,14d,4.4,0.98
CPIYOY-23APR,14d,4.5,0.98
CPIYOY-23APR,14d,4.6,0.7633333333333333
CPIYOY-23APR,14d,4.7,0.7633333333333333
CPIYOY-23APR,14d,4.8,0.7633333333333333
CPIYOY-23APR,14d,4.9,0.58
CPIYOY-23APR,14d,5.0,0.345
CPIYOY-23APR,14d,5.1,0.215
CPIYOY-23APR,14d,5.2,0.09
CPIYOY-23APR,14d,5.3,0.03
CPIYOY-23APR,14d,5.4,0.03
CPIYOY-23APR,14d,5.5,0.03
CPIYOY-23APR,1d,3.4,0.995
CPIYOY-23APR,1d,3.5,0.995
CPIYOY-23APR,1d,3.6,0.995
CPIYOY-23APR,1d,3.7,0.995
CPIYOY-23APR,1d,3.8,0.9900000000000001
CPIYOY-23APR,1d,3.9,0.9900000000000001
CPIYOY-23APR,1d,4.0,0.9900000000000001
CPIYOY-23APR,1d,4.1,0.9900000000000001
CPIYOY-23APR,1d,4.2,0.9900000000000001
CPIYOY-23APR,1d,4.3,0.9900000000000001
CPIYOY-23APR,1d,4.4,0.985
CPIYOY-23APR,1d,4.5,0.985
CPIYOY-23APR,1d,4.6,0.9824999999999999
CPIYOY-23APR,1d,4.7,0.9824999999999999
CPIYOY-23APR,1d,4.8,0.915
CPIYOY-23APR,1d,4.9,0.71
CPIYOY-23APR,1d,5.0,0.395
CPIYOY-23APR,1d,5.1,0.105
CPIYOY-23APR,1d,5.2,0.025
CPIYOY-23APR,1d,5.3,0.02
CPIYOY-23APR,1d,5.4,0.02
CPIYOY-23APR,1d,5.5,0.02
CPIYOY-23APR,21d,3.4,0.6666666666666666
CPIYOY-23APR,21d,3.5,0.6666666666666666
CPIYOY-23APR,21d,3.6,0.6666666666666666
CPIYOY-23APR,21d,3.7,0.6634615384615383
CPIYOY-23APR,21d,3.8,0.6634615384615383
CPIYOY-23APR,21d,3.9,0.6634615384615383
CPIYOY-23APR,21d,4.0,0.6634615384615383
CPIYOY-23APR,21d,4.1,0.6634615384615383
CPIYOY-23APR,21d,4.2,0.6634615384615383
CPIYOY-23APR,21d,4.3,0.6634615384615383
CPIYOY-23APR,21d,4.4,0.6634615384615383
CPIYOY-23APR,21d,4.5,0.6634615384615383
CPIYOY-23APR,21d,4.6,0.6634615384615383
CPIYOY-23APR,21d,4.7,0.6634615384615383
CPIYOY-23APR,21d,4.8,0.6634615384615383
CPIYOY-23APR,21d,4.9,0.6634615384615383
CPIYOY-23APR,21d,5.0,0.555
CPIYOY-23APR,21d,5.1,0.41
CPIYOY-23APR,21d,5.2,0.2
CPIYOY-23APR,21d,5.3,0.085
CPIYOY-23APR,21d,5.4,0.037500000000000006
CPIYOY-23APR,21d,5.5,0.037500000000000006
CPIYOY-23APR,3d,3.4,0.995
CPIYOY-23APR,3d,3.5,0.995
CPIYOY-23APR,3d,3.6,0.995
CPIYOY-23APR,3d,3.7,0.995
CPIYOY-23APR,3d,3.8,0.9900000000000001
CPIYOY-23APR,3d,3.9,0.9900000000000001
CPIYOY-23APR,3d,4.0,0.9900000000000001
CPIYOY-23APR,3d,4.1,0.9900000000000001
CPIYOY-23APR,3d,4.2,0.9900000000000001
CPIYOY-23APR,3d,4.3,0.9900000000000001
CPIYOY-23APR,3d,4.4,0.985
CPIYOY-23APR,3d,4.5,0.985
CPIYOY-23APR,3d,4.6,0.975
CPIYOY-23APR,3d,4.7,0.945
CPIYOY-23APR,3d,4.8,0.875
CPIYOY-23APR,3d,4.9,0.56
CPIYOY-23APR,3d,5.0,0.375
CPIYOY-23APR,3d,5.1,0.125
CPIYOY-23APR,3d,5.2,0.03
CPIYOY-23APR,3d,5.3,0.02
CPIYOY-23APR,3d,5.4,0.02
CPIYOY-23APR,3d,5.5,0.02
CPIYOY-23APR,7d,3.4,0.995
CPIYOY-23APR,7d,3.5,0.995
CPIYOY-23APR,7d,3.6,0.995
CPIYOY-23APR,7d,3.7,0.995
CPIYOY-23APR,7d,3.8,0.9899999999999999
CPIYOY-23APR,7d,3.9,0.9899999999999999
CPIYOY-23APR,7d,4.0,0.9899999999999999
CPIYOY-23APR,7d,4.1,0.9866666666666667
CPIYOY-23APR,7d,4.2,0.9866666666666667
CPIYOY-23APR,7d,4.3,0.9866666666666667
CPIYOY-23APR,7d,4.4,0.985
CPIYOY-23APR,7d,4.5,0.985
CPIYOY-23APR,7d,4.6,0.94
CPIYOY-23APR,7d,4.7,0.6125
CPIYOY-23APR,7d,4.8,0.6125
CPIYOY-23APR,7d,4.9,0.59
CPIYOY-23APR,7d,5.0,0.225
CPIYOY-23APR,7d,5.1,0.105
CPIYOY-23APR,7d,5.2,0.04
CPIYOY-23APR,7d,5.3,0.02666666666666667
CPIYOY-23APR,7d,5.4,0.02666666666666667
CPIYOY-23APR,7d,5.5,0.02666666666666667
CPIYOY-23APR,final,3.4,0.995
CPIYOY-23APR,final,3.5,0.995
CPIYOY-23APR,final,3.6,0.995
CPIYOY-23APR,final,3.7,0.995
CPIYOY-23APR,final,3.8,0.9900000000000001
CPIYOY-23APR,final,3.9,0.9900000000000001
CPIYOY-23APR,final,4.0,0.9900000000000001
CPIYOY-23APR,final,4.1,0.9900000000000001
CPIYOY-23APR,final,4.2,0.9900000000000001
CPIYOY-23APR,final,4.3,0.9900000000000001
CPIYOY-23APR,final,4.4,0.985
CPIYOY-23APR,final,4.5,0.985
CPIYOY-23APR,final,4.6,0.9824999999999999
CPIYOY-23APR,final,4.7,0.9824999999999999
CPIYOY-23APR,final,4.8,0.915
CPIYOY-23APR,final,4.9,0.71
CPIYOY-23APR,final,5.0,0.395
CPIYOY-23APR,final,5.1,0.105
CPIYOY-23APR,final,5.2,0.025
CPIYOY-23APR,final,5.3,0.02
CPIYOY-23APR,final,5.4,0.02
CPIYOY-23APR,final,5.5,0.02
CPIYOY-23AUG,14d,2.8,0.98625
CPIYOY-23AUG,14d,2.9,0.98625
CPIYOY-23AUG,14d,3.0,0.98625
CPIYOY-23AUG,14d,3.1,0.98625
CPIYOY-23AUG,14d,3.2,0.975
CPIYOY-23AUG,14d,3.3,0.97
CPIYOY-23AUG,14d,3.4,0.97
CPIYOY-23AUG,14d,3.5,0.885
CPIYOY-23AUG,14d,3.6,0.64
CPIYOY-23AUG,14d,3.7,0.26
CPIYOY-23AUG,14d,3.8,0.11
CPIYOY-23AUG,14d,3.9,0.04
CPIYOY-23AUG,14d,4.0,0.02
CPIYOY-23AUG,14d,4.099999,0.015
CPIYOY-23AUG,14d,4.2,0.01
CPIYOY-23AUG,1d,2.8,0.98625
CPIYOY-23AUG,1d,2.9,0.98625
CPIYOY-23AUG,1d,3.0,0.98625
CPIYOY-23AUG,1d,3.1,0.98625
CPIYOY-23AUG,1d,3.2,0.98
CPIYOY-23AUG,1d,3.3,0.975
CPIYOY-23AUG,1d,3.4,0.975
CPIYOY-23AUG,1d,3.5,0.9
CPIYOY-23AUG,1d,3.6,0.625
CPIYOY-23AUG,1d,3.7,0.22
CPIYOY-23AUG,1d,3.8,0.023333333333333334
CPIYOY-23AUG,1d,3.9,0.023333333333333334
CPIYOY-23AUG,1d,4.0,0.023333333333333334
CPIYOY-23AUG,1d,4.099999,0.015
CPIYOY-23AUG,1d,4.2,0.01
CPIYOY-23AUG,21d,2.8,0.98625
CPIYOY-23AUG,21d,2.9,0.98625
CPIYOY-23AUG,21d,3.0,0.98625
CPIYOY-23AUG,21d,3.1,0.98625
CPIYOY-23AUG,21d,3.2,0.975
CPIYOY-23AUG,21d,3.3,0.965
CPIYOY-23AUG,21d,3.4,0.96
CPIYOY-23AUG,21d,3.5,0.865
CPIYOY-23AUG,21d,3.6,0.6
CPIYOY-23AUG,21d,3.7,0.245
CPIYOY-23AUG,21d,3.8,0.095
CPIYOY-23AUG,21d,3.9,0.05
CPIYOY-23AUG,21d,4.0,0.025
CPIYOY-23AUG,21d,4.099999,0.015
CPIYOY-23AUG,21d,4.2,0.01
CPIYOY-23AUG,3d,2.8,0.98625
CPIYOY-23AUG,3d,2.9,0.98625
CPIYOY-23AUG,3d,3.0,0.98625
CPIYOY-23AUG,3d,3.1,0.98625
CPIYOY-23AUG,3d,3.2,0.98
CPIYOY-23AUG,3d,3.3,0.975
CPIYOY-23AUG,3d,3.4,0.975
CPIYOY-23AUG,3d,3.5,0.895
CPIYOY-23AUG,3d,3.6,0.64
CPIYOY-23AUG,3d,3.7,0.245
CPIYOY-23AUG,3d,3.8,0.03
CPIYOY-23AUG,3d,3.9,0.025
CPIYOY-23AUG,3d,4.0,0.025
CPIYOY-23AUG,3d,4.099999,0.015
CPIYOY-23AUG,3d,4.2,0.01
CPIYOY-23AUG,7d,2.8,0.98625
CPIYOY-23AUG,7d,2.9,0.98625
CPIYOY-23AUG,7d,3.0,0.98625
CPIYOY-23AUG,7d,3.1,0.98625
CPIYOY-23AUG,7d,3.2,0.98
CPIYOY-23AUG,7d,3.3,0.9724999999999999
CPIYOY-23AUG,7d,3.4,0.9724999999999999
CPIYOY-23AUG,7d,3.5,0.885
CPIYOY-23AUG,7d,3.6,0.645
CPIYOY-23AUG,7d,3.7,0.26
CPIYOY-23AUG,7d,3.8,0.03
CPIYOY-23AUG,7d,3.9,0.025
CPIYOY-23AUG,7d,4.0,0.025
CPIYOY-23AUG,7d,4.099999,0.015
CPIYOY-23AUG,7d,4.2,0.01
CPIYOY-23AUG,final,2.8,0.98625
CPIYOY-23AUG,final,2.9,0.98625
CPIYOY-23AUG,final,3.0,0.98625
CPIYOY-23AUG,final,3.1,0.98625
CPIYOY-23AUG,final,3.2,0.98
CPIYOY-23AUG,final,3.3,0.975
CPIYOY-23AUG,final,3.4,0.975
CPIYOY-23AUG,final,3.5,0.9
CPIYOY-23AUG,final,3.6,0.625
CPIYOY-23AUG,final,3.7,0.22
CPIYOY-23AUG,final,3.8,0.023333333333333334
CPIYOY-23AUG,final,3.9,0.023333333333333334
CPIYOY-23AUG,final,4.0,0.023333333333333334
CPIYOY-23AUG,final,4.099999,0.015
CPIYOY-23AUG,final,4.2,0.01
CPIYOY-23DEC,14d,2.8,0.93
CPIYOY-23DEC,14d,2.9,0.9275
CPIYOY-23DEC,14d,3.0,0.9275
CPIYOY-23DEC,14d,3.1,0.875
CPIYOY-23DEC,14d,3.2,0.6
CPIYOY-23DEC,14d,3.3,0.275
CPIYOY-23DEC,14d,3.4,0.155
CPIYOY-23DEC,1d,2.8,0.995
CPIYOY-23DEC,1d,2.9,0.99
CPIYOY-23DEC,1d,3.0,0.99
CPIYOY-23DEC,1d,3.1,0.93
CPIYOY-23DEC,1d,3.2,0.675
CPIYOY-23DEC,1d,3.3,0.315
CPIYOY-23DEC,1d,3.4,0.055
CPIYOY-23DEC,21d,2.8,0.93
CPIYOY-23DEC,21d,2.9,0.9175
CPIYOY-23DEC,21d,3.0,0.9175
CPIYOY-23DEC,21d,3.1,0.81
CPIYOY-23DEC,21d,3.2,0.545
CPIYOY-23DEC,21d,3.3,0.38
CPIYOY-23DEC,21d,3.4,0.03
CPIYOY-23DEC,3d,2.8,0.995
CPIYOY-23DEC,3d,2.9,0.99
CPIYOY-23DEC,3d,3.0,0.985
CPIYOY-23DEC,3d,3.1,0.915
CPIYOY-23DEC,3d,3.2,0.695
CPIYOY-23DEC,3d,3.3,0.185
CPIYOY-23DEC,3d,3.4,0.055
CPIYOY-23DEC,7d,2.8,0.995
CPIYOY-23DEC,7d,2.9,0.99
CPIYOY-23DEC,7d,3.0,0.985
CPIYOY-23DEC,7d,3.1,0.905
CPIYOY-23DEC,7d,3.2,0.67
CPIYOY-23DEC,7d,3.3,0.23
CPIYOY-23DEC,7d,3.4,0.065
CPIYOY-23DEC,final,2.8,0.995
CPIYOY-23DEC,final,2.9,0.99
CPIYOY-23DEC,final,3.0,0.99
CPIYOY-23DEC,final,3.1,0.93
CPIYOY-23DEC,final,3.2,0.675
CPIYOY-23DEC,final,3.3,0.315
CPIYOY-23DEC,final,3.4,0.055
CPIYOY-23FEB,14d,4.4,0.9789999999999999
CPIYOY-23FEB,14d,4.5,0.9789999999999999
CPIYOY-23FEB,14d,4.6,0.9789999999999999
CPIYOY-23FEB,14d,4.7,0.9789999999999999
CPIYOY-23FEB,14d,4.8,0.9789999999999999
CPIYOY-23FEB,14d,4.9,0.975
CPIYOY-23FEB,14d,5.0,0.975
CPIYOY-23FEB,14d,5.1,0.975
CPIYOY-23FEB,14d,5.2,0.975
CPIYOY-23FEB,14d,5.3,0.975
CPIYOY-23FEB,14d,5.4,0.9699999999999999
CPIYOY-23FEB,14d,5.5,0.9699999999999999
CPIYOY-23FEB,14d,5.6,0.9699999999999999
CPIYOY-23FEB,14d,5.7,0.95
CPIYOY-23FEB,14d,5.8,0.92
CPIYOY-23FEB,14d,5.9,0.84
CPIYOY-23FEB,14d,6.0,0.595
CPIYOY-23FEB,14d,6.1,0.405
CPIYOY-23FEB,14d,6.2,0.22124999999999997
CPIYOY-23FEB,14d,6.3,0.22124999999999997
CPIYOY-23FEB,14d,6.4,0.22124999999999997
CPIYOY-23FEB,14d,6.5,0.22124999999999997
CPIYOY-23FEB,1d,4.4,0.995
CPIYOY-23FEB,1d,4.5,0.995
CPIYOY-23FEB,1d,4.6,0.995
CPIYOY-23FEB,1d,4.7,0.99
CPIYOY-23FEB,1d,4.8,0.985
CPIYOY-23FEB,1d,4.9,0.98
CPIYOY-23FEB,1d,5.0,0.975
CPIYOY-23FEB,1d,5.1,0.975
CPIYOY-23FEB,1d,5.2,0.975
CPIYOY-23FEB,1d,5.3,0.975
CPIYOY-23FEB,1d,5.4,0.9716666666666667
CPIYOY-23FEB,1d,5.5,0.9716666666666667
CPIYOY-23FEB,1d,5.6,0.9716666666666667
CPIYOY-23FEB,1d,5.7,0.955
CPIYOY-23FEB,1d,5.8,0.95
CPIYOY-23FEB,1d,5.9,0.85
CPIYOY-23FEB,1d,6.0,0.65
CPIYOY-23FEB,1d,6.1,0.405
CPIYOY-23FEB,1d,6.2,0.09
CPIYOY-23FEB,1d,6.3,0.03
CPIYOY-23FEB,1d,6.4,0.025
CPIYOY-23FEB,1d,6.5,0.02
CPIYOY-23FEB,21d,4.4,0.825
CPIYOY-23FEB,21d,4.5,0.6010714285714285
CPIYOY-23FEB,21d,4.6,0.6010714285714285
CPIYOY-23FEB,21d,4.7,0.6010714285714285
CPIYOY-23FEB,21d,4.8,0.6010714285714285
CPIYOY-23FEB,21d,4.9,0.6010714285714285
CPIYOY-23FEB,21d,5.0,0.6010714285714285
CPIYOY-23FEB,21d,5.1,0.6010714285714285
CPIYOY-23FEB,21d,5.2,0.6010714285714285
CPIYOY-23FEB,21d,5.3,0.6010714285714285
CPIYOY-23FEB,21d,5.4,0.6010714285714285
CPIYOY-23FEB,21d,5.5,0.6010714285714285
CPIYOY-23FEB,21d,5.6,0.6010714285714285
CPIYOY-23FEB,21d,5.7,0.6010714285714285
CPIYOY-23FEB,21d,5.8,0.6010714285714285
CPIYOY-23FEB,3d,4.4,0.9800000000000001
CPIYOY-23FEB,3d,4.5,0.9800000000000001
CPIYOY-23FEB,3d,4.6,0.9800000000000001
CPIYOY-23FEB,3d,4.7,0.9800000000000001
CPIYOY-23FEB,3d,4.8,0.9800000000000001
CPIYOY-23FEB,3d,4.9,0.975
CPIYOY-23FEB,3d,5.0,0.975
CPIYOY-23FEB,3d,5.1,0.975
CPIYOY-23FEB,3d,5.2,0.975
CPIYOY-23FEB,3d,5.3,0.975
CPIYOY-23FEB,3d,5.4,0.9716666666666667
CPIYOY-23FEB,3d,5.5,0.9716666666666667
CPIYOY-23FEB,3d,5.6,0.9716666666666667
CPIYOY-23FEB,3d,5.7,0.955
CPIYOY-23FEB,3d,5.8,0.95
CPIYOY-23FEB,3d,5.9,0.85
CPIYOY-23FEB,3d,6.0,0.655
CPIYOY-23FEB,3d,6.1,0.405
CPIYOY-23FEB,3d,6.2,0.1
CPIYOY-23FEB,3d,6.3,0.035
CPIYOY-23FEB,3d,6.4,0.025
CPIYOY-23FEB,3d,6.5,0.02
CPIYOY-23FEB,7d,4.4,0.9800000000000001
CPIYOY-23FEB,7d,4.5,0.9800000000000001
CPIYOY-23FEB,7d,4.6,0.9800000000000001
CPIYOY-23FEB,7d,4.7,0.9800000000000001
CPIYOY-23FEB,7d,4.8,0.9800000000000001
CPIYOY-23FEB,7d,4.9,0.975
CPIYOY-23FEB,7d,5.0,0.975
CPIYOY-23FEB,7d,5.1,0.975
CPIYOY-23FEB,7d,5.2,0.975
CPIYOY-23FEB,7d,5.3,0.975
CPIYOY-23FEB,7d,5.4,0.9716666666666667
CPIYOY-23FEB,7d,5.5,0.9716666666666667
CPIYOY-23FEB,7d,5.6,0.9716666666666667
CPIYOY-23FEB,7d,5.7,0.955
CPIYOY-23FEB,7d,5.8,0.95
CPIYOY-23FEB,7d,5.9,0.89
CPIYOY-23FEB,7d,6.0,0.64
CPIYOY-23FEB,7d,6.1,0.405
CPIYOY-23FEB,7d,6.2,0.17
CPIYOY-23FEB,7d,6.3,0.16749999999999998
CPIYOY-23FEB,7d,6.4,0.16749999999999998
CPIYOY-23FEB,7d,6.5,0.1
CPIYOY-23FEB,final,4.4,0.995
CPIYOY-23FEB,final,4.5,0.995
CPIYOY-23FEB,final,4.6,0.995
CPIYOY-23FEB,final,4.7,0.99
CPIYOY-23FEB,final,4.8,0.985
CPIYOY-23FEB,final,4.9,0.98
CPIYOY-23FEB,final,5.0,0.975
CPIYOY-23FEB,final,5.1,0.975
CPIYOY-23FEB,final,5.2,0.975
CPIYOY-23FEB,final,5.3,0.975
CPIYOY-23FEB,final,5.4,0.9716666666666667
CPIYOY-23FEB,final,5.5,0.9716666666666667
CPIYOY-23FEB,final,5.6,0.9716666666666667
CPIYOY-23FEB,final,5.7,0.955
CPIYOY-23FEB,final,5.8,0.95
CPIYOY-23FEB,final,5.9,0.85
CPIYOY-23FEB,final,6.0,0.65
CPIYOY-23FEB,final,6.1,0.405
CPIYOY-23FEB,final,6.2,0.09
CPIYOY-23FEB,final,6.3,0.03
CPIYOY-23FEB,final,6.4,0.025
CPIYOY-23FEB,final,6.5,0.02
CPIYOY-23JAN,14d,5.4,0.9575
CPIYOY-23JAN,14d,5.5,0.9575
CPIYOY-23JAN,14d,5.6,0.95
CPIYOY-23JAN,14d,5.7,0.95
CPIYOY-23JAN,14d,5.8,0.7375
CPIYOY-23JAN,14d,5.9,0.7375
CPIYOY-23JAN,14d,6.0,0.695
CPIYOY-23JAN,14d,6.1,0.645
CPIYOY-23JAN,14d,6.2,0.5
CPIYOY-23JAN,14d,6.3,0.49499999999999994
CPIYOY-23JAN,14d,6.4,0.49499999999999994
CPIYOY-23JAN,14d,6.5,0.49499999999999994
CPIYOY-23JAN,14d,6.6,0.4916666666666667
CPIYOY-23JAN,14d,6.7,0.4916666666666667
CPIYOY-23JAN,14d,6.8,0.4916666666666667
CPIYOY-23JAN,1d,5.4,0.99
CPIYOY-23JAN,1d,5.5,0.985
CPIYOY-23JAN,1d,5.6,0.985
CPIYOY-23JAN,1d,5.7,0.98
CPIYOY-23JAN,1d,5.8,0.9716666666666667
CPIYOY-23JAN,1d,5.9,0.9716666666666667
CPIYOY-23JAN,1d,6.0,0.9716666666666667
CPIYOY-23JAN,1d,6.1,0.97
CPIYOY-23JAN,1d,6.2,0.885
CPIYOY-23JAN,1d,6.3,0.575
CPIYOY-23JAN,1d,6.4,0.3
CPIYOY-23JAN,1d,6.5,0.135
CPIYOY-23JAN,1d,6.6,0.055
CPIYOY-23JAN,1d,6.7,0.02
CPIYOY-23JAN,1d,6.8,0.01
CPIYOY-23JAN,21d,5.4,0.905
CPIYOY-23JAN,21d,5.5,0.905
CPIYOY-23JAN,21d,5.6,0.84
CPIYOY-23JAN,21d,5.7,0.675
CPIYOY-23JAN,21d,5.8,0.5
CPIYOY-23JAN,21d,5.9,0.4109999999999999
CPIYOY-23JAN,21d,6.0,0.4109999999999999
CPIYOY-23JAN,21d,6.1,0.4109999999999999
CPIYOY-23JAN,21d,6.2,0.4109999999999999
CPIYOY-23JAN,21d,6.3,0.4109999999999999
CPIYOY-23JAN,21d,6.4,0.4109999999999999
CPIYOY-23JAN,21d,6.5,0.4109999999999999
CPIYOY-23JAN,21d,6.6,0.4109999999999999
CPIYOY-23JAN,21d,6.7,0.4109999999999999
CPIYOY-23JAN,21d,6.8,0.4109999999999999
CPIYOY-23JAN,3d,5.4,0.975
CPIYOY-23JAN,3d,5.5,0.975
CPIYOY-23JAN,3d,5.6,0.965
CPIYOY-23JAN,3d,5.7,0.955
CPIYOY-23JAN,3d,5.8,0.945
CPIYOY-23JAN,3d,5.9,0.9299999999999999
CPIYOY-23JAN,3d,6.0,0.9299999999999999
CPIYOY-23JAN,3d,6.1,0.885
CPIYOY-23JAN,3d,6.2,0.74
CPIYOY-23JAN,3d,6.3,0.5
CPIYOY-23JAN,3d,6.4,0.26
CPIYOY-23JAN,3d,6.5,0.115
CPIYOY-23JAN,3d,6.6,0.055
CPIYOY-23JAN,3d,6.7,0.015
CPIYOY-23JAN,3d,6.8,0.01
CPIYOY-23JAN,7d,5.4,0.9225000000000001
CPIYOY-23JAN,7d,5.5,0.9225000000000001
CPIYOY-23JAN,7d,5.6,0.9225000000000001
CPIYOY-23JAN,7d,5.7,0.9225000000000001
CPIYOY-23JAN,7d,5.8,0.7375
CPIYOY-23JAN,7d,5.9,0.7375
CPIYOY-23JAN,7d,6.0,0.695
CPIYOY-23JAN,7d,6.1,0.645
CPIYOY-23JAN,7d,6.2,0.5
CPIYOY-23JAN,7d,6.3,0.49499999999999994
CPIYOY-23JAN,7d,6.4,0.49499999999999994
CPIYOY-23JAN,7d,6.5,0.49499999999999994
CPIYOY-23JAN,7d,6.6,0.4916666666666667
CPIYOY-23JAN,7d,6.7,0.4916666666666667
CPIYOY-23JAN,7d,6.8,0.4916666666666667
CPIYOY-23JAN,final,5.4,0.99
CPIYOY-23JAN,final,5.5,0.985
CPIYOY-23JAN,final,5.6,0.985
CPIYOY-23JAN,final,5.7,0.98
CPIYOY-23JAN,final,5.8,0.9716666666666667
CPIYOY-23JAN,final,5.9,0.9716666666666667
CPIYOY-23JAN,final,6.0,0.9716666666666667
CPIYOY-23JAN,final,6.1,0.97
CPIYOY-23JAN,final,6.2,0.885
CPIYOY-23JAN,final,6.3,0.575
CPIYOY-23JAN,final,6.4,0.3
CPIYOY-23JAN,final,6.5,0.135
CPIYOY-23JAN,final,6.6,0.055
CPIYOY-23JAN,final,6.7,0.02
CPIYOY-23JAN,final,6.8,0.01
CPIYOY-23JUL,14d,1.5,0.995
CPIYOY-23JUL,14d,1.6,0.995
CPIYOY-23JUL,14d,1.7,0.99
CPIYOY-23JUL,14d,1.8,0.99
CPIYOY-23JUL,14d,1.9,0.99
CPIYOY-23JUL,14d,2.0,0.99
CPIYOY-23JUL,14d,2.1,0.9858333333333333
CPIYOY-23JUL,14d,2.2,0.9858333333333333
CPIYOY-23JUL,14d,2.3,0.9858333333333333
CPIYOY-23JUL,14d,2.4,0.9858333333333333
CPIYOY-23JUL,14d,2.5,0.9858333333333333
CPIYOY-23JUL,14d,2.6,0.9858333333333333
CPIYOY-23JUL,14d,2.7,0.9833333333333334
CPIYOY-23JUL,14d,2.8,0.9833333333333334
CPIYOY-23JUL,14d,2.9,0.9833333333333334
CPIYOY-23JUL,14d,3.0,0.96
CPIYOY-23JUL,14d,3.1,0.805
CPIYOY-23JUL,14d,3.2,0.375
CPIYOY-23JUL,14d,3.3,0.08
CPIYOY-23JUL,14d,3.4,0.055
CPIYOY-23JUL,14d,3.5,0.045
CPIYOY-23JUL,14d,3.6,0.03
CPIYOY-23JUL,14d,3.7,0.025
CPIYOY-23JUL,14d,3.8,0.023333333333333334
CPIYOY-23JUL,14d,3.9,0.023333333333333334
CPIYOY-23JUL,14d,4.0,0.023333333333333334
CPIYOY-23JUL,14d,4.099999,0.02
CPIYOY-23JUL,14d,4.2,0.02
CPIYOY-23JUL,14d,4.3,0.015
CPIYOY-23JUL,1d,1.5,0.995
CPIYOY-23JUL,1d,1.6,0.995
CPIYOY-23JUL,1d,1.7,0.99
CPIYOY-23JUL,1d,1.8,0.99
CPIYOY-23JUL,1d,1.9,0.99
CPIYOY-23JUL,1d,2.0,0.99
CPIYOY-23JUL,1d,2.1,0.9872222222222222
CPIYOY-23JUL,1d,2.2,0.9872222222222222
CPIYOY-23JUL,1d,2.3,0.9872222222222222
CPIYOY-23JUL,1d,2.4,0.9872222222222222
CPIYOY-23JUL,1d,2.5,0.9872222222222222
CPIYOY-23JUL,1d,2.6,0.9872222222222222
CPIYOY-23JUL,1d,2.7,0.9872222222222222
CPIYOY-23JUL,1d,2.8,0.9872222222222222
CPIYOY-23JUL,1d,2.9,0.9872222222222222
CPIYOY-23JUL,1d,3.0,0.955
CPIYOY-23JUL,1d,3.1,0.8
CPIYOY-23JUL,1d,3.2,0.4
CPIYOY-23JUL,1d,3.3,0.06
CPIYOY-23JUL,1d,3.4,0.025
CPIYOY-23JUL,1d,3.5,0.02
CPIYOY-23JUL,1d,3.6,0.015
CPIYOY-23JUL,1d,3.7,0.015
CPIYOY-23JUL,1d,3.8,0.01
CPIYOY-23JUL,1d,3.9,0.01
CPIYOY-23JUL,1d,4.0,0.01
CPIYOY-23JUL,1d,4.099999,0.01
CPIYOY-23JUL,1d,4.2,0.01
CPIYOY-23JUL,1d,4.3,0.01
CPIYOY-23JUL,21d,1.5,0.995
CPIYOY-23JUL,21d,1.6,0.995
CPIYOY-23JUL,21d,1.7,0.99
CPIYOY-23JUL,21d,1.8,0.99
CPIYOY-23JUL,21d,1.9,0.99
CPIYOY-23JUL,21d,2.0,0.99
CPIYOY-23JUL,21d,2.1,0.985
CPIYOY-23JUL,21d,2.2,0.985
CPIYOY-23JUL,21d,2.3,0.985
CPIYOY-23JUL,21d,2.4,0.985
CPIYOY-23JUL,21d,2.5,0.985
CPIYOY-23JUL,21d,2.6,0.98
CPIYOY-23JUL,21d,2.7,0.98
CPIYOY-23JUL,21d,2.8,0.98
CPIYOY-23JUL,21d,2.9,0.96
CPIYOY-23JUL,21d,3.0,0.91
CPIYOY-23JUL,21d,3.1,0.61
CPIYOY-23JUL,21d,3.2,0.195
CPIYOY-23JUL,21d,3.3,0.0625
CPIYOY-23JUL,21d,3.4,0.0625
CPIYOY-23JUL,21d,3.5,0.03
CPIYOY-23JUL,21d,3.6,0.03
CPIYOY-23JUL,21d,3.7,0.025
CPIYOY-23JUL,21d,3.8,0.023333333333333334
CPIYOY-23JUL,21d,3.9,0.023333333333333334
CPIYOY-23JUL,21d,4.0,0.023333333333333334
CPIYOY-23JUL,21d,4.099999,0.02
CPIYOY-23JUL,21d,4.2,0.02
CPIYOY-23JUL,21d,4.3,0.015
CPIYOY-23JUL,3d,1.5,0.995
CPIYOY-23JUL,3d,1.6,0.995
CPIYOY-23JUL,3d,1.7,0.99
CPIYOY-23JUL,3d,1.8,0.99
CPIYOY-23JUL,3d,1.9,0.99
CPIYOY-23JUL,3d,2.0,0.99
CPIYOY-23JUL,3d,2.1,0.9872222222222222
CPIYOY-23JUL,3d,2.2,0.9872222222222222
CPIYOY-23JUL,3d,2.3,0.9872222222222222
CPIYOY-23JUL,3d,2.4,0.9872222222222222
CPIYOY-23JUL,3d,2.5,0.9872222222222222
CPIYOY-23JUL,3d,2.6,0.9872222222222222
CPIYOY-23JUL,3d,2.7,0.9872222222222222
CPIYOY-23JUL,3d,2.8,0.9872222222222222
CPIYOY-23JUL,3d,2.9,0.9872222222222222
CPIYOY-23JUL,3d,3.0,0.955
CPIYOY-23JUL,3d,3.1,0.75
CPIYOY-23JUL,3d,3.2,0.38
CPIYOY-23JUL,3d,3.3,0.06
CPIYOY-23JUL,3d,3.4,0.025000000000000005
CPIYOY-23JUL,3d,3.5,0.025000000000000005
CPIYOY-23JUL,3d,3.6,0.025000000000000005
CPIYOY-23JUL,3d,3.7,0.021666666666666667
CPIYOY-23JUL,3d,3.8,0.021666666666666667
CPIYOY-23JUL,3d,3.9,0.021666666666666667
CPIYOY-23JUL,3d,4.0,0.02
CPIYOY-23JUL,3d,4.099999,0.015
CPIYOY-23JUL,3d,4.2,0.015
CPIYOY-23JUL,3d,4.3,0.015
CPIYOY-23JUL,7d,1.5,0.995
CPIYOY-23JUL,7d,1.6,0.995
CPIYOY-23JUL,7d,1.7,0.99
CPIYOY-23JUL,7d,1.8,0.99
CPIYOY-23JUL,7d,1.9,0.99
CPIYOY-23JUL,7d,2.0,0.99
CPIYOY-23JUL,7d,2.1,0.985
CPIYOY-23JUL,7d,2.2,0.985
CPIYOY-23JUL,7d,2.3,0.985
CPIYOY-23JUL,7d,2.4,0.985
CPIYOY-23JUL,7d,2.5,0.985
CPIYOY-23JUL,7d,2.6,0.98375
CPIYOY-23JUL,7d,2.7,0.98375
CPIYOY-23JUL,7d,2.8,0.98375
CPIYOY-23JUL,7d,2.9,0.98375
CPIYOY-23JUL,7d,3.0,0.95
CPIYOY-23JUL,7d,3.1,0.75
CPIYOY-23JUL,7d,3.2,0.35
CPIYOY-23JUL,7d,3.3,0.065
CPIYOY-23JUL,7d,3.4,0.03
CPIYOY-23JUL,7d,3.5,0.03
CPIYOY-23JUL,7d,3.6,0.03
CPIYOY-23JUL,7d,3.7,0.025
CPIYOY-23JUL,7d,3.8,0.023333333333333334
CPIYOY-23JUL,7d,3.9,0.023333333333333334
CPIYOY-23JUL,7d,4.0,0.023333333333333334
CPIYOY-23JUL,7d,4.099999,0.02
CPIYOY-23JUL,7d,4.2,0.02
CPIYOY-23JUL,7d,4.3,0.015
CPIYOY-23JUL,final,1.5,0.995
CPIYOY-23JUL,final,1.6,0.995
CPIYOY-23JUL,final,1.7,0.99
CPIYOY-23JUL,final,1.8,0.99
CPIYOY-23JUL,final,1.9,0.99
CPIYOY-23JUL,final,2.0,0.99
CPIYOY-23JUL,final,2.1,0.9872222222222222
CPIYOY-23JUL,final,2.2,0.9872222222222222
CPIYOY-23JUL,final,2.3,0.9872222222222222
CPIYOY-23JUL,final,2.4,0.9872222222222222
CPIYOY-23JUL,final,2.5,0.9872222222222222
CPIYOY-23JUL,final,2.6,0.9872222222222222
CPIYOY-23JUL,final,2.7,0.9872222222222222
CPIYOY-23JUL,final,2.8,0.9872222222222222
CPIYOY-23JUL,final,2.9,0.9872222222222222
CPIYOY-23JUL,final,3.0,0.955
CPIYOY-23JUL,final,3.1,0.8
CPIYOY-23JUL,final,3.2,0.4
CPIYOY-23JUL,final,3.3,0.06
CPIYOY-23JUL,final,3.4,0.025
CPIYOY-23JUL,final,3.5,0.02
CPIYOY-23JUL,final,3.6,0.015
CPIYOY-23JUL,final,3.7,0.015
CPIYOY-23JUL,final,3.8,0.01
CPIYOY-23JUL,final,3.9,0.01
CPIYOY-23JUL,final,4.0,0.01
CPIYOY-23JUL,final,4.099999,0.01
CPIYOY-23JUL,final,4.2,0.01
CPIYOY-23JUL,final,4.3,0.01
CPIYOY-23JUN,14d,2.7,0.975
CPIYOY-23JUN,14d,2.8,0.935
CPIYOY-23JUN,14d,2.9,0.715
CPIYOY-23JUN,14d,3.0,0.385
CPIYOY-23JUN,14d,3.1,0.155
CPIYOY-23JUN,14d,3.2,0.1
CPIYOY-23JUN,14d,3.3,0.045
CPIYOY-23JUN,14d,3.4,0.025
CPIYOY-23JUN,14d,3.5,0.015
CPIYOY-23JUN,14d,3.6,0.012857142857142857
CPIYOY-23JUN,14d,3.7,0.012857142857142857
CPIYOY-23JUN,14d,3.8,0.012857142857142857
CPIYOY-23JUN,14d,3.9,0.012857142857142857
CPIYOY-23JUN,14d,4.0,0.012857142857142857
CPIYOY-23JUN,14d,4.099999,0.012857142857142857
CPIYOY-23JUN,14d,4.2,0.012857142857142857
CPIYOY-23JUN,14d,4.3,0.01
CPIYOY-23JUN,14d,4.4,0.01
CPIYOY-23JUN,14d,4.5,0.01
CPIYOY-23JUN,14d,4.6,0.005
CPIYOY-23JUN,14d,4.7,0.005
CPIYOY-23JUN,1d,2.7,0.97
CPIYOY-23JUN,1d,2.8,0.92
CPIYOY-23JUN,1d,2.9,0.67
CPIYOY-23JUN,1d,3.0,0.34
CPIYOY-23JUN,1d,3.1,0.135
CPIYOY-23JUN,1d,3.2,0.07
CPIYOY-23JUN,1d,3.3,0.035
CPIYOY-23JUN,1d,3.4,0.015
CPIYOY-23JUN,1d,3.5,0.01
CPIYOY-23JUN,1d,3.6,0.01
CPIYOY-23JUN,1d,3.7,0.01
CPIYOY-23JUN,1d,3.8,0.01
CPIYOY-23JUN,1d,3.9,0.007142857142857141
CPIYOY-23JUN,1d,4.0,0.007142857142857141
CPIYOY-23JUN,1d,4.099999,0.007142857142857141
CPIYOY-23JUN,1d,4.2,0.007142857142857141
CPIYOY-23JUN,1d,4.3,0.007142857142857141
CPIYOY-23JUN,1d,4.4,0.007142857142857141
CPIYOY-23JUN,1d,4.5,0.007142857142857141
CPIYOY-23JUN,1d,4.6,0.005
CPIYOY-23JUN,1d,4.7,0.005
CPIYOY-23JUN,21d,2.7,0.97
CPIYOY-23JUN,21d,2.8,0.925
CPIYOY-23JUN,21d,2.9,0.67
CPIYOY-23JUN,21d,3.0,0.34352941176470586
CPIYOY-23JUN,21d,3.1,0.34352941176470586
CPIYOY-23JUN,21d,3.2,0.34352941176470586
CPIYOY-23JUN,21d,3.3,0.34352941176470586
CPIYOY-23JUN,21d,3.4,0.34352941176470586
CPIYOY-23JUN,21d,3.5,0.34352941176470586
CPIYOY-23JUN,21d,3.6,0.34352941176470586
CPIYOY-23JUN,21d,3.7,0.34352941176470586
CPIYOY-23JUN,21d,3.8,0.34352941176470586
CPIYOY-23JUN,21d,3.9,0.34352941176470586
CPIYOY-23JUN,21d,4.0,0.34352941176470586
CPIYOY-23JUN,21d,4.099999,0.34352941176470586
CPIYOY-23JUN,21d,4.2,0.34352941176470586
CPIYOY-23JUN,21d,4.3,0.34352941176470586
CPIYOY-23JUN,21d,4.4,0.34352941176470586
CPIYOY-23JUN,21d,4.5,0.34352941176470586
CPIYOY-23JUN,21d,4.6,0.34352941176470586
CPIYOY-23JUN,21d,4.7,0.005
CPIYOY-23JUN,3d,2.7,0.98
CPIYOY-23JUN,3d,2.8,0.91
CPIYOY-23JUN,3d,2.9,0.675
CPIYOY-23JUN,3d,3.0,0.38
CPIYOY-23JUN,3d,3.1,0.17
CPIYOY-23JUN,3d,3.2,0.105
CPIYOY-23JUN,3d,3.3,0.035
CPIYOY-23JUN,3d,3.4,0.015
CPIYOY-23JUN,3d,3.5,0.012499999999999999
CPIYOY-23JUN,3d,3.6,0.012499999999999999
CPIYOY-23JUN,3d,3.7,0.012499999999999999
CPIYOY-23JUN,3d,3.8,0.012499999999999999
CPIYOY-23JUN,3d,3.9,0.012499999999999999
CPIYOY-23JUN,3d,4.0,0.012499999999999999
CPIYOY-23JUN,3d,4.099999,0.012499999999999999
CPIYOY-23JUN,3d,4.2,0.012499999999999999
CPIYOY-23JUN,3d,4.3,0.01
CPIYOY-23JUN,3d,4.4,0.01
CPIYOY-23JUN,3d,4.5,0.01
CPIYOY-23JUN,3d,4.6,0.005
CPIYOY-23JUN,3d,4.7,0.005
CPIYOY-23JUN,7d,2.7,0.98
CPIYOY-23JUN,7d,2.8,0.915
CPIYOY-23JUN,7d,2.9,0.665
CPIYOY-23JUN,7d,3.0,0.335
CPIYOY-23JUN,7d,3.1,0.125
CPIYOY-23JUN,7d,3.2,0.075
CPIYOY-23JUN,7d,3.3,0.025
CPIYOY-23JUN,7d,3.4,0.015
CPIYOY-23JUN,7d,3.5,0.011875
CPIYOY-23JUN,7d,3.6,0.011875
CPIYOY-23JUN,7d,3.7,0.011875
CPIYOY-23JUN,7d,3.8,0.011875
CPIYOY-23JUN,7d,3.9,0.011875
CPIYOY-23JUN,7d,4.0,0.011875
CPIYOY-23JUN,7d,4.099999,0.011875
CPIYOY-23JUN,7d,4.2,0.011875
CPIYOY-23JUN,7d,4.3,0.01
CPIYOY-23JUN,7d,4.4,0.01
CPIYOY-23JUN,7d,4.5,0.01
CPIYOY-23JUN,7d,4.6,0.005
CPIYOY-23JUN,7d,4.7,0.005
CPIYOY-23JUN,final,2.7,0.97
CPIYOY-23JUN,final,2.8,0.92
CPIYOY-23JUN,final,2.9,0.67
CPIYOY-23JUN,final,3.0,0.34
CPIYOY-23JUN,final,3.1,0.135
CPIYOY-23JUN,final,3.2,0.07
CPIYOY-23JUN,final,3.3,0.035
CPIYOY-23JUN,final,3.4,0.015
CPIYOY-23JUN,final,3.5,0.01
CPIYOY-23JUN,final,3.6,0.01
CPIYOY-23JUN,final,3.7,0.01
CPIYOY-23JUN,final,3.8,0.01
CPIYOY-23JUN,final,3.9,0.007142857142857141
CPIYOY-23JUN,final,4.0,0.007142857142857141
CPIYOY-23JUN,final,4.099999,0.007142857142857141
CPIYOY-23JUN,final,4.2,0.007142857142857141
CPIYOY-23JUN,final,4.3,0.007142857142857141
CPIYOY-23JUN,final,4.4,0.007142857142857141
CPIYOY-23JUN,final,4.5,0.007142857142857141
CPIYOY-23JUN,final,4.6,0.005
CPIYOY-23JUN,final,4.7,0.005
CPIYOY-23MAR,14d,3.4,0.8
CPIYOY-23MAR,14d,3.5,0.5696874999999999
CPIYOY-23MAR,14d,3.6,0.5696874999999999
CPIYOY-23MAR,14d,3.7,0.5696874999999999
CPIYOY-23MAR,14d,3.8,0.5696874999999999
CPIYOY-23MAR,14d,3.9,0.5696874999999999
CPIYOY-23MAR,14d,4.0,0.5696874999999999
CPIYOY-23MAR,14d,4.099999,0.5696874999999999
CPIYOY-23MAR,14d,4.2,0.5696874999999999
CPIYOY-23MAR,14d,4.3,0.5696874999999999
CPIYOY-23MAR,14d,4.4,0.5696874999999999
CPIYOY-23MAR,14d,4.5,0.5696874999999999
CPIYOY-23MAR,14d,4.6,0.5696874999999999
CPIYOY-23MAR,14d,4.7,0.5696874999999999
CPIYOY-23MAR,14d,4.8,0.5696874999999999
CPIYOY-23MAR,14d,4.9,0.5696874999999999
CPIYOY-23MAR,14d,5.0,0.5696874999999999
CPIYOY-23MAR,14d,5.1,0.54
CPIYOY-23MAR,14d,5.2,0.195
CPIYOY-23MAR,14d,5.3,0.14333333333333328
CPIYOY-23MAR,14d,5.4,0.14333333333333328
CPIYOY-23MAR,14d,5.5,0.14333333333333328
CPIYOY-23MAR,14d,5.6,0.14333333333333328
CPIYOY-23MAR,14d,5.7,0.14333333333333328
CPIYOY-23MAR,14d,5.8,0.14333333333333328
CPIYOY-23MAR,14d,5.9,0.14333333333333328
CPIYOY-23MAR,14d,6.0,0.14333333333333328
CPIYOY-23MAR,14d,6.1,0.14333333333333328
CPIYOY-23MAR,14d,6.2,0.14333333333333328
CPIYOY-23MAR,14d,6.3,0.14333333333333328
CPIYOY-23MAR,14d,6.4,0.14333333333333328
CPIYOY-23MAR,14d,6.5,0.04
CPIYOY-23MAR,1d,3.4,0.8
CPIYOY-23MAR,1d,3.5,0.5868749999999999
CPIYOY-23MAR,1d,3.6,0.5868749999999999
CPIYOY-23MAR,1d,3.7,0.5868749999999999
CPIYOY-23MAR,1d,3.8,0.5868749999999999
CPIYOY-23MAR,1d,3.9,0.5868749999999999
CPIYOY-23MAR,1d,4.0,0.5868749999999999
CPIYOY-23MAR,1d,4.099999,0.5868749999999999
CPIYOY-23MAR,1d,4.2,0.5868749999999999
CPIYOY-23MAR,1d,4.3,0.5868749999999999
CPIYOY-23MAR,1d,4.4,0.5868749999999999
CPIYOY-23MAR,1d,4.5,0.5868749999999999
CPIYOY-23MAR,1d,4.6,0.5868749999999999
CPIYOY-23MAR,1d,4.7,0.5868749999999999
CPIYOY-23MAR,1d,4.8,0.5868749999999999
CPIYOY-23MAR,1d,4.9,0.5868749999999999
CPIYOY-23MAR,1d,5.0,0.5868749999999999
CPIYOY-23MAR,1d,5.1,0.56
CPIYOY-23MAR,1d,5.2,0.16
CPIYOY-23MAR,1d,5.3,0.05
CPIYOY-23MAR,1d,5.4,0.015
CPIYOY-23MAR,1d,5.5,0.0125
CPIYOY-23MAR,1d,5.6,0.0125
CPIYOY-23MAR,1d,5.7,0.01
CPIYOY-23MAR,1d,5.8,0.01
CPIYOY-23MAR,1d,5.9,0.01
CPIYOY-23MAR,1d,6.0,0.005
CPIYOY-23MAR,1d,6.1,0.005
CPIYOY-23MAR,1d,6.2,0.005
CPIYOY-23MAR,1d,6.3,0.005
CPIYOY-23MAR,1d,6.4,0.005
CPIYOY-23MAR,1d,6.5,0.005
CPIYOY-23MAR,21d,3.4,0.8
CPIYOY-23MAR,21d,3.5,0.5620588235294116
CPIYOY-23MAR,21d,3.6,0.5620588235294116
CPIYOY-23MAR,21d,3.7,0.5620588235294116
CPIYOY-23MAR,21d,3.8,0.5620588235294116
CPIYOY-23MAR,21d,3.9,0.5620588235294116
CPIYOY-23MAR,21d,4.0,0.5620588235294116
CPIYOY-23MAR,21d,4.099999,0.5620588235294116
CPIYOY-23MAR,21d,4.2,0.5620588235294116
CPIYOY-23MAR,21d,4.3,0.5620588235294116
CPIYOY-23MAR,21d,4.4,0.5620588235294116
CPIYOY-23MAR,21d,4.5,0.5620588235294116
CPIYOY-23MAR,21d,4.6,0.5620588235294116
CPIYOY-23MAR,21d,4.7,0.5620588235294116
CPIYOY-23MAR,21d,4.8,0.5620588235294116
CPIYOY-23MAR,21d,4.9,0.5620588235294116
CPIYOY-23MAR,21d,5.0,0.5620588235294116
CPIYOY-23MAR,21d,5.1,0.5620588235294116
CPIYOY-23MAR,21d,5.2,0.42
CPIYOY-23MAR,21d,5.3,0.31615384615384623
CPIYOY-23MAR,21d,5.4,0.31615384615384623
CPIYOY-23MAR,21d,5.5,0.31615384615384623
CPIYOY-23MAR,21d,5.6,0.31615384615384623
CPIYOY-23MAR,21d,5.7,0.31615384615384623
CPIYOY-23MAR,21d,5.8,0.31615384615384623
CPIYOY-23MAR,21d,5.9,0.31615384615384623
CPIYOY-23MAR,21d,6.0,0.31615384615384623
CPIYOY-23MAR,21d,6.1,0.31615384615384623
CPIYOY-23MAR,21d,6.2,0.31615384615384623
CPIYOY-23MAR,21d,6.3,0.31615384615384623
CPIYOY-23MAR,21d,6.4,0.31615384615384623
CPIYOY-23MAR,21d,6.5,0.31615384615384623
CPIYOY-23MAR,3d,3.4,0.8
CPIYOY-23MAR,3d,3.5,0.591764705882353
CPIYOY-23MAR,3d,3.6,0.591764705882353
CPIYOY-23MAR,3d,3.7,0.591764705882353
CPIYOY-23MAR,3d,3.8,0.591764705882353
CPIYOY-23MAR,3d,3.9,0.591764705882353
CPIYOY-23MAR,3d,4.0,0.591764705882353
CPIYOY-23MAR,3d,4.099999,0.591764705882353
CPIYOY-23MAR,3d,4.2,0.591764705882353
CPIYOY-23MAR,3d,4.3,0.591764705882353
CPIYOY-23MAR,3d,4.4,0.591764705882353
CPIYOY-23MAR,3d,4.5,0.591764705882353
CPIYOY-23MAR,3d,4.6,0.591764705882353
CPIYOY-23MAR,3d,4.7,0.591764705882353
CPIYOY-23MAR,3d,4.8,0.591764705882353
CPIYOY-23MAR,3d,4.9,0.591764705882353
CPIYOY-23MAR,3d,5.0,0.591764705882353
CPIYOY-23MAR,3d,5.1,0.591764705882353
CPIYOY-23MAR,3d,5.2,0.225
CPIYOY-23MAR,3d,5.3,0.065
CPIYOY-23MAR,3d,5.4,0.015
CPIYOY-23MAR,3d,5.5,0.0125
CPIYOY-23MAR,3d,5.6,0.0125
CPIYOY-23MAR,3d,5.7,0.01
CPIYOY-23MAR,3d,5.8,0.01
CPIYOY-23MAR,3d,5.9,0.01
CPIYOY-23MAR,3d,6.0,0.005
CPIYOY-23MAR,3d,6.1,0.005
CPIYOY-23MAR,3d,6.2,0.005
CPIYOY-23MAR,3d,6.3,0.005
CPIYOY-23MAR,3d,6.4,0.005
CPIYOY-23MAR,3d,6.5,0.005
CPIYOY-23MAR,7d,3.4,0.8
CPIYOY-23MAR,7d,3.5,0.5794117647058823
CPIYOY-23MAR,7d,3.6,0.5794117647058823
CPIYOY-23MAR,7d,3.7,0.5794117647058823
CPIYOY-23MAR,7d,3.8,0.5794117647058823
CPIYOY-23MAR,7d,3.9,0.5794117647058823
CPIYOY-23MAR,7d,4.0,0.5794117647058823
CPIYOY-23MAR,7d,4.099999,0.5794117647058823
CPIYOY-23MAR,7d,4.2,0.5794117647058823
CPIYOY-23MAR,7d,4.3,0.5794117647058823
CPIYOY-23MAR,7d,4.4,0.5794117647058823
CPIYOY-23MAR,7d,4.5,0.5794117647058823
CPIYOY-23MAR,7d,4.6,0.5794117647058823
CPIYOY-23MAR,7d,4.7,0.5794117647058823
CPIYOY-23MAR,7d,4.8,0.5794117647058823
CPIYOY-23MAR,7d,4.9,0.5794117647058823
CPIYOY-23MAR,7d,5.0,0.5794117647058823
CPIYOY-23MAR,7d,5.1,0.5794117647058823
CPIYOY-23MAR,7d,5.2,0.25
CPIYOY-23MAR,7d,5.3,0.07500000000000001
CPIYOY-23MAR,7d,5.4,0.07500000000000001
CPIYOY-23MAR,7d,5.5,0.07500000000000001
CPIYOY-23MAR,7d,5.6,0.07500000000000001
CPIYOY-23MAR,7d,5.7,0.07500000000000001
CPIYOY-23MAR,7d,5.8,0.07500000000000001
CPIYOY-23MAR,7d,5.9,0.07500000000000001
CPIYOY-23MAR,7d,6.0,0.07500000000000001
CPIYOY-23MAR,7d,6.1,0.07500000000000001
CPIYOY-23MAR,7d,6.2,0.07500000000000001
CPIYOY-23MAR,7d,6.3,0.07500000000000001
CPIYOY-23MAR,7d,6.4,0.07500000000000001
CPIYOY-23MAR,7d,6.5,0.04
CPIYOY-23MAR,final,3.4,0.8
CPIYOY-23MAR,final,3.5,0.5868749999999999
CPIYOY-23MAR,final,3.6,0.5868749999999999
CPIYOY-23MAR,final,3.7,0.5868749999999999
CPIYOY-23MAR,final,3.8,0.5868749999999999
CPIYOY-23MAR,final,3.9,0.5868749999999999
CPIYOY-23MAR,final,4.0,0.5868749999999999
CPIYOY-23MAR,final,4.099999,0.5868749999999999
CPIYOY-23MAR,final,4.2,0.5868749999999999
CPIYOY-23MAR,final,4.3,0.5868749999999999
CPIYOY-23MAR,final,4.4,0.5868749999999999
CPIYOY-23MAR,final,4.5,0.5868749999999999
CPIYOY-23MAR,final,4.6,0.5868749999999999
CPIYOY-23MAR,final,4.7,0.5868749999999999
CPIYOY-23MAR,final,4.8,0.5868749999999999
CPIYOY-23MAR,final,4.9,0.5868749999999999
CPIYOY-23MAR,final,5.0,0.5868749999999999
CPIYOY-23MAR,final,5.1,0.56
CPIYOY-23MAR,final,5.2,0.16
CPIYOY-23MAR,final,5.3,0.05
CPIYOY-23MAR,final,5.4,0.015
CPIYOY-23MAR,final,5.5,0.0125
CPIYOY-23MAR,final,5.6,0.0125
CPIYOY-23MAR,final,5.7,0.01
CPIYOY-23MAR,final,5.8,0.01
CPIYOY-23MAR,final,5.9,0.01
CPIYOY-23MAR,final,6.0,0.005
CPIYOY-23MAR,final,6.1,0.005
CPIYOY-23MAR,final,6.2,0.005
CPIYOY-23MAR,final,6.3,0.005
CPIYOY-23MAR,final,6.4,0.005
CPIYOY-23MAR,final,6.5,0.005
CPIYOY-23MAY,14d,3.3,0.995
CPIYOY-23MAY,14d,3.4,0.995
CPIYOY-23MAY,14d,3.5,0.99
CPIYOY-23MAY,14d,3.6,0.985
CPIYOY-23MAY,14d,3.7,0.985
CPIYOY-23MAY,14d,3.8,0.905
CPIYOY-23MAY,14d,3.9,0.775
CPIYOY-23MAY,14d,4.0,0.4
CPIYOY-23MAY,14d,4.099999,0.14
CPIYOY-23MAY,14d,4.2,0.07
CPIYOY-23MAY,14d,4.3,0.025
CPIYOY-23MAY,14d,4.4,0.005
CPIYOY-23MAY,14d,4.5,0.005
CPIYOY-23MAY,14d,4.6,0.005
CPIYOY-23MAY,14d,4.7,0.005
CPIYOY-23MAY,1d,3.3,0.995
CPIYOY-23MAY,1d,3.4,0.995
CPIYOY-23MAY,1d,3.5,0.99
CPIYOY-23MAY,1d,3.6,0.985
CPIYOY-23MAY,1d,3.7,0.98
CPIYOY-23MAY,1d,3.8,0.945
CPIYOY-23MAY,1d,3.9,0.835
CPIYOY-23MAY,1d,4.0,0.53
CPIYOY-23MAY,1d,4.099999,0.285
CPIYOY-23MAY,1d,4.2,0.08
CPIYOY-23MAY,1d,4.3,0.03
CPIYOY-23MAY,1d,4.4,0.005
CPIYOY-23MAY,1d,4.5,0.005
CPIYOY-23MAY,1d,4.6,0.005
CPIYOY-23MAY,1d,4.7,0.005
CPIYOY-23MAY,21d,3.3,0.9924999999999999
CPIYOY-23MAY,21d,3.4,0.9924999999999999
CPIYOY-23MAY,21d,3.5,0.99
CPIYOY-23MAY,21d,3.6,0.985
CPIYOY-23MAY,21d,3.7,0.98
CPIYOY-23MAY,21d,3.8,0.93
CPIYOY-23MAY,21d,3.9,0.775
CPIYOY-23MAY,21d,4.0,0.52
CPIYOY-23MAY,21d,4.099999,0.215
CPIYOY-23MAY,21d,4.2,0.12
CPIYOY-23MAY,21d,4.3,0.055
CPIYOY-23MAY,21d,4.4,0.02
CPIYOY-23MAY,21d,4.5,0.016666666666666666
CPIYOY-23MAY,21d,4.6,0.016666666666666666
CPIYOY-23MAY,21d,4.7,0.016666666666666666
CPIYOY-23MAY,3d,3.3,0.995
CPIYOY-23MAY,3d,3.4,0.995
CPIYOY-23MAY,3d,3.5,0.99
CPIYOY-23MAY,3d,3.6,0.985
CPIYOY-23MAY,3d,3.7,0.98
CPIYOY-23MAY,3d,3.8,0.955
CPIYOY-23MAY,3d,3.9,0.85
CPIYOY-23MAY,3d,4.0,0.55
CPIYOY-23MAY,3d,4.099999,0.31
CPIYOY-23MAY,3d,4.2,0.095
CPIYOY-23MAY,3d,4.3,0.035
CPIYOY-23MAY,3d,4.4,0.005
CPIYOY-23MAY,3d,4.5,0.005
CPIYOY-23MAY,3d,4.6,0.005
CPIYOY-23MAY,3d,4.7,0.005
CPIYOY-23MAY,7d,3.3,0.995
CPIYOY-23MAY,7d,3.4,0.995
CPIYOY-23MAY,7d,3.5,0.99
CPIYOY-23MAY,7d,3.6,0.985
CPIYOY-23MAY,7d,3.7,0.98
CPIYOY-23MAY,7d,3.8,0.93
CPIYOY-23MAY,7d,3.9,0.785
CPIYOY-23MAY,7d,4.0,0.34
CPIYOY-23MAY,7d,4.099999,0.13
CPIYOY-23MAY,7d,4.2,0.065
CPIYOY-23MAY,7d,4.3,0.015
CPIYOY-23MAY,7d,4.4,0.005
CPIYOY-23MAY,7d,4.5,0.005
CPIYOY-23MAY,7d,4.6,0.005
CPIYOY-23MAY,7d,4.7,0.005
CPIYOY-23MAY,final,3.3,0.995
CPIYOY-23MAY,final,3.4,0.995
CPIYOY-23MAY,final,3.5,0.99
CPIYOY-23MAY,final,3.6,0.985
CPIYOY-23MAY,final,3.7,0.98
CPIYOY-23MAY,final,3.8,0.945
CPIYOY-23MAY,final,3.9,0.835
CPIYOY-23MAY,final,4.0,0.53
CPIYOY-23MAY,final,4.099999,0.285
CPIYOY-23MAY,final,4.2,0.08
CPIYOY-23MAY,final,4.3,0.03
CPIYOY-23MAY,final,4.4,0.005
CPIYOY-23MAY,final,4.5,0.005
CPIYOY-23MAY,final,4.6,0.005
CPIYOY-23MAY,final,4.7,0.005
CPIYOY-23NOV,14d,2.6,0.94125
CPIYOY-23NOV,14d,2.7,0.94125
CPIYOY-23NOV,14d,2.8,0.94125
CPIYOY-23NOV,14d,2.9,0.94125
CPIYOY-23NOV,14d,3.0,0.81
CPIYOY-23NOV,14d,3.1,0.375
CPIYOY-23NOV,14d,3.2,0.04
CPIYOY-23NOV,14d,3.3,0.04
CPIYOY-23NOV,14d,3.4,0.024
CPIYOY-23NOV,14d,3.5,0.024
CPIYOY-23NOV,14d,3.6,0.024
CPIYOY-23NOV,14d,3.7,0.024
CPIYOY-23NOV,14d,3.8,0.024
CPIYOY-23NOV,14d,3.9,0.01
CPIYOY-23NOV,14d,4.0,0.01
CPIYOY-23NOV,1d,2.6,0.96
CPIYOY-23NOV,1d,2.7,0.96
CPIYOY-23NOV,1d,2.8,0.96
CPIYOY-23NOV,1d,2.9,0.955
CPIYOY-23NOV,1d,3.0,0.79
CPIYOY-23NOV,1d,3.1,0.28
CPIYOY-23NOV,1d,3.2,0.03
CPIYOY-23NOV,1d,3.3,0.025
CPIYOY-23NOV,1d,3.4,0.024
CPIYOY-23NOV,1d,3.5,0.024
CPIYOY-23NOV,1d,3.6,0.024
CPIYOY-23NOV,1d,3.7,0.024
CPIYOY-23NOV,1d,3.8,0.024
CPIYOY-23NOV,1d,3.9,0.01
CPIYOY-23NOV,1d,4.0,0.01
CPIYOY-23NOV,21d,2.6,0.99
CPIYOY-23NOV,21d,2.7,0.975
CPIYOY-23NOV,21d,2.8,0.965
CPIYOY-23NOV,21d,2.9,0.945
CPIYOY-23NOV,21d,3.0,0.905
CPIYOY-23NOV,21d,3.1,0.48
CPIYOY-23NOV,21d,3.2,0.1
CPIYOY-23NOV,21d,3.3,0.05
CPIYOY-23NOV,21d,3.4,0.025
CPIYOY-23NOV,21d,3.5,0.025
CPIYOY-23NOV,21d,3.6,0.025
CPIYOY-23NOV,21d,3.7,0.025
CPIYOY-23NOV,21d,3.8,0.025
CPIYOY-23NOV,21d,3.9,0.01
CPIYOY-23NOV,21d,4.0,0.01
CPIYOY-23NOV,3d,2.6,0.9566666666666667
CPIYOY-23NOV,3d,2.7,0.9566666666666667
CPIYOY-23NOV,3d,2.8,0.9566666666666667
CPIYOY-23NOV,3d,2.9,0.945
CPIYOY-23NOV,3d,3.0,0.765
CPIYOY-23NOV,3d,3.1,0.29
CPIYOY-23NOV,3d,3.2,0.035
CPIYOY-23NOV,3d,3.3,0.025
CPIYOY-23NOV,3d,3.4,0.024
CPIYOY-23NOV,3d,3.5,0.024
CPIYOY-23NOV,3d,3.6,0.024
CPIYOY-23NOV,3d,3.7,0.024
CPIYOY-23NOV,3d,3.8,0.024
CPIYOY-23NOV,3d,3.9,0.01
CPIYOY-23NOV,3d,4.0,0.01
CPIYOY-23NOV,7d,2.6,0.94
CPIYOY-23NOV,7d,2.7,0.94
CPIYOY-23NOV,7d,2.8,0.94
CPIYOY-23NOV,7d,2.9,0.94
CPIYOY-23NOV,7d,3.0,0.785
CPIYOY-23NOV,7d,3.1,0.34
CPIYOY-23NOV,7d,3.2,0.04
CPIYOY-23NOV,7d,3.3,0.04
CPIYOY-23NOV,7d,3.4,0.024
CPIYOY-23NOV,7d,3.5,0.024
CPIYOY-23NOV,7d,3.6,0.024
CPIYOY-23NOV,7d,3.7,0.024
CPIYOY-23NOV,7d,3.8,0.024
CPIYOY-23NOV,7d,3.9,0.01
CPIYOY-23NOV,7d,4.0,0.01
CPIYOY-23NOV,final,2.6,0.96
CPIYOY-23NOV,final,2.7,0.96
CPIYOY-23NOV,final,2.8,0.96
CPIYOY-23NOV,final,2.9,0.955
CPIYOY-23NOV,final,3.0,0.79
CPIYOY-23NOV,final,3.1,0.28
CPIYOY-23NOV,final,3.2,0.03
CPIYOY-23NOV,final,3.3,0.025
CPIYOY-23NOV,final,3.4,0.024
CPIYOY-23NOV,final,3.5,0.024
CPIYOY-23NOV,final,3.6,0.024
CPIYOY-23NOV,final,3.7,0.024
CPIYOY-23NOV,final,3.8,0.024
CPIYOY-23NOV,final,3.9,0.01
CPIYOY-23NOV,final,4.0,0.01
CPIYOY-23OCT,14d,2.6,0.985
CPIYOY-23OCT,14d,2.7,0.985
CPIYOY-23OCT,14d,2.8,0.98
CPIYOY-23OCT,14d,2.9,0.9716666666666667
CPIYOY-23OCT,14d,3.0,0.9716666666666667
CPIYOY-23OCT,14d,3.1,0.9716666666666667
CPIYOY-23OCT,14d,3.2,0.73
CPIYOY-23OCT,14d,3.3,0.16374999999999998
CPIYOY-23OCT,14d,3.4,0.16374999999999998
CPIYOY-23OCT,14d,3.5,0.16374999999999998
CPIYOY-23OCT,14d,3.6,0.16374999999999998
CPIYOY-23OCT,14d,3.7,0.16374999999999998
CPIYOY-23OCT,14d,3.8,0.16374999999999998
CPIYOY-23OCT,14d,3.9,0.16374999999999998
CPIYOY-23OCT,14d,4.0,0.16374999999999998
CPIYOY-23OCT,1d,2.6,0.985
CPIYOY-23OCT,1d,2.7,0.985
CPIYOY-23OCT,1d,2.8,0.98
CPIYOY-23OCT,1d,2.9,0.98
CPIYOY-23OCT,1d,3.0,0.98
CPIYOY-23OCT,1d,3.1,0.965
CPIYOY-23OCT,1d,3.2,0.41
CPIYOY-23OCT,1d,3.3,0.22062500000000002
CPIYOY-23OCT,1d,3.4,0.22062500000000002
CPIYOY-23OCT,1d,3.5,0.22062500000000002
CPIYOY-23OCT,1d,3.6,0.22062500000000002
CPIYOY-23OCT,1d,3.7,0.22062500000000002
CPIYOY-23OCT,1d,3.8,0.22062500000000002
CPIYOY-23OCT,1d,3.9,0.22062500000000002
CPIYOY-23OCT,1d,4.0,0.22062500000000002
CPIYOY-23OCT,21d,2.6,0.6621428571428571
CPIYOY-23OCT,21d,2.7,0.6621428571428571
CPIYOY-23OCT,21d,2.8,0.6621428571428571
CPIYOY-23OCT,21d,2.9,0.6621428571428571
CPIYOY-23OCT,21d,3.0,0.6621428571428571
CPIYOY-23OCT,21d,3.1,0.6621428571428571
CPIYOY-23OCT,21d,3.2,0.6621428571428571
CPIYOY-23OCT,21d,3.3,0.195
CPIYOY-23OCT,21d,3.4,0.16499999999999998
CPIYOY-23OCT,21d,3.5,0.16499999999999998
CPIYOY-23OCT,21d,3.6,0.16499999999999998
CPIYOY-23OCT,21d,3.7,0.16499999999999998
CPIYOY-23OCT,21d,3.8,0.16499999999999998
CPIYOY-23OCT,21d,3.9,0.16499999999999998
CPIYOY-23OCT,21d,4.0,0.16499999999999998
CPIYOY-23OCT,3d,2.6,0.985
CPIYOY-23OCT,3d,2.7,0.985
CPIYOY-23OCT,3d,2.8,0.98
CPIYOY-23OCT,3d,2.9,0.98
CPIYOY-23OCT,3d,3.0,0.98
CPIYOY-23OCT,3d,3.1,0.95
CPIYOY-23OCT,3d,3.2,0.395
CPIYOY-23OCT,3d,3.3,0.22125000000000003
CPIYOY-23OCT,3d,3.4,0.22125000000000003
CPIYOY-23OCT,3d,3.5,0.22125000000000003
CPIYOY-23OCT,3d,3.6,0.22125000000000003
CPIYOY-23OCT,3d,3.7,0.22125000000000003
CPIYOY-23OCT,3d,3.8,0.22125000000000003
CPIYOY-23OCT,3d,3.9,0.22125000000000003
CPIYOY-23OCT,3d,4.0,0.22125000000000003
CPIYOY-23OCT,7d,2.6,0.985
CPIYOY-23OCT,7d,2.7,0.985
CPIYOY-23OCT,7d,2.8,0.98
CPIYOY-23OCT,7d,2.9,0.98
CPIYOY-23OCT,7d,3.0,0.98
CPIYOY-23OCT,7d,3.1,0.975
CPIYOY-23OCT,7d,3.2,0.74
CPIYOY-23OCT,7d,3.3,0.224375
CPIYOY-23OCT,7d,3.4,0.224375
CPIYOY-23OCT,7d,3.5,0.224375
CPIYOY-23OCT,7d,3.6,0.224375
CPIYOY-23OCT,7d,3.7,0.224375
CPIYOY-23OCT,7d,3.8,0.224375
CPIYOY-23OCT,7d,3.9,0.224375
CPIYOY-23OCT,7d,4.0,0.224375
CPIYOY-23OCT,final,2.6,0.985
CPIYOY-23OCT,final,2.7,0.985
CPIYOY-23OCT,final,2.8,0.98
CPIYOY-23OCT,final,2.9,0.98
CPIYOY-23OCT,final,3.0,0.98
CPIYOY-23OCT,final,3.1,0.965
CPIYOY-23OCT,final,3.2,0.41
CPIYOY-23OCT,final,3.3,0.22062500000000002
CPIYOY-23OCT,final,3.4,0.22062500000000002
CPIYOY-23OCT,final,3.5,0.22062500000000002
CPIYOY-23OCT,final,3.6,0.22062500000000002
CPIYOY-23OCT,final,3.7,0.22062500000000002
CPIYOY-23OCT,final,3.8,0.22062500000000002
CPIYOY-23OCT,final,3.9,0.22062500000000002
CPIYOY-23OCT,final,4.0,0.22062500000000002
CPIYOY-23SEP,14d,2.6,0.6060000000000001
CPIYOY-23SEP,14d,2.7,0.6060000000000001
CPIYOY-23SEP,14d,2.8,0.6060000000000001
CPIYOY-23SEP,14d,2.9,0.6060000000000001
CPIYOY-23SEP,14d,3.0,0.6060000000000001
CPIYOY-23SEP,14d,3.1,0.6060000000000001
CPIYOY-23SEP,14d,3.2,0.6060000000000001
CPIYOY-23SEP,14d,3.3,0.6060000000000001
CPIYOY-23SEP,14d,3.4,0.6060000000000001
CPIYOY-23SEP,14d,3.5,0.6060000000000001
CPIYOY-23SEP,14d,3.6,0.52
CPIYOY-23SEP,14d,3.7,0.4116666666666666
CPIYOY-23SEP,14d,3.8,0.4116666666666666
CPIYOY-23SEP,14d,3.9,0.4116666666666666
CPIYOY-23SEP,14d,4.0,0.4
CPIYOY-23SEP,1d,2.6,0.99
CPIYOY-23SEP,1d,2.7,0.99
CPIYOY-23SEP,1d,2.8,0.9733333333333333
CPIYOY-23SEP,1d,2.9,0.9733333333333333
CPIYOY-23SEP,1d,3.0,0.9733333333333333
CPIYOY-23SEP,1d,3.1,0.6849999999999999
CPIYOY-23SEP,1d,3.2,0.6849999999999999
CPIYOY-23SEP,1d,3.3,0.6849999999999999
CPIYOY-23SEP,1d,3.4,0.6849999999999999
CPIYOY-23SEP,1d,3.5,0.6849999999999999
CPIYOY-23SEP,1d,3.6,0.575
CPIYOY-23SEP,1d,3.7,0.25
CPIYOY-23SEP,1d,3.8,0.23249999999999998
CPIYOY-23SEP,1d,3.9,0.23249999999999998
CPIYOY-23SEP,1d,4.0,0.095
CPIYOY-23SEP,21d,2.6,0.5609999999999999
CPIYOY-23SEP,21d,2.7,0.5609999999999999
CPIYOY-23SEP,21d,2.8,0.5609999999999999
CPIYOY-23SEP,21d,2.9,0.5609999999999999
CPIYOY-23SEP,21d,3.0,0.5609999999999999
CPIYOY-23SEP,21d,3.1,0.5609999999999999
CPIYOY-23SEP,21d,3.2,0.5609999999999999
CPIYOY-23SEP,21d,3.3,0.5609999999999999
CPIYOY-23SEP,21d,3.4,0.5609999999999999
CPIYOY-23SEP,21d,3.5,0.5609999999999999
CPIYOY-23SEP,21d,3.6,0.485
CPIYOY-23SEP,21d,3.7,0.385
CPIYOY-23SEP,21d,3.8,0.385
CPIYOY-23SEP,21d,3.9,0.385
CPIYOY-23SEP,21d,4.0,0.385
CPIYOY-23SEP,3d,2.6,0.99
CPIYOY-23SEP,3d,2.7,0.99
CPIYOY-23SEP,3d,2.8,0.9716666666666667
CPIYOY-23SEP,3d,2.9,0.9716666666666667
CPIYOY-23SEP,3d,3.0,0.9716666666666667
CPIYOY-23SEP,3d,3.1,0.7979999999999999
CPIYOY-23SEP,3d,3.2,0.7979999999999999
CPIYOY-23SEP,3d,3.3,0.7979999999999999
CPIYOY-23SEP,3d,3.4,0.7979999999999999
CPIYOY-23SEP,3d,3.5,0.7979999999999999
CPIYOY-23SEP,3d,3.6,0.715
CPIYOY-23SEP,3d,3.7,0.41
CPIYOY-23SEP,3d,3.8,0.24
CPIYOY-23SEP,3d,3.9,0.24
CPIYOY-23SEP,3d,4.0,0.1
CPIYOY-23SEP,7d,2.6,0.9875
CPIYOY-23SEP,7d,2.7,0.9875
CPIYOY-23SEP,7d,2.8,0.9716666666666667
CPIYOY-23SEP,7d,2.9,0.9716666666666667
CPIYOY-23SEP,7d,3.0,0.9716666666666667
CPIYOY-23SEP,7d,3.1,0.748
CPIYOY-23SEP,7d,3.2,0.748
CPIYOY-23SEP,7d,3.3,0.748
CPIYOY-23SEP,7d,3.4,0.748
CPIYOY-23SEP,7d,3.5,0.748
CPIYOY-23SEP,7d,3.6,0.575
CPIYOY-23SEP,7d,3.7,0.3075
CPIYOY-23SEP,7d,3.8,0.3075
CPIYOY-23SEP,7d,3.9,0.25
CPIYOY-23SEP,7d,4.0,0.1
CPIYOY-23SEP,final,2.6,0.99
CPIYOY-23SEP,final,2.7,0.99
CPIYOY-23SEP,final,2.8,0.9733333333333333
CPIYOY-23SEP,final,2.9,0.9733333333333333
CPIYOY-23SEP,final,3.0,0.9733333333333333
CPIYOY-23SEP,final,3.1,0.6849999999999999
CPIYOY-23SEP,final,3.2,0.6849999999999999
CPIYOY-23SEP,final,3.3,0.6849999999999999
CPIYOY-23SEP,final,3.4,0.6849999999999999
CPIYOY-23SEP,final,3.5,0.6849999999999999
CPIYOY-23SEP,final,3.6,0.575
CPIYOY-23SEP,final,3.7,0.25
CPIYOY-23SEP,final,3.8,0.23249999999999998
CPIYOY-23SEP,final,3.9,0.23249999999999998
CPIYOY-23SEP,final,4.0,0.095
CPIYOY-24APR,14d,2.8,0.99
CPIYOY-24APR,14d,2.9,0.985
CPIYOY-24APR,14d,3.0,0.98
CPIYOY-24APR,14d,3.1,0.975
CPIYOY-24APR,14d,3.2,0.97
CPIYOY-24APR,14d,3.3,0.945
CPIYOY-24APR,14d,3.4,0.615
CPIYOY-24APR,14d,3.5,0.23
CPIYOY-24APR,14d,3.6,0.16
CPIYOY-24APR,14d,3.7,0.16
CPIYOY-24APR,14d,3.8,0.045
CPIYOY-24APR,1d,2.8,0.985
CPIYOY-24APR,1d,2.9,0.985
CPIYOY-24APR,1d,3.0,0.985
CPIYOY-24APR,1d,3.1,0.98
CPIYOY-24APR,1d,3.2,0.975
CPIYOY-24APR,1d,3.3,0.9
CPIYOY-24APR,1d,3.4,0.385
CPIYOY-24APR,1d,3.5,0.18
CPIYOY-24APR,1d,3.6,0.05
CPIYOY-24APR,1d,3.7,0.015
CPIYOY-24APR,1d,3.8,0.015
CPIYOY-24APR,21d,2.8,0.9916666666666666
CPIYOY-24APR,21d,2.9,0.9916666666666666
CPIYOY-24APR,21d,3.0,0.9916666666666666
CPIYOY-24APR,21d,3.1,0.98
CPIYOY-24APR,21d,3.2,0.98
CPIYOY-24APR,21d,3.3,0.9
CPIYOY-24APR,21d,3.4,0.645
CPIYOY-24APR,21d,3.5,0.235
CPIYOY-24APR,21d,3.6,0.10166666666666667
CPIYOY-24APR,21d,3.7,0.10166666666666667
CPIYOY-24APR,21d,3.8,0.10166666666666667
CPIYOY-24APR,3d,2.8,0.98
CPIYOY-24APR,3d,2.9,0.98
CPIYOY-24APR,3d,3.0,0.98
CPIYOY-24APR,3d,3.1,0.975
CPIYOY-24APR,3d,3.2,0.97
CPIYOY-24APR,3d,3.3,0.9
CPIYOY-24APR,3d,3.4,0.37
CPIYOY-24APR,3d,3.5,0.15375
CPIYOY-24APR,3d,3.6,0.15375
CPIYOY-24APR,3d,3.7,0.15375
CPIYOY-24APR,3d,3.8,0.15375
CPIYOY-24APR,7d,2.8,0.9833333333333334
CPIYOY-24APR,7d,2.9,0.9833333333333334
CPIYOY-24APR,7d,3.0,0.9833333333333334
CPIYOY-24APR,7d,3.1,0.98
CPIYOY-24APR,7d,3.2,0.975
CPIYOY-24APR,7d,3.3,0.895
CPIYOY-24APR,7d,3.4,0.325
CPIYOY-24APR,7d,3.5,0.18
CPIYOY-24APR,7d,3.6,0.03
CPIYOY-24APR,7d,3.7,0.03
CPIYOY-24APR,7d,3.8,0.025
CPIYOY-24APR,final,2.8,0.985
CPIYOY-24APR,final,2.9,0.985
CPIYOY-24APR,final,3.0,0.985
CPIYOY-24APR,final,3.1,0.98
CPIYOY-24APR,final,3.2,0.975
CPIYOY-24APR,final,3.3,0.9
CPIYOY-24APR,final,3.4,0.385
CPIYOY-24APR,final,3.5,0.18
CPIYOY-24APR,final,3.6,0.05
CPIYOY-24APR,final,3.7,0.015
CPIYOY-24APR,final,3.8,0.015
CPIYOY-24AUG,14d,2.3,0.95
CPIYOY-24AUG,14d,2.4,0.78
CPIYOY-24AUG,14d,2.5,0.405
CPIYOY-24AUG,14d,2.6,0.095
CPIYOY-24AUG,14d,2.7,0.035
CPIYOY-24AUG,14d,2.8,0.02
CPIYOY-24AUG,14d,2.9,0.02
CPIYOY-24AUG,14d,3.0,0.0175
CPIYOY-24AUG,14d,3.1,0.0175
CPIYOY-24AUG,1d,2.3,0.955
CPIYOY-24AUG,1d,2.4,0.75
CPIYOY-24AUG,1d,2.5,0.41
CPIYOY-24AUG,1d,2.6,0.055
CPIYOY-24AUG,1d,2.7,0.03
CPIYOY-24AUG,1d,2.8,0.025
CPIYOY-24AUG,1d,2.9,0.015
CPIYOY-24AUG,1d,3.0,0.015
CPIYOY-24AUG,1d,3.1,0.015
CPIYOY-24AUG,21d,2.3,0.94
CPIYOY-24AUG,21d,2.4,0.755
CPIYOY-24AUG,21d,2.5,0.33
CPIYOY-24AUG,21d,2.6,0.1
CPIYOY-24AUG,21d,2.7,0.04
CPIYOY-24AUG,21d,2.8,0.03333333333333333
CPIYOY-24AUG,21d,2.9,0.03333333333333333
CPIYOY-24AUG,21d,3.0,0.03333333333333333
CPIYOY-24AUG,21d,3.1,0.03
CPIYOY-24AUG,3d,2.3,0.965
CPIYOY-24AUG,3d,2.4,0.84
CPIYOY-24AUG,3d,2.5,0.415
CPIYOY-24AUG,3d,2.6,0.165
CPIYOY-24AUG,3d,2.7,0.035
CPIYOY-24AUG,3d,2.8,0.02
CPIYOY-24AUG,3d,2.9,0.02
CPIYOY-24AUG,3d,3.0,0.02
CPIYOY-24AUG,3d,3.1,0.015
CPIYOY-24AUG,7d,2.3,0.94
CPIYOY-24AUG,7d,2.4,0.81
CPIYOY-24AUG,7d,2.5,0.385
CPIYOY-24AUG,7d,2.6,0.08
CPIYOY-24AUG,7d,2.7,0.025
CPIYOY-24AUG,7d,2.8,0.02
CPIYOY-24AUG,7d,2.9,0.015
CPIYOY-24AUG,7d,3.0,0.015
CPIYOY-24AUG,7d,3.1,0.015
CPIYOY-24AUG,final,2.3,0.955
CPIYOY-24AUG,final,2.4,0.75
CPIYOY-24AUG,final,2.5,0.41
CPIYOY-24AUG,final,2.6,0.055
CPIYOY-24AUG,final,2.7,0.03
CPIYOY-24AUG,final,2.8,0.025
CPIYOY-24AUG,final,2.9,0.015
CPIYOY-24AUG,final,3.0,0.015
CPIYOY-24AUG,final,3.1,0.015
CPIYOY-24FEB,14d,2.5,0.8658333333333332
CPIYOY-24FEB,14d,2.6,0.8658333333333332
CPIYOY-24FEB,14d,2.7,0.8658333333333332
CPIYOY-24FEB,14d,2.8,0.8658333333333332
CPIYOY-24FEB,14d,2.9,0.8658333333333332
CPIYOY-24FEB,14d,3.0,0.8658333333333332
CPIYOY-24FEB,14d,3.1,0.685
CPIYOY-24FEB,14d,3.2,0.52
CPIYOY-24FEB,14d,3.3,0.1
CPIYOY-24FEB,14d,3.4,0.02
CPIYOY-24FEB,14d,3.5,0.02
CPIYOY-24FEB,14d,3.6,0.02
CPIYOY-24FEB,14d,3.7,0.02
CPIYOY-24FEB,1d,2.5,0.925
CPIYOY-24FEB,1d,2.6,0.6308333333333334
CPIYOY-24FEB,1d,2.7,0.6308333333333334
CPIYOY-24FEB,1d,2.8,0.6308333333333334
CPIYOY-24FEB,1d,2.9,0.6308333333333334
CPIYOY-24FEB,1d,3.0,0.6308333333333334
CPIYOY-24FEB,1d,3.1,0.6308333333333334
CPIYOY-24FEB,1d,3.2,0.365
CPIYOY-24FEB,1d,3.3,0.08800000000000001
CPIYOY-24FEB,1d,3.4,0.08800000000000001
CPIYOY-24FEB,1d,3.5,0.08800000000000001
CPIYOY-24FEB,1d,3.6,0.08800000000000001
CPIYOY-24FEB,1d,3.7,0.08800000000000001
CPIYOY-24FEB,21d,2.5,0.985
CPIYOY-24FEB,21d,2.6,0.975
CPIYOY-24FEB,21d,2.7,0.955
CPIYOY-24FEB,21d,2.8,0.905
CPIYOY-24FEB,21d,2.9,0.85
CPIYOY-24FEB,21d,3.0,0.65
CPIYOY-24FEB,21d,3.1,0.61
CPIYOY-24FEB,21d,3.2,0.15
CPIYOY-24FEB,21d,3.3,0.091
CPIYOY-24FEB,21d,3.4,0.091
CPIYOY-24FEB,21d,3.5,0.091
CPIYOY-24FEB,21d,3.6,0.091
CPIYOY-24FEB,21d,3.7,0.091
CPIYOY-24FEB,3d,2.5,0.925
CPIYOY-24FEB,3d,2.6,0.925
CPIYOY-24FEB,3d,2.7,0.9099999999999999
CPIYOY-24FEB,3d,2.8,0.9099999999999999
CPIYOY-24FEB,3d,2.9,0.9099999999999999
CPIYOY-24FEB,3d,3.0,0.9099999999999999
CPIYOY-24FEB,3d,3.1,0.755
CPIYOY-24FEB,3d,3.2,0.365
CPIYOY-24FEB,3d,3.3,0.0975
CPIYOY-24FEB,3d,3.4,0.0975
CPIYOY-24FEB,3d,3.5,0.0975
CPIYOY-24FEB,3d,3.6,0.0975
CPIYOY-24FEB,3d,3.7,0.09
CPIYOY-24FEB,7d,2.5,0.8774999999999998
CPIYOY-24FEB,7d,2.6,0.8774999999999998
CPIYOY-24FEB,7d,2.7,0.8774999999999998
CPIYOY-24FEB,7d,2.8,0.8774999999999998
CPIYOY-24FEB,7d,2.9,0.8774999999999998
CPIYOY-24FEB,7d,3.0,0.8774999999999998
CPIYOY-24FEB,7d,3.1,0.74
CPIYOY-24FEB,7d,3.2,0.565
CPIYOY-24FEB,7d,3.3,0.1
CPIYOY-24FEB,7d,3.4,0.02
CPIYOY-24FEB,7d,3.5,0.02
CPIYOY-24FEB,7d,3.6,0.02
CPIYOY-24FEB,7d,3.7,0.02
CPIYOY-24FEB,final,2.5,0.925
CPIYOY-24FEB,final,2.6,0.6308333333333334
CPIYOY-24FEB,final,2.7,0.6308333333333334
CPIYOY-24FEB,final,2.8,0.6308333333333334
CPIYOY-24FEB,final,2.9,0.6308333333333334
CPIYOY-24FEB,final,3.0,0.6308333333333334
CPIYOY-24FEB,final,3.1,0.6308333333333334
CPIYOY-24FEB,final,3.2,0.365
CPIYOY-24FEB,final,3.3,0.08800000000000001
CPIYOY-24FEB,final,3.4,0.08800000000000001
CPIYOY-24FEB,final,3.5,0.08800000000000001
CPIYOY-24FEB,final,3.6,0.08800000000000001
CPIYOY-24FEB,final,3.7,0.08800000000000001
CPIYOY-24JAN,14d,2.8,0.86
CPIYOY-24JAN,14d,2.9,0.37
CPIYOY-24JAN,14d,3.0,0.14142857142857143
CPIYOY-24JAN,14d,3.1,0.14142857142857143
CPIYOY-24JAN,14d,3.2,0.14142857142857143
CPIYOY-24JAN,14d,3.3,0.14142857142857143
CPIYOY-24JAN,14d,3.4,0.14142857142857143
CPIYOY-24JAN,14d,3.5,0.14142857142857143
CPIYOY-24JAN,14d,3.6,0.14142857142857143
CPIYOY-24JAN,14d,3.7,0.05
CPIYOY-24JAN,1d,2.8,0.91
CPIYOY-24JAN,1d,2.9,0.465
CPIYOY-24JAN,1d,3.0,0.12
CPIYOY-24JAN,1d,3.1,0.025
CPIYOY-24JAN,1d,3.2,0.025
CPIYOY-24JAN,1d,3.3,0.022
CPIYOY-24JAN,1d,3.4,0.022
CPIYOY-24JAN,1d,3.5,0.022
CPIYOY-24JAN,1d,3.6,0.022
CPIYOY-24JAN,1d,3.7,0.022
CPIYOY-24JAN,21d,2.8,0.845
CPIYOY-24JAN,21d,2.9,0.3
CPIYOY-24JAN,21d,3.0,0.18642857142857142
CPIYOY-24JAN,21d,3.1,0.18642857142857142
CPIYOY-24JAN,21d,3.2,0.18642857142857142
CPIYOY-24JAN,21d,3.3,0.18642857142857142
CPIYOY-24JAN,21d,3.4,0.18642857142857142
CPIYOY-24JAN,21d,3.5,0.18642857142857142
CPIYOY-24JAN,21d,3.6,0.18642857142857142
CPIYOY-24JAN,21d,3.7,0.05
CPIYOY-24JAN,3d,2.8,0.91
CPIYOY-24JAN,3d,2.9,0.465
CPIYOY-24JAN,3d,3.0,0.105
CPIYOY-24JAN,3d,3.1,0.025
CPIYOY-24JAN,3d,3.2,0.025
CPIYOY-24JAN,3d,3.3,0.022
CPIYOY-24JAN,3d,3.4,0.022
CPIYOY-24JAN,3d,3.5,0.022
CPIYOY-24JAN,3d,3.6,0.022
CPIYOY-24JAN,3d,3.7,0.022
CPIYOY-24JAN,7d,2.8,0.92
CPIYOY-24JAN,7d,2.9,0.43
CPIYOY-24JAN,7d,3.0,0.135
CPIYOY-24JAN,7d,3.1,0.05
CPIYOY-24JAN,7d,3.2,0.04666666666666666
CPIYOY-24JAN,7d,3.3,0.04666666666666666
CPIYOY-24JAN,7d,3.4,0.04666666666666666
CPIYOY-24JAN,7d,3.5,0.04666666666666666
CPIYOY-24JAN,7d,3.6,0.04666666666666666
CPIYOY-24JAN,7d,3.7,0.04666666666666666
CPIYOY-24JAN,final,2.8,0.91
CPIYOY-24JAN,final,2.9,0.465
CPIYOY-24JAN,final,3.0,0.12
CPIYOY-24JAN,final,3.1,0.025
CPIYOY-24JAN,final,3.2,0.025
CPIYOY-24JAN,final,3.3,0.022
CPIYOY-24JAN,final,3.4,0.022
CPIYOY-24JAN,final,3.5,0.022
CPIYOY-24JAN,final,3.6,0.022
CPIYOY-24JAN,final,3.7,0.022
CPIYOY-24JUL,14d,2.7,0.965
CPIYOY-24JUL,14d,2.8,0.735
CPIYOY-24JUL,14d,2.9,0.295
CPIYOY-24JUL,14d,3.0,0.035
CPIYOY-24JUL,14d,3.1,0.008124999999999999
CPIYOY-24JUL,14d,3.2,0.008124999999999999
CPIYOY-24JUL,14d,3.3,0.008124999999999999
CPIYOY-24JUL,14d,3.4,0.008124999999999999
CPIYOY-24JUL,14d,3.5,0.008124999999999999
CPIYOY-24JUL,14d,3.6,0.008124999999999999
CPIYOY-24JUL,14d,3.7,0.008124999999999999
CPIYOY-24JUL,14d,3.8,0.008124999999999999
CPIYOY-24JUL,1d,2.7,0.94
CPIYOY-24JUL,1d,2.8,0.79
CPIYOY-24JUL,1d,2.9,0.41
CPIYOY-24JUL,1d,3.0,0.3522222222222222
CPIYOY-24JUL,1d,3.1,0.3522222222222222
CPIYOY-24JUL,1d,3.2,0.3522222222222222
CPIYOY-24JUL,1d,3.3,0.3522222222222222
CPIYOY-24JUL,1d,3.4,0.3522222222222222
CPIYOY-24JUL,1d,3.5,0.3522222222222222
CPIYOY-24JUL,1d,3.6,0.3522222222222222
CPIYOY-24JUL,1d,3.7,0.3522222222222222
CPIYOY-24JUL,1d,3.8,0.3522222222222222
CPIYOY-24JUL,21d,2.7,0.965
CPIYOY-24JUL,21d,2.8,0.7
CPIYOY-24JUL,21d,2.9,0.25
CPIYOY-24JUL,21d,3.0,0.01
CPIYOY-24JUL,21d,3.1,0.005
CPIYOY-24JUL,21d,3.2,0.005
CPIYOY-24JUL,21d,3.3,0.005
CPIYOY-24JUL,21d,3.4,0.005
CPIYOY-24JUL,21d,3.5,0.005
CPIYOY-24JUL,21d,3.6,0.005
CPIYOY-24JUL,21d,3.7,0.005
CPIYOY-24JUL,21d,3.8,0.005
CPIYOY-24JUL,3d,2.7,0.94
CPIYOY-24JUL,3d,2.8,0.785
CPIYOY-24JUL,3d,2.9,0.4450000000000001
CPIYOY-24JUL,3d,3.0,0.4450000000000001
CPIYOY-24JUL,3d,3.1,0.4450000000000001
CPIYOY-24JUL,3d,3.2,0.4450000000000001
CPIYOY-24JUL,3d,3.3,0.4450000000000001
CPIYOY-24JUL,3d,3.4,0.4450000000000001
CPIYOY-24JUL,3d,3.5,0.4450000000000001
CPIYOY-24JUL,3d,3.6,0.4450000000000001
CPIYOY-24JUL,3d,3.7,0.4450000000000001
CPIYOY-24JUL,3d,3.8,0.4450000000000001
CPIYOY-24JUL,7d,2.7,0.96
CPIYOY-24JUL,7d,2.8,0.745
CPIYOY-24JUL,7d,2.9,0.3
CPIYOY-24JUL,7d,3.0,0.055
CPIYOY-24JUL,7d,3.1,0.025
CPIYOY-24JUL,7d,3.2,0.02
CPIYOY-24JUL,7d,3.3,0.02
CPIYOY-24JUL,7d,3.4,0.02
CPIYOY-24JUL,7d,3.5,0.02
CPIYOY-24JUL,7d,3.6,0.02
CPIYOY-24JUL,7d,3.7,0.02
CPIYOY-24JUL,7d,3.8,0.02
CPIYOY-24JUL,final,2.7,0.94
CPIYOY-24JUL,final,2.8,0.79
CPIYOY-24JUL,final,2.9,0.41
CPIYOY-24JUL,final,3.0,0.3522222222222222
CPIYOY-24JUL,final,3.1,0.3522222222222222
CPIYOY-24JUL,final,3.2,0.3522222222222222
CPIYOY-24JUL,final,3.3,0.3522222222222222
CPIYOY-24JUL,final,3.4,0.3522222222222222
CPIYOY-24JUL,final,3.5,0.3522222222222222
CPIYOY-24JUL,final,3.6,0.3522222222222222
CPIYOY-24JUL,final,3.7,0.3522222222222222
CPIYOY-24JUL,final,3.8,0.3522222222222222
CPIYOY-24JUN,14d,2.8,0.505
CPIYOY-24JUN,14d,2.9,0.5
CPIYOY-24JUN,14d,3.0,0.49
CPIYOY-24JUN,14d,3.1,0.49
CPIYOY-24JUN,14d,3.2,0.49
CPIYOY-24JUN,14d,3.3,0.425
CPIYOY-24JUN,14d,3.4,0.425
CPIYOY-24JUN,14d,3.5,0.425
CPIYOY-24JUN,14d,3.6,0.35000000000000003
CPIYOY-24JUN,14d,3.7,0.35000000000000003
CPIYOY-24JUN,14d,3.8,0.35000000000000003
CPIYOY-24JUN,1d,2.8,0.965
CPIYOY-24JUN,1d,2.9,0.955
CPIYOY-24JUN,1d,3.0,0.69
CPIYOY-24JUN,1d,3.1,0.19
CPIYOY-24JUN,1d,3.2,0.09
CPIYOY-24JUN,1d,3.3,0.05
CPIYOY-24JUN,1d,3.4,0.005
CPIYOY-24JUN,1d,3.5,0.005
CPIYOY-24JUN,1d,3.6,0.005
CPIYOY-24JUN,1d,3.7,0.005
CPIYOY-24JUN,1d,3.8,0.005
CPIYOY-24JUN,21d,2.8,0.505
CPIYOY-24JUN,21d,2.9,0.5
CPIYOY-24JUN,21d,3.0,0.47
CPIYOY-24JUN,21d,3.1,0.44
CPIYOY-24JUN,21d,3.2,0.365
CPIYOY-24JUN,21d,3.3,0.24
CPIYOY-24JUN,21d,3.4,0.125
CPIYOY-24JUN,21d,3.5,0.07
CPIYOY-24JUN,21d,3.6,0.045
CPIYOY-24JUN,21d,3.7,0.03
CPIYOY-24JUN,21d,3.8,0.015
CPIYOY-24JUN,3d,2.8,0.97
CPIYOY-24JUN,3d,2.9,0.955
CPIYOY-24JUN,3d,3.0,0.69
CPIYOY-24JUN,3d,3.1,0.19
CPIYOY-24JUN,3d,3.2,0.1
CPIYOY-24JUN,3d,3.3,0.05
CPIYOY-24JUN,3d,3.4,0.02
CPIYOY-24JUN,3d,3.5,0.005
CPIYOY-24JUN,3d,3.6,0.005
CPIYOY-24JUN,3d,3.7,0.005
CPIYOY-24JUN,3d,3.8,0.005
CPIYOY-24JUN,7d,2.8,0.5
CPIYOY-24JUN,7d,2.9,0.48
CPIYOY-24JUN,7d,3.0,0.48
CPIYOY-24JUN,7d,3.1,0.48
CPIYOY-24JUN,7d,3.2,0.3235714285714285
CPIYOY-24JUN,7d,3.3,0.3235714285714285
CPIYOY-24JUN,7d,3.4,0.3235714285714285
CPIYOY-24JUN,7d,3.5,0.3235714285714285
CPIYOY-24JUN,7d,3.6,0.3235714285714285
CPIYOY-24JUN,7d,3.7,0.3235714285714285
CPIYOY-24JUN,7d,3.8,0.3235714285714285
CPIYOY-24JUN,final,2.8,0.965
CPIYOY-24JUN,final,2.9,0.955
CPIYOY-24JUN,final,3.0,0.69
CPIYOY-24JUN,final,3.1,0.19
CPIYOY-24JUN,final,3.2,0.09
CPIYOY-24JUN,final,3.3,0.05
CPIYOY-24JUN,final,3.4,0.005
CPIYOY-24JUN,final,3.5,0.005
CPIYOY-24JUN,final,3.6,0.005
CPIYOY-24JUN,final,3.7,0.005
CPIYOY-24JUN,final,3.8,0.005
CPIYOY-24MAR,14d,2.8,0.985
CPIYOY-24MAR,14d,2.9,0.985
CPIYOY-24MAR,14d,3.0,0.97
CPIYOY-24MAR,14d,3.1,0.96
CPIYOY-24MAR,14d,3.2,0.925
CPIYOY-24MAR,14d,3.3,0.4683333333333333
CPIYOY-24MAR,14d,3.4,0.4683333333333333
CPIYOY-24MAR,14d,3.5,0.4683333333333333
CPIYOY-24MAR,1d,2.8,0.985
CPIYOY-24MAR,1d,2.9,0.985
CPIYOY-24MAR,1d,3.0,0.98
CPIYOY-24MAR,1d,3.1,0.98
CPIYOY-24MAR,1d,3.2,0.96
CPIYOY-24MAR,1d,3.3,0.665
CPIYOY-24MAR,1d,3.4,0.085
CPIYOY-24MAR,1d,3.5,0.025
CPIYOY-24MAR,21d,2.8,0.975
CPIYOY-24MAR,21d,2.9,0.975
CPIYOY-24MAR,21d,3.0,0.975
CPIYOY-24MAR,21d,3.1,0.955
CPIYOY-24MAR,21d,3.2,0.825
CPIYOY-24MAR,21d,3.3,0.585
CPIYOY-24MAR,21d,3.4,0.435
CPIYOY-24MAR,21d,3.5,0.125
CPIYOY-24MAR,3d,2.8,0.985
CPIYOY-24MAR,3d,2.9,0.985
CPIYOY-24MAR,3d,3.0,0.98
CPIYOY-24MAR,3d,3.1,0.98
CPIYOY-24MAR,3d,3.2,0.955
CPIYOY-24MAR,3d,3.3,0.65
CPIYOY-24MAR,3d,3.4,0.09
CPIYOY-24MAR,3d,3.5,0.025
CPIYOY-24MAR,7d,2.8,0.985
CPIYOY-24MAR,7d,2.9,0.985
CPIYOY-24MAR,7d,3.0,0.975
CPIYOY-24MAR,7d,3.1,0.965
CPIYOY-24MAR,7d,3.2,0.875
CPIYOY-24MAR,7d,3.3,0.375
CPIYOY-24MAR,7d,3.4,0.045
CPIYOY-24MAR,7d,3.5,0.025
CPIYOY-24MAR,final,2.8,0.985
CPIYOY-24MAR,final,2.9,0.985
CPIYOY-24MAR,final,3.0,0.98
CPIYOY-24MAR,final,3.1,0.98
CPIYOY-24MAR,final,3.2,0.96
CPIYOY-24MAR,final,3.3,0.665
CPIYOY-24MAR,final,3.4,0.085
CPIYOY-24MAR,final,3.5,0.025
CPIYOY-24MAY,14d,3.0,0.97
CPIYOY-24MAY,14d,3.1,0.965
CPIYOY-24MAY,14d,3.2,0.905
CPIYOY-24MAY,14d,3.3,0.51
CPIYOY-24MAY,14d,3.4,0.245
CPIYOY-24MAY,14d,3.5,0.05
CPIYOY-24MAY,14d,3.6,0.04
CPIYOY-24MAY,14d,3.7,0.035
CPIYOY-24MAY,14d,3.8,0.035
CPIYOY-24MAY,14d,3.9,0.035
CPIYOY-24MAY,1d,3.0,0.985
CPIYOY-24MAY,1d,3.1,0.975
CPIYOY-24MAY,1d,3.2,0.95
CPIYOY-24MAY,1d,3.3,0.54
CPIYOY-24MAY,1d,3.4,0.13
CPIYOY-24MAY,1d,3.5,0.015
CPIYOY-24MAY,1d,3.6,0.015
CPIYOY-24MAY,1d,3.7,0.015
CPIYOY-24MAY,1d,3.8,0.015
CPIYOY-24MAY,1d,3.9,0.015
CPIYOY-24MAY,21d,3.0,0.75
CPIYOY-24MAY,21d,3.1,0.745
CPIYOY-24MAY,21d,3.2,0.65
CPIYOY-24MAY,21d,3.3,0.495
CPIYOY-24MAY,21d,3.4,0.3
CPIYOY-24MAY,21d,3.5,0.125
CPIYOY-24MAY,21d,3.6,0.07166666666666667
CPIYOY-24MAY,21d,3.7,0.07166666666666667
CPIYOY-24MAY,21d,3.8,0.07166666666666667
CPIYOY-24MAY,21d,3.9,0.05
CPIYOY-24MAY,3d,3.0,0.975
CPIYOY-24MAY,3d,3.1,0.97
CPIYOY-24MAY,3d,3.2,0.93
CPIYOY-24MAY,3d,3.3,0.57
CPIYOY-24MAY,3d,3.4,0.225
CPIYOY-24MAY,3d,3.5,0.045
CPIYOY-24MAY,3d,3.6,0.045
CPIYOY-24MAY,3d,3.7,0.04
CPIYOY-24MAY,3d,3.8,0.04
CPIYOY-24MAY,3d,3.9,0.035
CPIYOY-24MAY,7d,3.0,0.98
CPIYOY-24MAY,7d,3.1,0.97
CPIYOY-24MAY,7d,3.2,0.9
CPIYOY-24MAY,7d,3.3,0.615
CPIYOY-24MAY,7d,3.4,0.31
CPIYOY-24MAY,7d,3.5,0.06
CPIYOY-24MAY,7d,3.6,0.0225
CPIYOY-24MAY,7d,3.7,0.0225
CPIYOY-24MAY,7d,3.8,0.0175
CPIYOY-24MAY,7d,3.9,0.0175
CPIYOY-24MAY,final,3.0,0.985
CPIYOY-24MAY,final,3.1,0.975
CPIYOY-24MAY,final,3.2,0.95
CPIYOY-24MAY,final,3.3,0.54
CPIYOY-24MAY,final,3.4,0.13
CPIYOY-24MAY,final,3.5,0.015
CPIYOY-24MAY,final,3.6,0.015
CPIYOY-24MAY,final,3.7,0.015
CPIYOY-24MAY,final,3.8,0.015
CPIYOY-24MAY,final,3.9,0.015
CPIYOY-24OCT,14d,2.3,0.91
CPIYOY-24OCT,14d,2.4,0.725
CPIYOY-24OCT,14d,2.5,0.7
CPIYOY-24OCT,14d,2.6,0.435
CPIYOY-24OCT,14d,2.7,0.23
CPIYOY-24OCT,14d,2.8,0.075
CPIYOY-24OCT,14d,2.9,0.055
CPIYOY-24OCT,14d,3.0,0.025
CPIYOY-24OCT,14d,3.1,0.005
CPIYOY-24OCT,1d,2.3,0.945
CPIYOY-24OCT,1d,2.4,0.6725
CPIYOY-24OCT,1d,2.5,0.6725
CPIYOY-24OCT,1d,2.6,0.42
CPIYOY-24OCT,1d,2.7,0.23
CPIYOY-24OCT,1d,2.8,0.075
CPIYOY-24OCT,1d,2.9,0.055
CPIYOY-24OCT,1d,3.0,0.05
CPIYOY-24OCT,1d,3.1,0.05
CPIYOY-24OCT,21d,2.3,0.91
CPIYOY-24OCT,21d,2.4,0.6025
CPIYOY-24OCT,21d,2.5,0.6025
CPIYOY-24OCT,21d,2.6,0.435
CPIYOY-24OCT,21d,2.7,0.23
CPIYOY-24OCT,21d,2.8,0.075
CPIYOY-24OCT,21d,2.9,0.055
CPIYOY-24OCT,21d,3.0,0.025
CPIYOY-24OCT,21d,3.1,0.005
CPIYOY-24OCT,3d,2.3,0.945
CPIYOY-24OCT,3d,2.4,0.675
CPIYOY-24OCT,3d,2.5,0.675
CPIYOY-24OCT,3d,2.6,0.42
CPIYOY-24OCT,3d,2.7,0.23
CPIYOY-24OCT,3d,2.8,0.075
CPIYOY-24OCT,3d,2.9,0.055
CPIYOY-24OCT,3d,3.0,0.05
CPIYOY-24OCT,3d,3.1,0.05
CPIYOY-24OCT,7d,2.3,0.91
CPIYOY-24OCT,7d,2.4,0.63
CPIYOY-24OCT,7d,2.5,0.63
CPIYOY-24OCT,7d,2.6,0.42
CPIYOY-24OCT,7d,2.7,0.23
CPIYOY-24OCT,7d,2.8,0.075
CPIYOY-24OCT,7d,2.9,0.055
CPIYOY-24OCT,7d,3.0,0.05
CPIYOY-24OCT,7d,3.1,0.05
CPIYOY-24OCT,final,2.3,0.945
CPIYOY-24OCT,final,2.4,0.6725
CPIYOY-24OCT,final,2.5,0.6725
CPIYOY-24OCT,final,2.6,0.42
CPIYOY-24OCT,final,2.7,0.23
CPIYOY-24OCT,final,2.8,0.075
CPIYOY-24OCT,final,2.9,0.055
CPIYOY-24OCT,final,3.0,0.05
CPIYOY-24OCT,final,3.1,0.05
CPIYOY-24SEP,14d,2.0,0.97
CPIYOY-24SEP,14d,2.1,0.94
CPIYOY-24SEP,14d,2.2,0.695
CPIYOY-24SEP,14d,2.3,0.27
CPIYOY-24SEP,14d,2.4,0.07
CPIYOY-24SEP,14d,2.5,0.035
CPIYOY-24SEP,14d,2.6,0.035
CPIYOY-24SEP,14d,2.7,0.03
CPIYOY-24SEP,14d,2.8,0.03
CPIYOY-24SEP,14d,2.9,0.03
CPIYOY-24SEP,14d,3.0,0.03
CPIYOY-24SEP,14d,3.1,0.025
CPIYOY-24SEP,1d,2.0,0.99
CPIYOY-24SEP,1d,2.1,0.985
CPIYOY-24SEP,1d,2.2,0.83
CPIYOY-24SEP,1d,2.3,0.285
CPIYOY-24SEP,1d,2.4,0.055
CPIYOY-24SEP,1d,2.5,0.009285714285714286
CPIYOY-24SEP,1d,2.6,0.009285714285714286
CPIYOY-24SEP,1d,2.7,0.009285714285714286
CPIYOY-24SEP,1d,2.8,0.009285714285714286
CPIYOY-24SEP,1d,2.9,0.009285714285714286
CPIYOY-24SEP,1d,3.0,0.009285714285714286
CPIYOY-24SEP,1d,3.1,0.009285714285714286
CPIYOY-24SEP,21d,2.0,0.5750000000000001
CPIYOY-24SEP,21d,2.1,0.5750000000000001
CPIYOY-24SEP,21d,2.2,0.5750000000000001
CPIYOY-24SEP,21d,2.3,0.525
CPIYOY-24SEP,21d,2.4,0.19
CPIYOY-24SEP,21d,2.5,0.125
CPIYOY-24SEP,21d,2.6,0.091
CPIYOY-24SEP,21d,2.7,0.091
CPIYOY-24SEP,21d,2.8,0.091
CPIYOY-24SEP,21d,2.9,0.091
CPIYOY-24SEP,21d,3.0,0.091
CPIYOY-24SEP,21d,3.1,0.03
CPIYOY-24SEP,3d,2.0,0.985
CPIYOY-24SEP,3d,2.1,0.955
CPIYOY-24SEP,3d,2.2,0.755
CPIYOY-24SEP,3d,2.3,0.45
CPIYOY-24SEP,3d,2.4,0.285
CPIYOY-24SEP,3d,2.5,0.145
CPIYOY-24SEP,3d,2.6,0.08
CPIYOY-24SEP,3d,2.7,0.045
CPIYOY-24SEP,3d,2.8,0.035
CPIYOY-24SEP,3d,2.9,0.035
CPIYOY-24SEP,3d,3.0,0.03
CPIYOY-24SEP,3d,3.1,0.015
CPIYOY-24SEP,7d,2.0,0.98
CPIYOY-24SEP,7d,2.1,0.96
CPIYOY-24SEP,7d,2.2,0.695
CPIYOY-24SEP,7d,2.3,0.335
CPIYOY-24SEP,7d,2.4,0.075
CPIYOY-24SEP,7d,2.5,0.025
CPIYOY-24SEP,7d,2.6,0.025
CPIYOY-24SEP,7d,2.7,0.02
CPIYOY-24SEP,7d,2.8,0.02
CPIYOY-24SEP,7d,2.9,0.02
CPIYOY-24SEP,7d,3.0,0.02
CPIYOY-24SEP,7d,3.1,0.02
CPIYOY-24SEP,final,2.0,0.99
CPIYOY-24SEP,final,2.1,0.985
CPIYOY-24SEP,final,2.2,0.83
CPIYOY-24SEP,final,2.3,0.285
CPIYOY-24SEP,final,2.4,0.055
CPIYOY-24SEP,final,2.5,0.009285714285714286
CPIYOY-24SEP,final,2.6,0.009285714285714286
CPIYOY-24SEP,final,2.7,0.009285714285714286
CPIYOY-24SEP,final,2.8,0.009285714285714286
CPIYOY-24SEP,final,2.9,0.009285714285714286
CPIYOY-24SEP,final,3.0,0.009285714285714286
CPIYOY-24SEP,final,3.1,0.009285714285714286
KXCPIYOY-24DEC,14d,2.0,0.9699999999999999
KXCPIYOY-24DEC,14d,2.1,0.9699999999999999
KXCPIYOY-24DEC,14d,2.2,0.9699999999999999
KXCPIYOY-24DEC,14d,2.3,0.9699999999999999
KXCPIYOY-24DEC,14d,2.4,0.9699999999999999
KXCPIYOY-24DEC,14d,2.5,0.9699999999999999
KXCPIYOY-24DEC,14d,2.6,0.9699999999999999
KXCPIYOY-24DEC,14d,2.7,0.94
KXCPIYOY-24DEC,14d,2.8,0.805
KXCPIYOY-24DEC,14d,2.9,0.29
KXCPIYOY-24DEC,14d,3.0,0.065
KXCPIYOY-24DEC,1d,2.0,0.9800000000000002
KXCPIYOY-24DEC,1d,2.1,0.9800000000000002
KXCPIYOY-24DEC,1d,2.2,0.9800000000000002
KXCPIYOY-24DEC,1d,2.3,0.9800000000000002
KXCPIYOY-24DEC,1d,2.4,0.9800000000000002
KXCPIYOY-24DEC,1d,2.5,0.9800000000000002
KXCPIYOY-24DEC,1d,2.6,0.9800000000000002
KXCPIYOY-24DEC,1d,2.7,0.96
KXCPIYOY-24DEC,1d,2.8,0.745
KXCPIYOY-24DEC,1d,2.9,0.255
KXCPIYOY-24DEC,1d,3.0,0.035
KXCPIYOY-24DEC,21d,2.0,0.955
KXCPIYOY-24DEC,21d,2.1,0.945
KXCPIYOY-24DEC,21d,2.2,0.9166666666666666
KXCPIYOY-24DEC,21d,2.3,0.9166666666666666
KXCPIYOY-24DEC,21d,2.4,0.9166666666666666
KXCPIYOY-24DEC,21d,2.5,0.915
KXCPIYOY-24DEC,21d,2.6,0.7566666666666667
KXCPIYOY-24DEC,21d,2.7,0.7566666666666667
KXCPIYOY-24DEC,21d,2.8,0.7566666666666667
KXCPIYOY-24DEC,21d,2.9,0.34
KXCPIYOY-24DEC,21d,3.0,0.16
KXCPIYOY-24DEC,3d,2.0,0.98
KXCPIYOY-24DEC,3d,2.1,0.98
KXCPIYOY-24DEC,3d,2.2,0.9789999999999999
KXCPIYOY-24DEC,3d,2.3,0.9789999999999999
KXCPIYOY-24DEC,3d,2.4,0.9789999999999999
KXCPIYOY-24DEC,3d,2.5,0.9789999999999999
KXCPIYOY-24DEC,3d,2.6,0.9789999999999999
KXCPIYOY-24DEC,3d,2.7,0.945
KXCPIYOY-24DEC,3d,2.8,0.765
KXCPIYOY-24DEC,3d,2.9,0.26
KXCPIYOY-24DEC,3d,3.0,0.055
KXCPIYOY-24DEC,7d,2.0,0.98
KXCPIYOY-24DEC,7d,2.1,0.98
KXCPIYOY-24DEC,7d,2.2,0.978
KXCPIYOY-24DEC,7d,2.3,0.978
KXCPIYOY-24DEC,7d,2.4,0.978
KXCPIYOY-24DEC,7d,2.5,0.978
KXCPIYOY-24DEC,7d,2.6,0.978
KXCPIYOY-24DEC,7d,2.7,0.925
KXCPIYOY-24DEC,7d,2.8,0.72
KXCPIYOY-24DEC,7d,2.9,0.185
KXCPIYOY-24DEC,7d,3.0,0.075
KXCPIYOY-24DEC,final,2.0,0.9800000000000002
KXCPIYOY-24DEC,final,2.1,0.9800000000000002
KXCPIYOY-24DEC,final,2.2,0.9800000000000002
KXCPIYOY-24DEC,final,2.3,0.9800000000000002
KXCPIYOY-24DEC,final,2.4,0.9800000000000002
KXCPIYOY-24DEC,final,2.5,0.9800000000000002
KXCPIYOY-24DEC,final,2.6,0.9800000000000002
KXCPIYOY-24DEC,final,2.7,0.96
KXCPIYOY-24DEC,final,2.8,0.745
KXCPIYOY-24DEC,final,2.9,0.255
KXCPIYOY-24DEC,final,3.0,0.035
KXCPIYOY-24NOV,14d,2.1,0.985
KXCPIYOY-24NOV,14d,2.2,0.985
KXCPIYOY-24NOV,14d,2.3,0.985
KXCPIYOY-24NOV,14d,2.4,0.975
KXCPIYOY-24NOV,14d,2.5,0.93
KXCPIYOY-24NOV,14d,2.6,0.775
KXCPIYOY-24NOV,14d,2.7,0.35
KXCPIYOY-24NOV,14d,2.8,0.22
KXCPIYOY-24NOV,14d,2.9,0.045
KXCPIYOY-24NOV,14d,3.0,0.03
KXCPIYOY-24NOV,1d,2.1,0.995
KXCPIYOY-24NOV,1d,2.2,0.995
KXCPIYOY-24NOV,1d,2.3,0.995
KXCPIYOY-24NOV,1d,2.4,0.99
KXCPIYOY-24NOV,1d,2.5,0.955
KXCPIYOY-24NOV,1d,2.6,0.84
KXCPIYOY-24NOV,1d,2.7,0.36
KXCPIYOY-24NOV,1d,2.8,0.2
KXCPIYOY-24NOV,1d,2.9,0.015
KXCPIYOY-24NOV,1d,3.0,0.01
KXCPIYOY-24NOV,21d,2.1,0.985
KXCPIYOY-24NOV,21d,2.2,0.985
KXCPIYOY-24NOV,21d,2.3,0.975
KXCPIYOY-24NOV,21d,2.4,0.97
KXCPIYOY-24NOV,21d,2.5,0.945
KXCPIYOY-24NOV,21d,2.6,0.79
KXCPIYOY-24NOV,21d,2.7,0.35
KXCPIYOY-24NOV,21d,2.8,0.19
KXCPIYOY-24NOV,21d,2.9,0.04
KXCPIYOY-24NOV,21d,3.0,0.03
KXCPIYOY-24NOV,3d,2.1,0.995
KXCPIYOY-24NOV,3d,2.2,0.995
KXCPIYOY-24NOV,3d,2.3,0.995
KXCPIYOY-24NOV,3d,2.4,0.995
KXCPIYOY-24NOV,3d,2.5,0.94
KXCPIYOY-24NOV,3d,2.6,0.815
KXCPIYOY-24NOV,3d,2.7,0.32
KXCPIYOY-24NOV,3d,2.8,0.17
KXCPIYOY-24NOV,3d,2.9,0.02
KXCPIYOY-24NOV,3d,3.0,0.015
KXCPIYOY-24NOV,7d,2.1,0.995
KXCPIYOY-24NOV,7d,2.2,0.995
KXCPIYOY-24NOV,7d,2.3,0.995
KXCPIYOY-24NOV,7d,2.4,0.985
KXCPIYOY-24NOV,7d,2.5,0.935
KXCPIYOY-24NOV,7d,2.6,0.825
KXCPIYOY-24NOV,7d,2.7,0.385
KXCPIYOY-24NOV,7d,2.8,0.23
KXCPIYOY-24NOV,7d,2.9,0.025
KXCPIYOY-24NOV,7d,3.0,0.02
KXCPIYOY-24NOV,final,2.1,0.995
KXCPIYOY-24NOV,final,2.2,0.995
KXCPIYOY-24NOV,final,2.3,0.995
KXCPIYOY-24NOV,final,2.4,0.99
KXCPIYOY-24NOV,final,2.5,0.955
KXCPIYOY-24NOV,final,2.6,0.84
KXCPIYOY-24NOV,final,2.7,0.36
KXCPIYOY-24NOV,final,2.8,0.2
KXCPIYOY-24NOV,final,2.9,0.015
KXCPIYOY-24NOV,final,3.0,0.01
KXCPIYOY-25APR,14d,2.2,0.805
KXCPIYOY-25APR,14d,2.3,0.555
KXCPIYOY-25APR,14d,2.4,0.275
KXCPIYOY-25APR,14d,2.5,0.09
KXCPIYOY-25APR,14d,2.6,0.06
KXCPIYOY-25APR,14d,2.7,0.055
KXCPIYOY-25APR,14d,2.8,0.055
KXCPIYOY-25APR,14d,2.9,0.04
KXCPIYOY-25APR,14d,3.0,0.04
KXCPIYOY-25APR,14d,3.1,0.025
KXCPIYOY-25APR,1d,2.2,0.89
KXCPIYOY-25APR,1d,2.3,0.6
KXCPIYOY-25APR,1d,2.4,0.26
KXCPIYOY-25APR,1d,2.5,0.1
KXCPIYOY-25APR,1d,2.6,0.05
KXCPIYOY-25APR,1d,2.7,0.03
KXCPIYOY-25APR,1d,2.8,0.025
KXCPIYOY-25APR,1d,2.9,0.01
KXCPIYOY-25APR,1d,3.0,0.01
KXCPIYOY-25APR,1d,3.1,0.005
KXCPIYOY-25APR,21d,2.2,0.815
KXCPIYOY-25APR,21d,2.3,0.55
KXCPIYOY-25APR,21d,2.4,0.295
KXCPIYOY-25APR,21d,2.5,0.13
KXCPIYOY-25APR,21d,2.6,0.07
KXCPIYOY-25APR,21d,2.7,0.07
KXCPIYOY-25APR,21d,2.8,0.055
KXCPIYOY-25APR,21d,2.9,0.04
KXCPIYOY-25APR,21d,3.0,0.03
KXCPIYOY-25APR,21d,3.1,0.025
KXCPIYOY-25APR,3d,2.2,0.875
KXCPIYOY-25APR,3d,2.3,0.63
KXCPIYOY-25APR,3d,2.4,0.245
KXCPIYOY-25APR,3d,2.5,0.105
KXCPIYOY-25APR,3d,2.6,0.055
KXCPIYOY-25APR,3d,2.7,0.045
KXCPIYOY-25APR,3d,2.8,0.035
KXCPIYOY-25APR,3d,2.9,0.015
KXCPIYOY-25APR,3d,3.0,0.015
KXCPIYOY-25APR,3d,3.1,0.015
KXCPIYOY-25APR,7d,2.2,0.9
KXCPIYOY-25APR,7d,2.3,0.63
KXCPIYOY-25APR,7d,2.4,0.335
KXCPIYOY-25APR,7d,2.5,0.115
KXCPIYOY-25APR,7d,2.6,0.05
KXCPIYOY-25APR,7d,2.7,0.04
KXCPIYOY-25APR,7d,2.8,0.025
KXCPIYOY-25APR,7d,2.9,0.02
KXCPIYOY-25APR,7d,3.0,0.02
KXCPIYOY-25APR,7d,3.1,0.02
KXCPIYOY-25APR,final,2.2,0.89
KXCPIYOY-25APR,final,2.3,0.6
KXCPIYOY-25APR,final,2.4,0.26
KXCPIYOY-25APR,final,2.5,0.1
KXCPIYOY-25APR,final,2.6,0.05
KXCPIYOY-25APR,final,2.7,0.03
KXCPIYOY-25APR,final,2.8,0.025
KXCPIYOY-25APR,final,2.9,0.01
KXCPIYOY-25APR,final,3.0,0.01
KXCPIYOY-25APR,final,3.1,0.005
KXCPIYOY-25AUG,14d,2.4,0.99
KXCPIYOY-25AUG,14d,2.5,0.97
KXCPIYOY-25AUG,14d,2.6,0.955
KXCPIYOY-25AUG,14d,2.7,0.895
KXCPIYOY-25AUG,14d,2.8,0.63
KXCPIYOY-25AUG,14d,2.9,0.22
KXCPIYOY-25AUG,14d,3.0,0.07
KXCPIYOY-25AUG,14d,3.1,0.03
KXCPIYOY-25AUG,1d,2.4,0.995
KXCPIYOY-25AUG,1d,2.5,0.99
KXCPIYOY-25AUG,1d,2.6,0.98
KXCPIYOY-25AUG,1d,2.7,0.97
KXCPIYOY-25AUG,1d,2.8,0.685
KXCPIYOY-25AUG,1d,2.9,0.225
KXCPIYOY-25AUG,1d,3.0,0.035
KXCPIYOY-25AUG,1d,3.1,0.015
KXCPIYOY-25AUG,21d,2.4,0.98
KXCPIYOY-25AUG,21d,2.5,0.975
KXCPIYOY-25AUG,21d,2.6,0.955
KXCPIYOY-25AUG,21d,2.7,0.865
KXCPIYOY-25AUG,21d,2.8,0.575
KXCPIYOY-25AUG,21d,2.9,0.165
KXCPIYOY-25AUG,21d,3.0,0.045
KXCPIYOY-25AUG,21d,3.1,0.025
KXCPIYOY-25AUG,3d,2.4,0.99
KXCPIYOY-25AUG,3d,2.5,0.99
KXCPIYOY-25AUG,3d,2.6,0.975
KXCPIYOY-25AUG,3d,2.7,0.92
KXCPIYOY-25AUG,3d,2.8,0.625
KXCPIYOY-25AUG,3d,2.9,0.185
KXCPIYOY-25AUG,3d,3.0,0.035
KXCPIYOY-25AUG,3d,3.1,0.01
KXCPIYOY-25AUG,7d,2.4,0.99
KXCPIYOY-25AUG,7d,2.5,0.975
KXCPIYOY-25AUG,7d,2.6,0.96
KXCPIYOY-25AUG,7d,2.7,0.92
KXCPIYOY-25AUG,7d,2.8,0.635
KXCPIYOY-25AUG,7d,2.9,0.23
KXCPIYOY-25AUG,7d,3.0,0.06
KXCPIYOY-25AUG,7d,3.1,0.015
KXCPIYOY-25AUG,final,2.4,0.995
KXCPIYOY-25AUG,final,2.5,0.99
KXCPIYOY-25AUG,final,2.6,0.98
KXCPIYOY-25AUG,final,2.7,0.97
KXCPIYOY-25AUG,final,2.8,0.685
KXCPIYOY-25AUG,final,2.9,0.225
KXCPIYOY-25AUG,final,3.0,0.035
KXCPIYOY-25AUG,final,3.1,0.015
KXCPIYOY-25DEC,14d,2.4,0.975
KXCPIYOY-25DEC,14d,2.5,0.9
KXCPIYOY-25DEC,14d,2.6,0.485
KXCPIYOY-25DEC,14d,2.7,0.34
KXCPIYOY-25DEC,14d,2.8,0.155
KXCPIYOY-25DEC,14d,2.9,0.09
KXCPIYOY-25DEC,14d,3.0,0.035
KXCPIYOY-25DEC,14d,3.1,0.015
KXCPIYOY-25DEC,1d,2.4,0.96
KXCPIYOY-25DEC,1d,2.5,0.915
KXCPIYOY-25DEC,1d,2.6,0.635
KXCPIYOY-25DEC,1d,2.7,0.345
KXCPIYOY-25DEC,1d,2.8,0.135
KXCPIYOY-25DEC,1d,2.9,0.055
KXCPIYOY-25DEC,1d,3.0,0.03
KXCPIYOY-25DEC,1d,3.1,0.01
KXCPIYOY-25DEC,21d,2.4,0.975
KXCPIYOY-25DEC,21d,2.5,0.925
KXCPIYOY-25DEC,21d,2.6,0.555
KXCPIYOY-25DEC,21d,2.7,0.38
KXCPIYOY-25DEC,21d,2.8,0.205
KXCPIYOY-25DEC,21d,2.9,0.105
KXCPIYOY-25DEC,21d,3.0,0.05
KXCPIYOY-25DEC,21d,3.1,0.025
KXCPIYOY-25DEC,3d,2.4,0.95
KXCPIYOY-25DEC,3d,2.5,0.905
KXCPIYOY-25DEC,3d,2.6,0.655
KXCPIYOY-25DEC,3d,2.7,0.335
KXCPIYOY-25DEC,3d,2.8,0.13
KXCPIYOY-25DEC,3d,2.9,0.075
KXCPIYOY-25DEC,3d,3.0,0.02
KXCPIYOY-25DEC,3d,3.1,0.015
KXCPIYOY-25DEC,7d,2.4,0.96
KXCPIYOY-25DEC,7d,2.5,0.855
KXCPIYOY-25DEC,7d,2.6,0.575
KXCPIYOY-25DEC,7d,2.7,0.325
KXCPIYOY-25DEC,7d,2.8,0.135
KXCPIYOY-25DEC,7d,2.9,0.075
KXCPIYOY-25DEC,7d,3.0,0.035
KXCPIYOY-25DEC,7d,3.1,0.01
KXCPIYOY-25DEC,final,2.4,0.96
KXCPIYOY-25DEC,final,2.5,0.915
KXCPIYOY-25DEC,final,2.6,0.635
KXCPIYOY-25DEC,final,2.7,0.345
KXCPIYOY-25DEC,final,2.8,0.135
KXCPIYOY-25DEC,final,2.9,0.055
KXCPIYOY-25DEC,final,3.0,0.03
KXCPIYOY-25DEC,final,3.1,0.01
KXCPIYOY-25FEB,14d,2.4,0.9824999999999999
KXCPIYOY-25FEB,14d,2.5,0.9824999999999999
KXCPIYOY-25FEB,14d,2.6,0.955
KXCPIYOY-25FEB,14d,2.7,0.935
KXCPIYOY-25FEB,14d,2.8,0.745
KXCPIYOY-25FEB,14d,2.9,0.405
KXCPIYOY-25FEB,14d,3.0,0.155
KXCPIYOY-25FEB,14d,3.1,0.065
KXCPIYOY-25FEB,1d,2.4,0.99
KXCPIYOY-25FEB,1d,2.5,0.97
KXCPIYOY-25FEB,1d,2.6,0.97
KXCPIYOY-25FEB,1d,2.7,0.955
KXCPIYOY-25FEB,1d,2.8,0.755
KXCPIYOY-25FEB,1d,2.9,0.285
KXCPIYOY-25FEB,1d,3.0,0.055
KXCPIYOY-25FEB,1d,3.1,0.015
KXCPIYOY-25FEB,21d,2.4,0.9775
KXCPIYOY-25FEB,21d,2.5,0.9775
KXCPIYOY-25FEB,21d,2.6,0.97
KXCPIYOY-25FEB,21d,2.7,0.945
KXCPIYOY-25FEB,21d,2.8,0.8
KXCPIYOY-25FEB,21d,2.9,0.455
KXCPIYOY-25FEB,21d,3.0,0.195
KXCPIYOY-25FEB,21d,3.1,0.07
KXCPIYOY-25FEB,3d,2.4,0.99
KXCPIYOY-25FEB,3d,2.5,0.97
KXCPIYOY-25FEB,3d,2.6,0.965
KXCPIYOY-25FEB,3d,2.7,0.96
KXCPIYOY-25FEB,3d,2.8,0.75
KXCPIYOY-25FEB,3d,2.9,0.34
KXCPIYOY-25FEB,3d,3.0,0.05
KXCPIYOY-25FEB,3d,3.1,0.02
KXCPIYOY-25FEB,7d,2.4,0.99
KXCPIYOY-25FEB,7d,2.5,0.97
KXCPIYOY-25FEB,7d,2.6,0.965
KXCPIYOY-25FEB,7d,2.7,0.94
KXCPIYOY-25FEB,7d,2.8,0.695
KXCPIYOY-25FEB,7d,2.9,0.315
KXCPIYOY-25FEB,7d,3.0,0.075
KXCPIYOY-25FEB,7d,3.1,0.035
KXCPIYOY-25FEB,final,2.4,0.99
KXCPIYOY-25FEB,final,2.5,0.97
KXCPIYOY-25FEB,final,2.6,0.97
KXCPIYOY-25FEB,final,2.7,0.955
KXCPIYOY-25FEB,final,2.8,0.755
KXCPIYOY-25FEB,final,2.9,0.285
KXCPIYOY-25FEB,final,3.0,0.055
KXCPIYOY-25FEB,final,3.1,0.015
KXCPIYOY-25JAN,14d,1.8,0.995
KXCPIYOY-25JAN,14d,1.9,0.995
KXCPIYOY-25JAN,14d,2.0,0.995
KXCPIYOY-25JAN,14d,2.1,0.985
KXCPIYOY-25JAN,14d,2.2,0.985
KXCPIYOY-25JAN,14d,2.3,0.975
KXCPIYOY-25JAN,14d,2.4,0.975
KXCPIYOY-25JAN,14d,2.5,0.97
KXCPIYOY-25JAN,14d,2.6,0.965
KXCPIYOY-25JAN,14d,2.7,0.915
KXCPIYOY-25JAN,14d,2.8,0.795
KXCPIYOY-25JAN,14d,2.9,0.47
KXCPIYOY-25JAN,14d,3.0,0.165
KXCPIYOY-25JAN,14d,3.1,0.055
KXCPIYOY-25JAN,1d,1.8,0.995
KXCPIYOY-25JAN,1d,1.9,0.995
KXCPIYOY-25JAN,1d,2.0,0.995
KXCPIYOY-25JAN,1d,2.1,0.99
KXCPIYOY-25JAN,1d,2.2,0.985
KXCPIYOY-25JAN,1d,2.3,0.98
KXCPIYOY-25JAN,1d,2.4,0.98
KXCPIYOY-25JAN,1d,2.5,0.975
KXCPIYOY-25JAN,1d,2.6,0.965
KXCPIYOY-25JAN,1d,2.7,0.965
KXCPIYOY-25JAN,1d,2.8,0.755
KXCPIYOY-25JAN,1d,2.9,0.49
KXCPIYOY-25JAN,1d,3.0,0.15
KXCPIYOY-25JAN,1d,3.1,0.045
KXCPIYOY-25JAN,21d,1.8,0.975
KXCPIYOY-25JAN,21d,1.9,0.975
KXCPIYOY-25JAN,21d,2.0,0.975
KXCPIYOY-25JAN,21d,2.1,0.975
KXCPIYOY-25JAN,21d,2.2,0.975
KXCPIYOY-25JAN,21d,2.3,0.975
KXCPIYOY-25JAN,21d,2.4,0.975
KXCPIYOY-25JAN,21d,2.5,0.965
KXCPIYOY-25JAN,21d,2.6,0.955
KXCPIYOY-25JAN,21d,2.7,0.9
KXCPIYOY-25JAN,21d,2.8,0.79
KXCPIYOY-25JAN,21d,2.9,0.43
KXCPIYOY-25JAN,21d,3.0,0.075
KXCPIYOY-25JAN,21d,3.1,0.055
KXCPIYOY-25JAN,3d,1.8,0.99
KXCPIYOY-25JAN,3d,1.9,0.99
KXCPIYOY-25JAN,3d,2.0,0.9875
KXCPIYOY-25JAN,3d,2.1,0.9875
KXCPIYOY-25JAN,3d,2.2,0.985
KXCPIYOY-25JAN,3d,2.3,0.9775
KXCPIYOY-25JAN,3d,2.4,0.9775
KXCPIYOY-25JAN,3d,2.5,0.9724999999999999
KXCPIYOY-25JAN,3d,2.6,0.9724999999999999
KXCPIYOY-25JAN,3d,2.7,0.955
KXCPIYOY-25JAN,3d,2.8,0.82
KXCPIYOY-25JAN,3d,2.9,0.64
KXCPIYOY-25JAN,3d,3.0,0.24
KXCPIYOY-25JAN,3d,3.1,0.085
KXCPIYOY-25JAN,7d,1.8,0.99
KXCPIYOY-25JAN,7d,1.9,0.99
KXCPIYOY-25JAN,7d,2.0,0.9875
KXCPIYOY-25JAN,7d,2.1,0.9875
KXCPIYOY-25JAN,7d,2.2,0.985
KXCPIYOY-25JAN,7d,2.3,0.975
KXCPIYOY-25JAN,7d,2.4,0.975
KXCPIYOY-25JAN,7d,2.5,0.97
KXCPIYOY-25JAN,7d,2.6,0.97
KXCPIYOY-25JAN,7d,2.7,0.965
KXCPIYOY-25JAN,7d,2.8,0.795
KXCPIYOY-25JAN,7d,2.9,0.495
KXCPIYOY-25JAN,7d,3.0,0.19
KXCPIYOY-25JAN,7d,3.1,0.08
KXCPIYOY-25JAN,final,1.8,0.995
KXCPIYOY-25JAN,final,1.9,0.995
KXCPIYOY-25JAN,final,2.0,0.995
KXCPIYOY-25JAN,final,2.1,0.99
KXCPIYOY-25JAN,final,2.2,0.985
KXCPIYOY-25JAN,final,2.3,0.98
KXCPIYOY-25JAN,final,2.4,0.98
KXCPIYOY-25JAN,final,2.5,0.975
KXCPIYOY-25JAN,final,2.6,0.965
KXCPIYOY-25JAN,final,2.7,0.965
KXCPIYOY-25JAN,final,2.8,0.755
KXCPIYOY-25JAN,final,2.9,0.49
KXCPIYOY-25JAN,final,3.0,0.15
KXCPIYOY-25JAN,final,3.1,0.045
KXCPIYOY-25JUL,14d,2.4,0.965
KXCPIYOY-25JUL,14d,2.5,0.955
KXCPIYOY-25JUL,14d,2.6,0.89
KXCPIYOY-25JUL,14d,2.7,0.61
KXCPIYOY-25JUL,14d,2.8,0.24
KXCPIYOY-25JUL,14d,2.9,0.095
KXCPIYOY-25JUL,14d,3.0,0.03
KXCPIYOY-25JUL,14d,3.1,0.03
KXCPIYOY-25JUL,1d,2.4,0.99
KXCPIYOY-25JUL,1d,2.5,0.99
KXCPIYOY-25JUL,1d,2.6,0.935
KXCPIYOY-25JUL,1d,2.7,0.665
KXCPIYOY-25JUL,1d,2.8,0.205
KXCPIYOY-25JUL,1d,2.9,0.025
KXCPIYOY-25JUL,1d,3.0,0.01
KXCPIYOY-25JUL,1d,3.1,0.01
KXCPIYOY-25JUL,21d,2.4,0.97
KXCPIYOY-25JUL,21d,2.5,0.955
KXCPIYOY-25JUL,21d,2.6,0.9
KXCPIYOY-25JUL,21d,2.7,0.645
KXCPIYOY-25JUL,21d,2.8,0.255
KXCPIYOY-25JUL,21d,2.9,0.105
KXCPIYOY-25JUL,21d,3.0,0.055
KXCPIYOY-25JUL,21d,3.1,0.025
KXCPIYOY-25JUL,3d,2.4,0.99
KXCPIYOY-25JUL,3d,2.5,0.98
KXCPIYOY-25JUL,3d,2.6,0.91
KXCPIYOY-25JUL,3d,2.7,0.57
KXCPIYOY-25JUL,3d,2.8,0.165
KXCPIYOY-25JUL,3d,2.9,0.035
KXCPIYOY-25JUL,3d,3.0,0.01
KXCPIYOY-25JUL,3d,3.1,0.01
KXCPIYOY-25JUL,7d,2.4,0.98
KXCPIYOY-25JUL,7d,2.5,0.965
KXCPIYOY-25JUL,7d,2.6,0.89
KXCPIYOY-25JUL,7d,2.7,0.67
KXCPIYOY-25JUL,7d,2.8,0.21
KXCPIYOY-25JUL,7d,2.9,0.05
KXCPIYOY-25JUL,7d,3.0,0.02
KXCPIYOY-25JUL,7d,3.1,0.015
KXCPIYOY-25JUL,final,2.4,0.99
KXCPIYOY-25JUL,final,2.5,0.99
KXCPIYOY-25JUL,final,2.6,0.935
KXCPIYOY-25JUL,final,2.7,0.665
KXCPIYOY-25JUL,final,2.8,0.205
KXCPIYOY-25JUL,final,2.9,0.025
KXCPIYOY-25JUL,final,3.0,0.01
KXCPIYOY-25JUL,final,3.1,0.01
KXCPIYOY-25JUN,14d,2.4,0.885
KXCPIYOY-25JUN,14d,2.5,0.715
KXCPIYOY-25JUN,14d,2.6,0.37
KXCPIYOY-25JUN,14d,2.7,0.15
KXCPIYOY-25JUN,14d,2.8,0.05
KXCPIYOY-25JUN,14d,2.9,0.0325
KXCPIYOY-25JUN,14d,3.0,0.0325
KXCPIYOY-25JUN,14d,3.1,0.0275
KXCPIYOY-25JUN,14d,3.2,0.0275
KXCPIYOY-25JUN,14d,3.3,0.0175
KXCPIYOY-25JUN,14d,3.4,0.0175
KXCPIYOY-25JUN,1d,2.4,0.91
KXCPIYOY-25JUN,1d,2.5,0.71
KXCPIYOY-25JUN,1d,2.6,0.34
KXCPIYOY-25JUN,1d,2.7,0.075
KXCPIYOY-25JUN,1d,2.8,0.035
KXCPIYOY-25JUN,1d,2.9,0.02
KXCPIYOY-25JUN,1d,3.0,0.015
KXCPIYOY-25JUN,1d,3.1,0.005
KXCPIYOY-25JUN,1d,3.2,0.005
KXCPIYOY-25JUN,1d,3.3,0.005
KXCPIYOY-25JUN,1d,3.4,0.005
KXCPIYOY-25JUN,21d,2.4,0.875
KXCPIYOY-25JUN,21d,2.5,0.71
KXCPIYOY-25JUN,21d,2.6,0.31
KXCPIYOY-25JUN,21d,2.7,0.13
KXCPIYOY-25JUN,21d,2.8,0.1
KXCPIYOY-25JUN,21d,2.9,0.035
KXCPIYOY-25JUN,21d,3.0,0.02
KXCPIYOY-25JUN,21d,3.1,0.0175
KXCPIYOY-25JUN,21d,3.2,0.0175
KXCPIYOY-25JUN,21d,3.3,0.015
KXCPIYOY-25JUN,21d,3.4,0.015
KXCPIYOY-25JUN,3d,2.4,0.92
KXCPIYOY-25JUN,3d,2.5,0.75
KXCPIYOY-25JUN,3d,2.6,0.375
KXCPIYOY-25JUN,3d,2.7,0.085
KXCPIYOY-25JUN,3d,2.8,0.045
KXCPIYOY-25JUN,3d,2.9,0.015
KXCPIYOY-25JUN,3d,3.0,0.015
KXCPIYOY-25JUN,3d,3.1,0.01
KXCPIYOY-25JUN,3d,3.2,0.01
KXCPIYOY-25JUN,3d,3.3,0.01
KXCPIYOY-25JUN,3d,3.4,0.01
KXCPIYOY-25JUN,7d,2.4,0.915
KXCPIYOY-25JUN,7d,2.5,0.695
KXCPIYOY-25JUN,7d,2.6,0.29
KXCPIYOY-25JUN,7d,2.7,0.08
KXCPIYOY-25JUN,7d,2.8,0.05
KXCPIYOY-25JUN,7d,2.9,0.03
KXCPIYOY-25JUN,7d,3.0,0.03
KXCPIYOY-25JUN,7d,3.1,0.01375
KXCPIYOY-25JUN,7d,3.2,0.01375
KXCPIYOY-25JUN,7d,3.3,0.01375
KXCPIYOY-25JUN,7d,3.4,0.01375
KXCPIYOY-25JUN,final,2.4,0.91
KXCPIYOY-25JUN,final,2.5,0.71
KXCPIYOY-25JUN,final,2.6,0.34
KXCPIYOY-25JUN,final,2.7,0.075
KXCPIYOY-25JUN,final,2.8,0.035
KXCPIYOY-25JUN,final,2.9,0.02
KXCPIYOY-25JUN,final,3.0,0.015
KXCPIYOY-25JUN,final,3.1,0.005
KXCPIYOY-25JUN,final,3.2,0.005
KXCPIYOY-25JUN,final,3.3,0.005
KXCPIYOY-25JUN,final,3.4,0.005
KXCPIYOY-25MAR,14d,2.3,0.88
KXCPIYOY-25MAR,14d,2.4,0.73
KXCPIYOY-25MAR,14d,2.5,0.42
KXCPIYOY-25MAR,14d,2.6,0.205
KXCPIYOY-25MAR,14d,2.7,0.075
KXCPIYOY-25MAR,14d,2.8,0.025
KXCPIYOY-25MAR,14d,2.9,0.015
KXCPIYOY-25MAR,14d,3.0,0.0125
KXCPIYOY-25MAR,14d,3.1,0.0125
KXCPIYOY-25MAR,1d,2.3,0.96
KXCPIYOY-25MAR,1d,2.4,0.83
KXCPIYOY-25MAR,1d,2.5,0.42
KXCPIYOY-25MAR,1d,2.6,0.11
KXCPIYOY-25MAR,1d,2.7,0.035
KXCPIYOY-25MAR,1d,2.8,0.035
KXCPIYOY-25MAR,1d,2.9,0.015
KXCPIYOY-25MAR,1d,3.0,0.01
KXCPIYOY-25MAR,1d,3.1,0.005
KXCPIYOY-25MAR,21d,2.3,0.9
KXCPIYOY-25MAR,21d,2.4,0.665
KXCPIYOY-25MAR,21d,2.5,0.41
KXCPIYOY-25MAR,21d,2.6,0.215
KXCPIYOY-25MAR,21d,2.7,0.1
KXCPIYOY-25MAR,21d,2.8,0.04
KXCPIYOY-25MAR,21d,2.9,0.03
KXCPIYOY-25MAR,21d,3.0,0.02
KXCPIYOY-25MAR,21d,3.1,0.02
KXCPIYOY-25MAR,3d,2.3,0.965
KXCPIYOY-25MAR,3d,2.4,0.835
KXCPIYOY-25MAR,3d,2.5,0.415
KXCPIYOY-25MAR,3d,2.6,0.13
KXCPIYOY-25MAR,3d,2.7,0.030000000000000002
KXCPIYOY-25MAR,3d,2.8,0.030000000000000002
KXCPIYOY-25MAR,3d,2.9,0.02
KXCPIYOY-25MAR,3d,3.0,0.01
KXCPIYOY-25MAR,3d,3.1,0.005
KXCPIYOY-25MAR,7d,2.3,0.955
KXCPIYOY-25MAR,7d,2.4,0.775
KXCPIYOY-25MAR,7d,2.5,0.405
KXCPIYOY-25MAR,7d,2.6,0.11
KXCPIYOY-25MAR,7d,2.7,0.035
KXCPIYOY-25MAR,7d,2.8,0.025
KXCPIYOY-25MAR,7d,2.9,0.015
KXCPIYOY-25MAR,7d,3.0,0.005
KXCPIYOY-25MAR,7d,3.1,0.005
KXCPIYOY-25MAR,final,2.3,0.96
KXCPIYOY-25MAR,final,2.4,0.83
KXCPIYOY-25MAR,final,2.5,0.42
KXCPIYOY-25MAR,final,2.6,0.11
KXCPIYOY-25MAR,final,2.7,0.035
KXCPIYOY-25MAR,final,2.8,0.035
KXCPIYOY-25MAR,final,2.9,0.015
KXCPIYOY-25MAR,final,3.0,0.01
KXCPIYOY-25MAR,final,3.1,0.005
KXCPIYOY-25MAY,14d,2.1,0.965
KXCPIYOY-25MAY,14d,2.2,0.935
KXCPIYOY-25MAY,14d,2.3,0.805
KXCPIYOY-25MAY,14d,2.4,0.545
KXCPIYOY-25MAY,14d,2.5,0.235
KXCPIYOY-25MAY,14d,2.6,0.095
KXCPIYOY-25MAY,14d,2.7,0.06
KXCPIYOY-25MAY,14d,2.8,0.035
KXCPIYOY-25MAY,14d,2.9,0.02
KXCPIYOY-25MAY,14d,3.0,0.02
KXCPIYOY-25MAY,14d,3.1,0.02
KXCPIYOY-25MAY,1d,2.1,0.98
KXCPIYOY-25MAY,1d,2.2,0.955
KXCPIYOY-25MAY,1d,2.3,0.795
KXCPIYOY-25MAY,1d,2.4,0.345
KXCPIYOY-25MAY,1d,2.5,0.065
KXCPIYOY-25MAY,1d,2.6,0.015
KXCPIYOY-25MAY,1d,2.7,0.01
KXCPIYOY-25MAY,1d,2.8,0.01
KXCPIYOY-25MAY,1d,2.9,0.008333333333333333
KXCPIYOY-25MAY,1d,3.0,0.008333333333333333
KXCPIYOY-25MAY,1d,3.1,0.008333333333333333
KXCPIYOY-25MAY,21d,2.1,0.965
KXCPIYOY-25MAY,21d,2.2,0.945
KXCPIYOY-25MAY,21d,2.3,0.855
KXCPIYOY-25MAY,21d,2.4,0.655
KXCPIYOY-25MAY,21d,2.5,0.3
KXCPIYOY-25MAY,21d,2.6,0.105
KXCPIYOY-25MAY,21d,2.7,0.045
KXCPIYOY-25MAY,21d,2.8,0.04
KXCPIYOY-25MAY,21d,2.9,0.035
KXCPIYOY-25MAY,21d,3.0,0.025
KXCPIYOY-25MAY,21d,3.1,0.02
KXCPIYOY-25MAY,3d,2.1,0.97
KXCPIYOY-25MAY,3d,2.2,0.91
KXCPIYOY-25MAY,3d,2.3,0.755
KXCPIYOY-25MAY,3d,2.4,0.42
KXCPIYOY-25MAY,3d,2.5,0.13
KXCPIYOY-25MAY,3d,2.6,0.03
KXCPIYOY-25MAY,3d,2.7,0.03
KXCPIYOY-25MAY,3d,2.8,0.01
KXCPIYOY-25MAY,3d,2.9,0.006666666666666667
KXCPIYOY-25MAY,3d,3.0,0.006666666666666667
KXCPIYOY-25MAY,3d,3.1,0.006666666666666667
KXCPIYOY-25MAY,7d,2.1,0.965
KXCPIYOY-25MAY,7d,2.2,0.935
KXCPIYOY-25MAY,7d,2.3,0.795
KXCPIYOY-25MAY,7d,2.4,0.495
KXCPIYOY-25MAY,7d,2.5,0.19
KXCPIYOY-25MAY,7d,2.6,0.055
KXCPIYOY-25MAY,7d,2.7,0.025
KXCPIYOY-25MAY,7d,2.8,0.015
KXCPIYOY-25MAY,7d,2.9,0.01
KXCPIYOY-25MAY,7d,3.0,0.005
KXCPIYOY-25MAY,7d,3.1,0.005
KXCPIYOY-25MAY,final,2.1,0.98
KXCPIYOY-25MAY,final,2.2,0.955
KXCPIYOY-25MAY,final,2.3,0.795
KXCPIYOY-25MAY,final,2.4,0.345
KXCPIYOY-25MAY,final,2.5,0.065
KXCPIYOY-25MAY,final,2.6,0.015
KXCPIYOY-25MAY,final,2.7,0.01
KXCPIYOY-25MAY,final,2.8,0.01
KXCPIYOY-25MAY,final,2.9,0.008333333333333333
KXCPIYOY-25MAY,final,3.0,0.008333333333333333
KXCPIYOY-25MAY,final,3.1,0.008333333333333333
KXCPIYOY-25NOV,14d,2.4,0.995
KXCPIYOY-25NOV,14d,2.5,0.99
KXCPIYOY-25NOV,14d,2.6,0.99
KXCPIYOY-25NOV,14d,2.7,0.985
KXCPIYOY-25NOV,14d,2.8,0.955
KXCPIYOY-25NOV,14d,2.9,0.835
KXCPIYOY-25NOV,14d,3.0,0.475
KXCPIYOY-25NOV,14d,3.1,0.11
KXCPIYOY-25NOV,1d,2.4,0.995
KXCPIYOY-25NOV,1d,2.5,0.995
KXCPIYOY-25NOV,1d,2.6,0.99
KXCPIYOY-25NOV,1d,2.7,0.99
KXCPIYOY-25NOV,1d,2.8,0.96
KXCPIYOY-25NOV,1d,2.9,0.765
KXCPIYOY-25NOV,1d,3.0,0.365
KXCPIYOY-25NOV,1d,3.1,0.055
KXCPIYOY-25NOV,21d,2.4,0.995
KXCPIYOY-25NOV,21d,2.5,0.995
KXCPIYOY-25NOV,21d,2.6,0.99
KXCPIYOY-25NOV,21d,2.7,0.985
KXCPIYOY-25NOV,21d,2.8,0.975
KXCPIYOY-25NOV,21d,2.9,0.845
KXCPIYOY-25NOV,21d,3.0,0.495
KXCPIYOY-25NOV,21d,3.1,0.145
KXCPIYOY-25NOV,3d,2.4,0.99
KXCPIYOY-25NOV,3d,2.5,0.9766666666666666
KXCPIYOY-25NOV,3d,2.6,0.9766666666666666
KXCPIYOY-25NOV,3d,2.7,0.9766666666666666
KXCPIYOY-25NOV,3d,2.8,0.97
KXCPIYOY-25NOV,3d,2.9,0.8
KXCPIYOY-25NOV,3d,3.0,0.36
KXCPIYOY-25NOV,3d,3.1,0.05
KXCPIYOY-25NOV,7d,2.4,0.995
KXCPIYOY-25NOV,7d,2.5,0.995
KXCPIYOY-25NOV,7d,2.6,0.99
KXCPIYOY-25NOV,7d,2.7,0.99
KXCPIYOY-25NOV,7d,2.8,0.945
KXCPIYOY-25NOV,7d,2.9,0.72
KXCPIYOY-25NOV,7d,3.0,0.345
KXCPIYOY-25NOV,7d,3.1,0.045
KXCPIYOY-25NOV,final,2.4,0.995
KXCPIYOY-25NOV,final,2.5,0.995
KXCPIYOY-25NOV,final,2.6,0.99
KXCPIYOY-25NOV,final,2.7,0.99
KXCPIYOY-25NOV,final,2.8,0.96
KXCPIYOY-25NOV,final,2.9,0.765
KXCPIYOY-25NOV,final,3.0,0.365
KXCPIYOY-25NOV,final,3.1,0.055
KXCPIYOY-25OCT,14d,2.4,0.99
KXCPIYOY-25OCT,14d,2.5,0.99
KXCPIYOY-25OCT,14d,2.6,0.98
KXCPIYOY-25OCT,14d,2.7,0.975
KXCPIYOY-25OCT,14d,2.8,0.935
KXCPIYOY-25OCT,14d,2.9,0.87
KXCPIYOY-25OCT,14d,3.0,0.58
KXCPIYOY-25OCT,14d,3.1,0.31
KXCPIYOY-25OCT,1d,2.4,0.99
KXCPIYOY-25OCT,1d,2.5,0.98
KXCPIYOY-25OCT,1d,2.6,0.98
KXCPIYOY-25OCT,1d,2.7,0.975
KXCPIYOY-25OCT,1d,2.8,0.97
KXCPIYOY-25OCT,1d,2.9,0.865
KXCPIYOY-25OCT,1d,3.0,0.525
KXCPIYOY-25OCT,1d,3.1,0.275
KXCPIYOY-25OCT,21d,2.4,0.975
KXCPIYOY-25OCT,21d,2.5,0.975
KXCPIYOY-25OCT,21d,2.6,0.975
KXCPIYOY-25OCT,21d,2.7,0.97
KXCPIYOY-25OCT,21d,2.8,0.945
KXCPIYOY-25OCT,21d,2.9,0.875
KXCPIYOY-25OCT,21d,3.0,0.535
KXCPIYOY-25OCT,21d,3.1,0.185
KXCPIYOY-25OCT,3d,2.4,0.99
KXCPIYOY-25OCT,3d,2.5,0.98
KXCPIYOY-25OCT,3d,2.6,0.98
KXCPIYOY-25OCT,3d,2.7,0.975
KXCPIYOY-25OCT,3d,2.8,0.97
KXCPIYOY-25OCT,3d,2.9,0.885
KXCPIYOY-25OCT,3d,3.0,0.505
KXCPIYOY-25OCT,3d,3.1,0.315
KXCPIYOY-25OCT,7d,2.4,0.99
KXCPIYOY-25OCT,7d,2.5,0.99
KXCPIYOY-25OCT,7d,2.6,0.985
KXCPIYOY-25OCT,7d,2.7,0.975
KXCPIYOY-25OCT,7d,2.8,0.97
KXCPIYOY-25OCT,7d,2.9,0.895
KXCPIYOY-25OCT,7d,3.0,0.51
KXCPIYOY-25OCT,7d,3.1,0.295
KXCPIYOY-25OCT,final,2.4,0.99
KXCPIYOY-25OCT,final,2.5,0.98
KXCPIYOY-25OCT,final,2.6,0.98
KXCPIYOY-25OCT,final,2.7,0.975
KXCPIYOY-25OCT,final,2.8,0.97
KXCPIYOY-25OCT,final,2.9,0.865
KXCPIYOY-25OCT,final,3.0,0.525
KXCPIYOY-25OCT,final,3.1,0.275
KXCPIYOY-25SEP,14d,2.4,0.9924999999999999
KXCPIYOY-25SEP,14d,2.5,0.9924999999999999
KXCPIYOY-25SEP,14d,2.6,0.985
KXCPIYOY-25SEP,14d,2.7,0.975
KXCPIYOY-25SEP,14d,2.8,0.95
KXCPIYOY-25SEP,14d,2.9,0.89
KXCPIYOY-25SEP,14d,3.0,0.56
KXCPIYOY-25SEP,14d,3.1,0.18
KXCPIYOY-25SEP,1d,2.4,0.99
KXCPIYOY-25SEP,1d,2.5,0.9875
KXCPIYOY-25SEP,1d,2.6,0.9875
KXCPIYOY-25SEP,1d,2.7,0.975
KXCPIYOY-25SEP,1d,2.8,0.965
KXCPIYOY-25SEP,1d,2.9,0.87
KXCPIYOY-25SEP,1d,3.0,0.55
KXCPIYOY-25SEP,1d,3.1,0.18
KXCPIYOY-25SEP,21d,2.4,0.995
KXCPIYOY-25SEP,21d,2.5,0.985
KXCPIYOY-25SEP,21d,2.6,0.975
KXCPIYOY-25SEP,21d,2.7,0.97
KXCPIYOY-25SEP,21d,2.8,0.955
KXCPIYOY-25SEP,21d,2.9,0.925
KXCPIYOY-25SEP,21d,3.0,0.655
KXCPIYOY-25SEP,21d,3.1,0.245
KXCPIYOY-25SEP,3d,2.4,0.99
KXCPIYOY-25SEP,3d,2.5,0.9875
KXCPIYOY-25SEP,3d,2.6,0.9875
KXCPIYOY-25SEP,3d,2.7,0.965
KXCPIYOY-25SEP,3d,2.8,0.935
KXCPIYOY-25SEP,3d,2.9,0.885
KXCPIYOY-25SEP,3d,3.0,0.56
KXCPIYOY-25SEP,3d,3.1,0.195
KXCPIYOY-25SEP,7d,2.4,0.99
KXCPIYOY-25SEP,7d,2.5,0.99
KXCPIYOY-25SEP,7d,2.6,0.98
KXCPIYOY-25SEP,7d,2.7,0.975
KXCPIYOY-25SEP,7d,2.8,0.955
KXCPIYOY-25SEP,7d,2.9,0.865
KXCPIYOY-25SEP,7d,3.0,0.55
KXCPIYOY-25SEP,7d,3.1,0.21
KXCPIYOY-25SEP,final,2.4,0.99
KXCPIYOY-25SEP,final,2.5,0.9875
KXCPIYOY-25SEP,final,2.6,0.9875
KXCPIYOY-25SEP,final,2.7,0.975
KXCPIYOY-25SEP,final,2.8,0.965
KXCPIYOY-25SEP,final,2.9,0.87
KXCPIYOY-25SEP,final,3.0,0.55
KXCPIYOY-25SEP,final,3.1,0.18
KXCPIYOY-26APR,14d,2.3,0.995
KXCPIYOY-26APR,14d,2.4,0.99
KXCPIYOY-26APR,14d,2.5,0.99
KXCPIYOY-26APR,14d,2.6,0.99
KXCPIYOY-26APR,14d,2.7,0.99
KXCPIYOY-26APR,14d,2.8,0.99
KXCPIYOY-26APR,14d,2.9,0.99
KXCPIYOY-26APR,14d,3.0,0.99
KXCPIYOY-26APR,14d,3.1,0.99
KXCPIYOY-26APR,14d,3.2,0.99
KXCPIYOY-26APR,14d,3.3,0.975
KXCPIYOY-26APR,14d,3.4,0.945
KXCPIYOY-26APR,14d,3.5,0.85
KXCPIYOY-26APR,14d,3.6,0.565
KXCPIYOY-26APR,14d,3.7,0.275
KXCPIYOY-26APR,14d,3.8,0.07
KXCPIYOY-26APR,14d,3.9,0.035
KXCPIYOY-26APR,14d,4.0,0.01
KXCPIYOY-26APR,14d,4.1,0.005
KXCPIYOY-26APR,14d,4.2,0.005
KXCPIYOY-26APR,14d,4.3,0.005
KXCPIYOY-26APR,14d,4.4,0.005
KXCPIYOY-26APR,14d,4.5,0.005
KXCPIYOY-26APR,1d,2.3,0.9918750000000001
KXCPIYOY-26APR,1d,2.4,0.9918750000000001
KXCPIYOY-26APR,1d,2.5,0.9918750000000001
KXCPIYOY-26APR,1d,2.6,0.9918750000000001
KXCPIYOY-26APR,1d,2.7,0.9918750000000001
KXCPIYOY-26APR,1d,2.8,0.9918750000000001
KXCPIYOY-26APR,1d,2.9,0.9918750000000001
KXCPIYOY-26APR,1d,3.0,0.9918750000000001
KXCPIYOY-26APR,1d,3.1,0.985
KXCPIYOY-26APR,1d,3.2,0.985
KXCPIYOY-26APR,1d,3.3,0.9575
KXCPIYOY-26APR,1d,3.4,0.9575
KXCPIYOY-26APR,1d,3.5,0.92
KXCPIYOY-26APR,1d,3.6,0.7
KXCPIYOY-26APR,1d,3.7,0.31
KXCPIYOY-26APR,1d,3.8,0.095
KXCPIYOY-26APR,1d,3.9,0.02
KXCPIYOY-26APR,1d,4.0,0.02
KXCPIYOY-26APR,1d,4.1,0.005
KXCPIYOY-26APR,1d,4.2,0.005
KXCPIYOY-26APR,1d,4.3,0.005
KXCPIYOY-26APR,1d,4.4,0.005
KXCPIYOY-26APR,1d,4.5,0.005
KXCPIYOY-26APR,21d,2.3,0.9899999999999999
KXCPIYOY-26APR,21d,2.4,0.9899999999999999
KXCPIYOY-26APR,21d,2.5,0.9899999999999999
KXCPIYOY-26APR,21d,2.6,0.9879999999999999
KXCPIYOY-26APR,21d,2.7,0.9879999999999999
KXCPIYOY-26APR,21d,2.8,0.9879999999999999
KXCPIYOY-26APR,21d,2.9,0.9879999999999999
KXCPIYOY-26APR,21d,3.0,0.9879999999999999
KXCPIYOY-26APR,21d,3.1,0.985
KXCPIYOY-26APR,21d,3.2,0.985
KXCPIYOY-26APR,21d,3.3,0.97
KXCPIYOY-26APR,21d,3.4,0.93
KXCPIYOY-26APR,21d,3.5,0.775
KXCPIYOY-26APR,21d,3.6,0.46
KXCPIYOY-26APR,21d,3.7,0.225
KXCPIYOY-26APR,21d,3.8,0.095
KXCPIYOY-26APR,21d,3.9,0.035
KXCPIYOY-26APR,21d,4.0,0.025
KXCPIYOY-26APR,21d,4.1,0.015
KXCPIYOY-26APR,21d,4.2,0.01
KXCPIYOY-26APR,21d,4.3,0.01
KXCPIYOY-26APR,21d,4.4,0.005
KXCPIYOY-26APR,21d,4.5,0.005
KXCPIYOY-26APR,3d,2.3,0.9949999999999999
KXCPIYOY-26APR,3d,2.4,0.9949999999999999
KXCPIYOY-26APR,3d,2.5,0.9949999999999999
KXCPIYOY-26APR,3d,2.6,0.9949999999999999
KXCPIYOY-26APR,3d,2.7,0.9949999999999999
KXCPIYOY-26APR,3d,2.8,0.9949999999999999
KXCPIYOY-26APR,3d,2.9,0.9949999999999999
KXCPIYOY-26APR,3d,3.0,0.9949999999999999
KXCPIYOY-26APR,3d,3.1,0.9949999999999999
KXCPIYOY-26APR,3d,3.2,0.9949999999999999
KXCPIYOY-26APR,3d,3.3,0.98
KXCPIYOY-26APR,3d,3.4,0.97
KXCPIYOY-26APR,3d,3.5,0.895
KXCPIYOY-26APR,3d,3.6,0.705
KXCPIYOY-26APR,3d,3.7,0.355
KXCPIYOY-26APR,3d,3.8,0.07
KXCPIYOY-26APR,3d,3.9,0.02
KXCPIYOY-26APR,3d,4.0,0.01
KXCPIYOY-26APR,3d,4.1,0.005
KXCPIYOY-26APR,3d,4.2,0.005
KXCPIYOY-26APR,3d,4.3,0.005
KXCPIYOY-26APR,3d,4.4,0.005
KXCPIYOY-26APR,3d,4.5,0.005
KXCPIYOY-26APR,7d,2.3,0.9777272727272727
KXCPIYOY-26APR,7d,2.4,0.9777272727272727
KXCPIYOY-26APR,7d,2.5,0.9777272727272727
KXCPIYOY-26APR,7d,2.6,0.9777272727272727
KXCPIYOY-26APR,7d,2.7,0.9777272727272727
KXCPIYOY-26APR,7d,2.8,0.9777272727272727
KXCPIYOY-26APR,7d,2.9,0.9777272727272727
KXCPIYOY-26APR,7d,3.0,0.9777272727272727
KXCPIYOY-26APR,7d,3.1,0.9777272727272727
KXCPIYOY-26APR,7d,3.2,0.9777272727272727
KXCPIYOY-26APR,7d,3.3,0.9777272727272727
KXCPIYOY-26APR,7d,3.4,0.96
KXCPIYOY-26APR,7d,3.5,0.86
KXCPIYOY-26APR,7d,3.6,0.645
KXCPIYOY-26APR,7d,3.7,0.32
KXCPIYOY-26APR,7d,3.8,0.085
KXCPIYOY-26APR,7d,3.9,0.025
KXCPIYOY-26APR,7d,4.0,0.01
KXCPIYOY-26APR,7d,4.1,0.005
KXCPIYOY-26APR,7d,4.2,0.005
KXCPIYOY-26APR,7d,4.3,0.005
KXCPIYOY-26APR,7d,4.4,0.005
KXCPIYOY-26APR,7d,4.5,0.005
KXCPIYOY-26APR,final,2.3,0.9918750000000001
KXCPIYOY-26APR,final,2.4,0.9918750000000001
KXCPIYOY-26APR,final,2.5,0.9918750000000001
KXCPIYOY-26APR,final,2.6,0.9918750000000001
KXCPIYOY-26APR,final,2.7,0.9918750000000001
KXCPIYOY-26APR,final,2.8,0.9918750000000001
KXCPIYOY-26APR,final,2.9,0.9918750000000001
KXCPIYOY-26APR,final,3.0,0.9918750000000001
KXCPIYOY-26APR,final,3.1,0.985
KXCPIYOY-26APR,final,3.2,0.985
KXCPIYOY-26APR,final,3.3,0.9575
KXCPIYOY-26APR,final,3.4,0.9575
KXCPIYOY-26APR,final,3.5,0.92
KXCPIYOY-26APR,final,3.6,0.7
KXCPIYOY-26APR,final,3.7,0.31
KXCPIYOY-26APR,final,3.8,0.095
KXCPIYOY-26APR,final,3.9,0.02
KXCPIYOY-26APR,final,4.0,0.02
KXCPIYOY-26APR,final,4.1,0.005
KXCPIYOY-26APR,final,4.2,0.005
KXCPIYOY-26APR,final,4.3,0.005
KXCPIYOY-26APR,final,4.4,0.005
KXCPIYOY-26APR,final,4.5,0.005
KXCPIYOY-26FEB,14d,2.2,0.965
KXCPIYOY-26FEB,14d,2.3,0.775
KXCPIYOY-26FEB,14d,2.4,0.395
KXCPIYOY-26FEB,14d,2.5,0.135
KXCPIYOY-26FEB,14d,2.6,0.045
KXCPIYOY-26FEB,14d,2.7,0.03
KXCPIYOY-26FEB,14d,2.8,0.02
KXCPIYOY-26FEB,14d,2.9,0.01
KXCPIYOY-26FEB,14d,3.0,0.01
KXCPIYOY-26FEB,14d,3.1,0.01
KXCPIYOY-26FEB,1d,2.2,0.975
KXCPIYOY-26FEB,1d,2.3,0.87
KXCPIYOY-26FEB,1d,2.4,0.49
KXCPIYOY-26FEB,1d,2.5,0.11
KXCPIYOY-26FEB,1d,2.6,0.055
KXCPIYOY-26FEB,1d,2.7,0.02
KXCPIYOY-26FEB,1d,2.8,0.01
KXCPIYOY-26FEB,1d,2.9,0.005
KXCPIYOY-26FEB,1d,3.0,0.005
KXCPIYOY-26FEB,1d,3.1,0.005
KXCPIYOY-26FEB,21d,2.2,0.945
KXCPIYOY-26FEB,21d,2.3,0.82
KXCPIYOY-26FEB,21d,2.4,0.435
KXCPIYOY-26FEB,21d,2.5,0.155
KXCPIYOY-26FEB,21d,2.6,0.06
KXCPIYOY-26FEB,21d,2.7,0.035
KXCPIYOY-26FEB,21d,2.8,0.025
KXCPIYOY-26FEB,21d,2.9,0.015
KXCPIYOY-26FEB,21d,3.0,0.0075
KXCPIYOY-26FEB,21d,3.1,0.0075
KXCPIYOY-26FEB,3d,2.2,0.985
KXCPIYOY-26FEB,3d,2.3,0.88
KXCPIYOY-26FEB,3d,2.4,0.53
KXCPIYOY-26FEB,3d,2.5,0.1
KXCPIYOY-26FEB,3d,2.6,0.04
KXCPIYOY-26FEB,3d,2.7,0.025
KXCPIYOY-26FEB,3d,2.8,0.01
KXCPIYOY-26FEB,3d,2.9,0.005
KXCPIYOY-26FEB,3d,3.0,0.005
KXCPIYOY-26FEB,3d,3.1,0.005
KXCPIYOY-26FEB,7d,2.2,0.965
KXCPIYOY-26FEB,7d,2.3,0.89
KXCPIYOY-26FEB,7d,2.4,0.535
KXCPIYOY-26FEB,7d,2.5,0.145
KXCPIYOY-26FEB,7d,2.6,0.065
KXCPIYOY-26FEB,7d,2.7,0.025
KXCPIYOY-26FEB,7d,2.8,0.025
KXCPIYOY-26FEB,7d,2.9,0.015
KXCPIYOY-26FEB,7d,3.0,0.0125
KXCPIYOY-26FEB,7d,3.1,0.0125
KXCPIYOY-26FEB,final,2.2,0.975
KXCPIYOY-26FEB,final,2.3,0.87
KXCPIYOY-26FEB,final,2.4,0.49
KXCPIYOY-26FEB,final,2.5,0.11
KXCPIYOY-26FEB,final,2.6,0.055
KXCPIYOY-26FEB,final,2.7,0.02
KXCPIYOY-26FEB,final,2.8,0.01
KXCPIYOY-26FEB,final,2.9,0.005
KXCPIYOY-26FEB,final,3.0,0.005
KXCPIYOY-26FEB,final,3.1,0.005
KXCPIYOY-26JAN,14d,2.1,0.98
KXCPIYOY-26JAN,14d,2.2,0.935
KXCPIYOY-26JAN,14d,2.3,0.765
KXCPIYOY-26JAN,14d,2.4,0.485
KXCPIYOY-26JAN,14d,2.5,0.275
KXCPIYOY-26JAN,14d,2.6,0.15
KXCPIYOY-26JAN,14d,2.7,0.045
KXCPIYOY-26JAN,14d,2.8,0.02
KXCPIYOY-26JAN,14d,2.9,0.02
KXCPIYOY-26JAN,14d,3.0,0.015
KXCPIYOY-26JAN,14d,3.1,0.005
KXCPIYOY-26JAN,1d,2.1,0.99
KXCPIYOY-26JAN,1d,2.2,0.955
KXCPIYOY-26JAN,1d,2.3,0.865
KXCPIYOY-26JAN,1d,2.4,0.555
KXCPIYOY-26JAN,1d,2.5,0.295
KXCPIYOY-26JAN,1d,2.6,0.095
KXCPIYOY-26JAN,1d,2.7,0.03
KXCPIYOY-26JAN,1d,2.8,0.015
KXCPIYOY-26JAN,1d,2.9,0.015
KXCPIYOY-26JAN,1d,3.0,0.01
KXCPIYOY-26JAN,1d,3.1,0.01
KXCPIYOY-26JAN,21d,2.1,0.975
KXCPIYOY-26JAN,21d,2.2,0.9
KXCPIYOY-26JAN,21d,2.3,0.78
KXCPIYOY-26JAN,21d,2.4,0.465
KXCPIYOY-26JAN,21d,2.5,0.235
KXCPIYOY-26JAN,21d,2.6,0.065
KXCPIYOY-26JAN,21d,2.7,0.06
KXCPIYOY-26JAN,21d,2.8,0.02
KXCPIYOY-26JAN,21d,2.9,0.02
KXCPIYOY-26JAN,21d,3.0,0.02
KXCPIYOY-26JAN,21d,3.1,0.015
KXCPIYOY-26JAN,3d,2.1,0.995
KXCPIYOY-26JAN,3d,2.2,0.96
KXCPIYOY-26JAN,3d,2.3,0.925
KXCPIYOY-26JAN,3d,2.4,0.56
KXCPIYOY-26JAN,3d,2.5,0.27
KXCPIYOY-26JAN,3d,2.6,0.125
KXCPIYOY-26JAN,3d,2.7,0.105
KXCPIYOY-26JAN,3d,2.8,0.0225
KXCPIYOY-26JAN,3d,2.9,0.0225
KXCPIYOY-26JAN,3d,3.0,0.015
KXCPIYOY-26JAN,3d,3.1,0.005
KXCPIYOY-26JAN,7d,2.1,0.985
KXCPIYOY-26JAN,7d,2.2,0.935
KXCPIYOY-26JAN,7d,2.3,0.845
KXCPIYOY-26JAN,7d,2.4,0.555
KXCPIYOY-26JAN,7d,2.5,0.375
KXCPIYOY-26JAN,7d,2.6,0.13
KXCPIYOY-26JAN,7d,2.7,0.035
KXCPIYOY-26JAN,7d,2.8,0.02
KXCPIYOY-26JAN,7d,2.9,0.01
KXCPIYOY-26JAN,7d,3.0,0.01
KXCPIYOY-26JAN,7d,3.1,0.01
KXCPIYOY-26JAN,final,2.1,0.99
KXCPIYOY-26JAN,final,2.2,0.955
KXCPIYOY-26JAN,final,2.3,0.865
KXCPIYOY-26JAN,final,2.4,0.555
KXCPIYOY-26JAN,final,2.5,0.295
KXCPIYOY-26JAN,final,2.6,0.095
KXCPIYOY-26JAN,final,2.7,0.03
KXCPIYOY-26JAN,final,2.8,0.015
KXCPIYOY-26JAN,final,2.9,0.015
KXCPIYOY-26JAN,final,3.0,0.01
KXCPIYOY-26JAN,final,3.1,0.01
KXCPIYOY-26JUL,14d,3.0,0.99
KXCPIYOY-26JUL,14d,3.1,0.985
KXCPIYOY-26JUL,14d,3.2,0.88
KXCPIYOY-26JUL,14d,3.3,0.62
KXCPIYOY-26JUL,14d,3.4,0.275
KXCPIYOY-26JUL,14d,3.5,0.085
KXCPIYOY-26JUL,14d,3.6,0.02
KXCPIYOY-26JUL,14d,3.7,0.01
KXCPIYOY-26JUL,14d,3.8,0.01
KXCPIYOY-26JUL,14d,3.9,0.01
KXCPIYOY-26JUL,14d,4.0,0.01
KXCPIYOY-26JUL,14d,4.1,0.01
KXCPIYOY-26JUL,14d,4.2,0.01
KXCPIYOY-26JUL,14d,4.3,0.01
KXCPIYOY-26JUL,14d,4.4,0.009
KXCPIYOY-26JUL,14d,4.5,0.009
KXCPIYOY-26JUL,14d,4.6,0.009
KXCPIYOY-26JUL,14d,4.7,0.009
KXCPIYOY-26JUL,14d,4.8,0.009
KXCPIYOY-26JUL,14d,4.9,0.0075
KXCPIYOY-26JUL,14d,5.0,0.0075
KXCPIYOY-26JUL,1d,3.0,0.99
KXCPIYOY-26JUL,1d,3.1,0.985
KXCPIYOY-26JUL,1d,3.2,0.885
KXCPIYOY-26JUL,1d,3.3,0.5
KXCPIYOY-26JUL,1d,3.4,0.175
KXCPIYOY-26JUL,1d,3.5,0.035
KXCPIYOY-26JUL,1d,3.6,0.015
KXCPIYOY-26JUL,1d,3.7,0.015
KXCPIYOY-26JUL,1d,3.8,0.004999999999999999
KXCPIYOY-26JUL,1d,3.9,0.004999999999999999
KXCPIYOY-26JUL,1d,4.0,0.004999999999999999
KXCPIYOY-26JUL,1d,4.1,0.004999999999999999
KXCPIYOY-26JUL,1d,4.2,0.004999999999999999
KXCPIYOY-26JUL,1d,4.3,0.004999999999999999
KXCPIYOY-26JUL,1d,4.4,0.004999999999999999
KXCPIYOY-26JUL,1d,4.5,0.004999999999999999
KXCPIYOY-26JUL,1d,4.6,0.004999999999999999
KXCPIYOY-26JUL,1d,4.7,0.004999999999999999
KXCPIYOY-26JUL,1d,4.8,0.004999999999999999
KXCPIYOY-26JUL,1d,4.9,0.004999999999999999
KXCPIYOY-26JUL,1d,5.0,0.004999999999999999
KXCPIYOY-26JUL,21d,3.0,0.99
KXCPIYOY-26JUL,21d,3.1,0.975
KXCPIYOY-26JUL,21d,3.2,0.905
KXCPIYOY-26JUL,21d,3.3,0.68
KXCPIYOY-26JUL,21d,3.4,0.3
KXCPIYOY-26JUL,21d,3.5,0.075
KXCPIYOY-26JUL,21d,3.6,0.02
KXCPIYOY-26JUL,21d,3.7,0.01
KXCPIYOY-26JUL,21d,3.8,0.01
KXCPIYOY-26JUL,21d,3.9,0.01
KXCPIYOY-26JUL,21d,4.0,0.01
KXCPIYOY-26JUL,21d,4.1,0.01
KXCPIYOY-26JUL,21d,4.2,0.01
KXCPIYOY-26JUL,21d,4.3,0.005
KXCPIYOY-26JUL,21d,4.4,0.005
KXCPIYOY-26JUL,21d,4.5,0.005
KXCPIYOY-26JUL,21d,4.6,0.005
KXCPIYOY-26JUL,21d,4.7,0.005
KXCPIYOY-26JUL,21d,4.8,0.005
KXCPIYOY-26JUL,21d,4.9,0.005
KXCPIYOY-26JUL,21d,5.0,0.005
KXCPIYOY-26JUL,3d,3.0,0.995
KXCPIYOY-26JUL,3d,3.1,0.955
KXCPIYOY-26JUL,3d,3.2,0.89
KXCPIYOY-26JUL,3d,3.3,0.545
KXCPIYOY-26JUL,3d,3.4,0.195
KXCPIYOY-26JUL,3d,3.5,0.045
KXCPIYOY-26JUL,3d,3.6,0.015
KXCPIYOY-26JUL,3d,3.7,0.015
KXCPIYOY-26JUL,3d,3.8,0.015
KXCPIYOY-26JUL,3d,3.9,0.004999999999999999
KXCPIYOY-26JUL,3d,4.0,0.004999999999999999
KXCPIYOY-26JUL,3d,4.1,0.004999999999999999
KXCPIYOY-26JUL,3d,4.2,0.004999999999999999
KXCPIYOY-26JUL,3d,4.3,0.004999999999999999
KXCPIYOY-26JUL,3d,4.4,0.004999999999999999
KXCPIYOY-26JUL,3d,4.5,0.004999999999999999
KXCPIYOY-26JUL,3d,4.6,0.004999999999999999
KXCPIYOY-26JUL,3d,4.7,0.004999999999999999
KXCPIYOY-26JUL,3d,4.8,0.004999999999999999
KXCPIYOY-26JUL,3d,4.9,0.004999999999999999
KXCPIYOY-26JUL,3d,5.0,0.004999999999999999
KXCPIYOY-26JUL,7d,3.0,0.985
KXCPIYOY-26JUL,7d,3.1,0.965
KXCPIYOY-26JUL,7d,3.2,0.905
KXCPIYOY-26JUL,7d,3.3,0.625
KXCPIYOY-26JUL,7d,3.4,0.27
KXCPIYOY-26JUL,7d,3.5,0.05
KXCPIYOY-26JUL,7d,3.6,0.015
KXCPIYOY-26JUL,7d,3.7,0.004999999999999999
KXCPIYOY-26JUL,7d,3.8,0.004999999999999999
KXCPIYOY-26JUL,7d,3.9,0.004999999999999999
KXCPIYOY-26JUL,7d,4.0,0.004999999999999999
KXCPIYOY-26JUL,7d,4.1,0.004999999999999999
KXCPIYOY-26JUL,7d,4.2,0.004999999999999999
KXCPIYOY-26JUL,7d,4.3,0.004999999999999999
KXCPIYOY-26JUL,7d,4.4,0.004999999999999999
KXCPIYOY-26JUL,7d,4.5,0.004999999999999999
KXCPIYOY-26JUL,7d,4.6,0.004999999999999999
KXCPIYOY-26JUL,7d,4.7,0.004999999999999999
KXCPIYOY-26JUL,7d,4.8,0.004999999999999999
KXCPIYOY-26JUL,7d,4.9,0.004999999999999999
KXCPIYOY-26JUL,7d,5.0,0.004999999999999999
KXCPIYOY-26JUL,final,3.0,0.99
KXCPIYOY-26JUL,final,3.1,0.985
KXCPIYOY-26JUL,final,3.2,0.885
KXCPIYOY-26JUL,final,3.3,0.5
KXCPIYOY-26JUL,final,3.4,0.175
KXCPIYOY-26JUL,final,3.5,0.035
KXCPIYOY-26JUL,final,3.6,0.015
KXCPIYOY-26JUL,final,3.7,0.015
KXCPIYOY-26JUL,final,3.8,0.004999999999999999
KXCPIYOY-26JUL,final,3.9,0.004999999999999999
KXCPIYOY-26JUL,final,4.0,0.004999999999999999
KXCPIYOY-26JUL,final,4.1,0.004999999999999999
KXCPIYOY-26JUL,final,4.2,0.004999999999999999
KXCPIYOY-26JUL,final,4.3,0.004999999999999999
KXCPIYOY-26JUL,final,4.4,0.004999999999999999
KXCPIYOY-26JUL,final,4.5,0.004999999999999999
KXCPIYOY-26JUL,final,4.6,0.004999999999999999
KXCPIYOY-26JUL,final,4.7,0.004999999999999999
KXCPIYOY-26JUL,final,4.8,0.004999999999999999
KXCPIYOY-26JUL,final,4.9,0.004999999999999999
KXCPIYOY-26JUL,final,5.0,0.004999999999999999
KXCPIYOY-26JUN,14d,2.5,0.995
KXCPIYOY-26JUN,14d,2.6,0.995
KXCPIYOY-26JUN,14d,2.7,0.995
KXCPIYOY-26JUN,14d,2.8,0.995
KXCPIYOY-26JUN,14d,2.9,0.995
KXCPIYOY-26JUN,14d,3.0,0.995
KXCPIYOY-26JUN,14d,3.1,0.995
KXCPIYOY-26JUN,14d,3.2,0.995
KXCPIYOY-26JUN,14d,3.3,0.985
KXCPIYOY-26JUN,14d,3.4,0.985
KXCPIYOY-26JUN,14d,3.5,0.98
KXCPIYOY-26JUN,14d,3.6,0.96
KXCPIYOY-26JUN,14d,3.7,0.665
KXCPIYOY-26JUN,14d,3.8,0.275
KXCPIYOY-26JUN,14d,3.9,0.235
KXCPIYOY-26JUN,14d,4.0,0.055
KXCPIYOY-26JUN,14d,4.1,0.036
KXCPIYOY-26JUN,14d,4.2,0.036
KXCPIYOY-26JUN,14d,4.3,0.036
KXCPIYOY-26JUN,14d,4.4,0.036
KXCPIYOY-26JUN,14d,4.5,0.036
KXCPIYOY-26JUN,1d,2.5,0.9949999999999999
KXCPIYOY-26JUN,1d,2.6,0.9949999999999999
KXCPIYOY-26JUN,1d,2.7,0.9949999999999999
KXCPIYOY-26JUN,1d,2.8,0.9949999999999999
KXCPIYOY-26JUN,1d,2.9,0.9949999999999999
KXCPIYOY-26JUN,1d,3.0,0.9949999999999999
KXCPIYOY-26JUN,1d,3.1,0.9949999999999999
KXCPIYOY-26JUN,1d,3.2,0.9949999999999999
KXCPIYOY-26JUN,1d,3.3,0.9949999999999999
KXCPIYOY-26JUN,1d,3.4,0.9949999999999999
KXCPIYOY-26JUN,1d,3.5,0.9949999999999999
KXCPIYOY-26JUN,1d,3.6,0.965
KXCPIYOY-26JUN,1d,3.7,0.695
KXCPIYOY-26JUN,1d,3.8,0.25
KXCPIYOY-26JUN,1d,3.9,0.035
KXCPIYOY-26JUN,1d,4.0,0.01
KXCPIYOY-26JUN,1d,4.1,0.005
KXCPIYOY-26JUN,1d,4.2,0.005
KXCPIYOY-26JUN,1d,4.3,0.005
KXCPIYOY-26JUN,1d,4.4,0.005
KXCPIYOY-26JUN,1d,4.5,0.005
KXCPIYOY-26JUN,21d,2.5,0.985
KXCPIYOY-26JUN,21d,2.6,0.9674999999999999
KXCPIYOY-26JUN,21d,2.7,0.9674999999999999
KXCPIYOY-26JUN,21d,2.8,0.9674999999999999
KXCPIYOY-26JUN,21d,2.9,0.9674999999999999
KXCPIYOY-26JUN,21d,3.0,0.9558333333333332
KXCPIYOY-26JUN,21d,3.1,0.9558333333333332
KXCPIYOY-26JUN,21d,3.2,0.9558333333333332
KXCPIYOY-26JUN,21d,3.3,0.9558333333333332
KXCPIYOY-26JUN,21d,3.4,0.9558333333333332
KXCPIYOY-26JUN,21d,3.5,0.9558333333333332
KXCPIYOY-26JUN,21d,3.6,0.945
KXCPIYOY-26JUN,21d,3.7,0.71
KXCPIYOY-26JUN,21d,3.8,0.335
KXCPIYOY-26JUN,21d,3.9,0.12
KXCPIYOY-26JUN,21d,4.0,0.05
KXCPIYOY-26JUN,21d,4.1,0.035
KXCPIYOY-26JUN,21d,4.2,0.030000000000000002
KXCPIYOY-26JUN,21d,4.3,0.030000000000000002
KXCPIYOY-26JUN,21d,4.4,0.030000000000000002
KXCPIYOY-26JUN,21d,4.5,0.030000000000000002
KXCPIYOY-26JUN,3d,2.5,0.9949999999999999
KXCPIYOY-26JUN,3d,2.6,0.9949999999999999
KXCPIYOY-26JUN,3d,2.7,0.9949999999999999
KXCPIYOY-26JUN,3d,2.8,0.9949999999999999
KXCPIYOY-26JUN,3d,2.9,0.9949999999999999
KXCPIYOY-26JUN,3d,3.0,0.9949999999999999
KXCPIYOY-26JUN,3d,3.1,0.9949999999999999
KXCPIYOY-26JUN,3d,3.2,0.9949999999999999
KXCPIYOY-26JUN,3d,3.3,0.9949999999999999
KXCPIYOY-26JUN,3d,3.4,0.9949999999999999
KXCPIYOY-26JUN,3d,3.5,0.99
KXCPIYOY-26JUN,3d,3.6,0.97
KXCPIYOY-26JUN,3d,3.7,0.725
KXCPIYOY-26JUN,3d,3.8,0.275
KXCPIYOY-26JUN,3d,3.9,0.05
KXCPIYOY-26JUN,3d,4.0,0.015
KXCPIYOY-26JUN,3d,4.1,0.005
KXCPIYOY-26JUN,3d,4.2,0.005
KXCPIYOY-26JUN,3d,4.3,0.005
KXCPIYOY-26JUN,3d,4.4,0.005
KXCPIYOY-26JUN,3d,4.5,0.005
KXCPIYOY-26JUN,7d,2.5,0.9949999999999999
KXCPIYOY-26JUN,7d,2.6,0.9949999999999999
KXCPIYOY-26JUN,7d,2.7,0.9949999999999999
KXCPIYOY-26JUN,7d,2.8,0.9949999999999999
KXCPIYOY-26JUN,7d,2.9,0.9949999999999999
KXCPIYOY-26JUN,7d,3.0,0.9949999999999999
KXCPIYOY-26JUN,7d,3.1,0.9949999999999999
KXCPIYOY-26JUN,7d,3.2,0.9949999999999999
KXCPIYOY-26JUN,7d,3.3,0.9949999999999999
KXCPIYOY-26JUN,7d,3.4,0.9949999999999999
KXCPIYOY-26JUN,7d,3.5,0.99
KXCPIYOY-26JUN,7d,3.6,0.965
KXCPIYOY-26JUN,7d,3.7,0.73
KXCPIYOY-26JUN,7d,3.8,0.235
KXCPIYOY-26JUN,7d,3.9,0.055
KXCPIYOY-26JUN,7d,4.0,0.015
KXCPIYOY-26JUN,7d,4.1,0.005
KXCPIYOY-26JUN,7d,4.2,0.005
KXCPIYOY-26JUN,7d,4.3,0.005
KXCPIYOY-26JUN,7d,4.4,0.005
KXCPIYOY-26JUN,7d,4.5,0.005
KXCPIYOY-26JUN,final,2.5,0.9949999999999999
KXCPIYOY-26JUN,final,2.6,0.9949999999999999
KXCPIYOY-26JUN,final,2.7,0.9949999999999999
KXCPIYOY-26JUN,final,2.8,0.9949999999999999
KXCPIYOY-26JUN,final,2.9,0.9949999999999999
KXCPIYOY-26JUN,final,3.0,0.9949999999999999
KXCPIYOY-26JUN,final,3.1,0.9949999999999999
KXCPIYOY-26JUN,final,3.2,0.9949999999999999
KXCPIYOY-26JUN,final,3.3,0.9949999999999999
KXCPIYOY-26JUN,final,3.4,0.9949999999999999
KXCPIYOY-26JUN,final,3.5,0.9949999999999999
KXCPIYOY-26JUN,final,3.6,0.965
KXCPIYOY-26JUN,final,3.7,0.695
KXCPIYOY-26JUN,final,3.8,0.25
KXCPIYOY-26JUN,final,3.9,0.035
KXCPIYOY-26JUN,final,4.0,0.01
KXCPIYOY-26JUN,final,4.1,0.005
KXCPIYOY-26JUN,final,4.2,0.005
KXCPIYOY-26JUN,final,4.3,0.005
KXCPIYOY-26JUN,final,4.4,0.005
KXCPIYOY-26JUN,final,4.5,0.005
KXCPIYOY-26MAR,14d,1.8,0.995
KXCPIYOY-26MAR,14d,1.9,0.995
KXCPIYOY-26MAR,14d,2.0,0.995
KXCPIYOY-26MAR,14d,2.1,0.99
KXCPIYOY-26MAR,14d,2.2,0.9850000000000001
KXCPIYOY-26MAR,14d,2.3,0.9850000000000001
KXCPIYOY-26MAR,14d,2.4,0.9850000000000001
KXCPIYOY-26MAR,14d,2.5,0.9850000000000001
KXCPIYOY-26MAR,14d,2.6,0.9850000000000001
KXCPIYOY-26MAR,14d,2.7,0.9850000000000001
KXCPIYOY-26MAR,14d,2.8,0.9850000000000001
KXCPIYOY-26MAR,14d,2.9,0.97
KXCPIYOY-26MAR,14d,3.0,0.93
KXCPIYOY-26MAR,14d,3.1,0.895
KXCPIYOY-26MAR,14d,3.2,0.79
KXCPIYOY-26MAR,14d,3.3,0.49
KXCPIYOY-26MAR,14d,3.4,0.165
KXCPIYOY-26MAR,14d,3.5,0.065
KXCPIYOY-26MAR,14d,3.6,0.02
KXCPIYOY-26MAR,14d,3.7,0.015
KXCPIYOY-26MAR,14d,3.8,0.015
KXCPIYOY-26MAR,14d,3.9,0.01
KXCPIYOY-26MAR,14d,4.0,0.01
KXCPIYOY-26MAR,1d,1.8,0.995
KXCPIYOY-26MAR,1d,1.9,0.995
KXCPIYOY-26MAR,1d,2.0,0.995
KXCPIYOY-26MAR,1d,2.1,0.995
KXCPIYOY-26MAR,1d,2.2,0.995
KXCPIYOY-26MAR,1d,2.3,0.995
KXCPIYOY-26MAR,1d,2.4,0.995
KXCPIYOY-26MAR,1d,2.5,0.995
KXCPIYOY-26MAR,1d,2.6,0.995
KXCPIYOY-26MAR,1d,2.7,0.9899999999999999
KXCPIYOY-26MAR,1d,2.8,0.9899999999999999
KXCPIYOY-26MAR,1d,2.9,0.9899999999999999
KXCPIYOY-26MAR,1d,3.0,0.985
KXCPIYOY-26MAR,1d,3.1,0.945
KXCPIYOY-26MAR,1d,3.2,0.8
KXCPIYOY-26MAR,1d,3.3,0.395
KXCPIYOY-26MAR,1d,3.4,0.135
KXCPIYOY-26MAR,1d,3.5,0.075
KXCPIYOY-26MAR,1d,3.6,0.005
KXCPIYOY-26MAR,1d,3.7,0.005
KXCPIYOY-26MAR,1d,3.8,0.005
KXCPIYOY-26MAR,1d,3.9,0.005
KXCPIYOY-26MAR,1d,4.0,0.005
KXCPIYOY-26MAR,21d,1.8,0.9337500000000002
KXCPIYOY-26MAR,21d,1.9,0.9337500000000002
KXCPIYOY-26MAR,21d,2.0,0.9337500000000002
KXCPIYOY-26MAR,21d,2.1,0.9337500000000002
KXCPIYOY-26MAR,21d,2.2,0.9337500000000002
KXCPIYOY-26MAR,21d,2.3,0.9337500000000002
KXCPIYOY-26MAR,21d,2.4,0.9337500000000002
KXCPIYOY-26MAR,21d,2.5,0.9337500000000002
KXCPIYOY-26MAR,21d,2.6,0.9337500000000002
KXCPIYOY-26MAR,21d,2.7,0.9337500000000002
KXCPIYOY-26MAR,21d,2.8,0.9337500000000002
KXCPIYOY-26MAR,21d,2.9,0.9337500000000002
KXCPIYOY-26MAR,21d,3.0,0.855
KXCPIYOY-26MAR,21d,3.1,0.8
KXCPIYOY-26MAR,21d,3.2,0.725
KXCPIYOY-26MAR,21d,3.3,0.54
KXCPIYOY-26MAR,21d,3.4,0.22
KXCPIYOY-26MAR,21d,3.5,0.09
KXCPIYOY-26MAR,21d,3.6,0.0625
KXCPIYOY-26MAR,21d,3.7,0.0625
KXCPIYOY-26MAR,21d,3.8,0.02
KXCPIYOY-26MAR,21d,3.9,0.005
KXCPIYOY-26MAR,21d,4.0,0.005
KXCPIYOY-26MAR,3d,1.8,0.995
KXCPIYOY-26MAR,3d,1.9,0.995
KXCPIYOY-26MAR,3d,2.0,0.995
KXCPIYOY-26MAR,3d,2.1,0.995
KXCPIYOY-26MAR,3d,2.2,0.995
KXCPIYOY-26MAR,3d,2.3,0.995
KXCPIYOY-26MAR,3d,2.4,0.995
KXCPIYOY-26MAR,3d,2.5,0.995
KXCPIYOY-26MAR,3d,2.6,0.995
KXCPIYOY-26MAR,3d,2.7,0.9937499999999999
KXCPIYOY-26MAR,3d,2.8,0.9937499999999999
KXCPIYOY-26MAR,3d,2.9,0.9937499999999999
KXCPIYOY-26MAR,3d,3.0,0.9937499999999999
KXCPIYOY-26MAR,3d,3.1,0.945
KXCPIYOY-26MAR,3d,3.2,0.875
KXCPIYOY-26MAR,3d,3.3,0.515
KXCPIYOY-26MAR,3d,3.4,0.19
KXCPIYOY-26MAR,3d,3.5,0.065
KXCPIYOY-26MAR,3d,3.6,0.0075
KXCPIYOY-26MAR,3d,3.7,0.0075
KXCPIYOY-26MAR,3d,3.8,0.005
KXCPIYOY-26MAR,3d,3.9,0.005
KXCPIYOY-26MAR,3d,4.0,0.005
KXCPIYOY-26MAR,7d,1.8,0.995
KXCPIYOY-26MAR,7d,1.9,0.995
KXCPIYOY-26MAR,7d,2.0,0.995
KXCPIYOY-26MAR,7d,2.1,0.995
KXCPIYOY-26MAR,7d,2.2,0.995
KXCPIYOY-26MAR,7d,2.3,0.995
KXCPIYOY-26MAR,7d,2.4,0.995
KXCPIYOY-26MAR,7d,2.5,0.995
KXCPIYOY-26MAR,7d,2.6,0.995
KXCPIYOY-26MAR,7d,2.7,0.99
KXCPIYOY-26MAR,7d,2.8,0.99
KXCPIYOY-26MAR,7d,2.9,0.985
KXCPIYOY-26MAR,7d,3.0,0.98
KXCPIYOY-26MAR,7d,3.1,0.905
KXCPIYOY-26MAR,7d,3.2,0.835
KXCPIYOY-26MAR,7d,3.3,0.385
KXCPIYOY-26MAR,7d,3.4,0.15
KXCPIYOY-26MAR,7d,3.5,0.025
KXCPIYOY-26MAR,7d,3.6,0.01
KXCPIYOY-26MAR,7d,3.7,0.01
KXCPIYOY-26MAR,7d,3.8,0.005
KXCPIYOY-26MAR,7d,3.9,0.005
KXCPIYOY-26MAR,7d,4.0,0.005
KXCPIYOY-26MAR,final,1.8,0.995
KXCPIYOY-26MAR,final,1.9,0.995
KXCPIYOY-26MAR,final,2.0,0.995
KXCPIYOY-26MAR,final,2.1,0.995
KXCPIYOY-26MAR,final,2.2,0.995
KXCPIYOY-26MAR,final,2.3,0.995
KXCPIYOY-26MAR,final,2.4,0.995
KXCPIYOY-26MAR,final,2.5,0.995
KXCPIYOY-26MAR,final,2.6,0.995
KXCPIYOY-26MAR,final,2.7,0.9899999999999999
KXCPIYOY-26MAR,final,2.8,0.9899999999999999
KXCPIYOY-26MAR,final,2.9,0.9899999999999999
KXCPIYOY-26MAR,final,3.0,0.985
KXCPIYOY-26MAR,final,3.1,0.945
KXCPIYOY-26MAR,final,3.2,0.8
KXCPIYOY-26MAR,final,3.3,0.395
KXCPIYOY-26MAR,final,3.4,0.135
KXCPIYOY-26MAR,final,3.5,0.075
KXCPIYOY-26MAR,final,3.6,0.005
KXCPIYOY-26MAR,final,3.7,0.005
KXCPIYOY-26MAR,final,3.8,0.005
KXCPIYOY-26MAR,final,3.9,0.005
KXCPIYOY-26MAR,final,4.0,0.005
KXCPIYOY-26MAY,14d,2.4,0.995
KXCPIYOY-26MAY,14d,2.5,0.9883333333333333
KXCPIYOY-26MAY,14d,2.6,0.9883333333333333
KXCPIYOY-26MAY,14d,2.7,0.9883333333333333
KXCPIYOY-26MAY,14d,2.8,0.985
KXCPIYOY-26MAY,14d,2.9,0.985
KXCPIYOY-26MAY,14d,3.0,0.985
KXCPIYOY-26MAY,14d,3.1,0.985
KXCPIYOY-26MAY,14d,3.2,0.985
KXCPIYOY-26MAY,14d,3.3,0.985
KXCPIYOY-26MAY,14d,3.4,0.985
KXCPIYOY-26MAY,14d,3.5,0.985
KXCPIYOY-26MAY,14d,3.6,0.975
KXCPIYOY-26MAY,14d,3.7,0.975
KXCPIYOY-26MAY,14d,3.8,0.975
KXCPIYOY-26MAY,14d,3.9,0.9724999999999999
KXCPIYOY-26MAY,14d,4.0,0.9724999999999999
KXCPIYOY-26MAY,14d,4.1,0.935
KXCPIYOY-26MAY,14d,4.2,0.66
KXCPIYOY-26MAY,14d,4.3,0.25
KXCPIYOY-26MAY,14d,4.4,0.085
KXCPIYOY-26MAY,14d,4.5,0.035
KXCPIYOY-26MAY,14d,4.6,0.015
KXCPIYOY-26MAY,14d,4.7,0.01
KXCPIYOY-26MAY,14d,4.8,0.01
KXCPIYOY-26MAY,14d,4.9,0.005
KXCPIYOY-26MAY,14d,5.0,0.005
KXCPIYOY-26MAY,1d,2.4,0.9949999999999998
KXCPIYOY-26MAY,1d,2.5,0.9949999999999998
KXCPIYOY-26MAY,1d,2.6,0.9949999999999998
KXCPIYOY-26MAY,1d,2.7,0.9949999999999998
KXCPIYOY-26MAY,1d,2.8,0.9949999999999998
KXCPIYOY-26MAY,1d,2.9,0.9949999999999998
KXCPIYOY-26MAY,1d,3.0,0.9949999999999998
KXCPIYOY-26MAY,1d,3.1,0.9949999999999998
KXCPIYOY-26MAY,1d,3.2,0.9949999999999998
KXCPIYOY-26MAY,1d,3.3,0.9949999999999998
KXCPIYOY-26MAY,1d,3.4,0.9949999999999998
KXCPIYOY-26MAY,1d,3.5,0.9949999999999998
KXCPIYOY-26MAY,1d,3.6,0.9949999999999998
KXCPIYOY-26MAY,1d,3.7,0.9949999999999998
KXCPIYOY-26MAY,1d,3.8,0.985
KXCPIYOY-26MAY,1d,3.9,0.985
KXCPIYOY-26MAY,1d,4.0,0.97
KXCPIYOY-26MAY,1d,4.1,0.905
KXCPIYOY-26MAY,1d,4.2,0.475
KXCPIYOY-26MAY,1d,4.3,0.125
KXCPIYOY-26MAY,1d,4.4,0.035
KXCPIYOY-26MAY,1d,4.5,0.005
KXCPIYOY-26MAY,1d,4.6,0.005
KXCPIYOY-26MAY,1d,4.7,0.005
KXCPIYOY-26MAY,1d,4.8,0.005
KXCPIYOY-26MAY,1d,4.9,0.005
KXCPIYOY-26MAY,1d,5.0,0.005
KXCPIYOY-26MAY,21d,2.4,0.995
KXCPIYOY-26MAY,21d,2.5,0.9933333333333333
KXCPIYOY-26MAY,21d,2.6,0.9933333333333333
KXCPIYOY-26MAY,21d,2.7,0.9933333333333333
KXCPIYOY-26MAY,21d,2.8,0.9916666666666666
KXCPIYOY-26MAY,21d,2.9,0.9916666666666666
KXCPIYOY-26MAY,21d,3.0,0.9916666666666666
KXCPIYOY-26MAY,21d,3.1,0.9916666666666666
KXCPIYOY-26MAY,21d,3.2,0.9916666666666666
KXCPIYOY-26MAY,21d,3.3,0.9916666666666666
KXCPIYOY-26MAY,21d,3.4,0.9916666666666666
KXCPIYOY-26MAY,21d,3.5,0.9916666666666666
KXCPIYOY-26MAY,21d,3.6,0.9916666666666666
KXCPIYOY-26MAY,21d,3.7,0.9916666666666666
KXCPIYOY-26MAY,21d,3.8,0.9916666666666666
KXCPIYOY-26MAY,21d,3.9,0.9916666666666666
KXCPIYOY-26MAY,21d,4.0,0.975
KXCPIYOY-26MAY,21d,4.1,0.94
KXCPIYOY-26MAY,21d,4.2,0.75
KXCPIYOY-26MAY,21d,4.3,0.39
KXCPIYOY-26MAY,21d,4.4,0.165
KXCPIYOY-26MAY,21d,4.5,0.085
KXCPIYOY-26MAY,21d,4.6,0.025
KXCPIYOY-26MAY,21d,4.7,0.01
KXCPIYOY-26MAY,21d,4.8,0.005
KXCPIYOY-26MAY,21d,4.9,0.005
KXCPIYOY-26MAY,21d,5.0,0.005
KXCPIYOY-26MAY,3d,2.4,0.9949999999999998
KXCPIYOY-26MAY,3d,2.5,0.9949999999999998
KXCPIYOY-26MAY,3d,2.6,0.9949999999999998
KXCPIYOY-26MAY,3d,2.7,0.9949999999999998
KXCPIYOY-26MAY,3d,2.8,0.9949999999999998
KXCPIYOY-26MAY,3d,2.9,0.9949999999999998
KXCPIYOY-26MAY,3d,3.0,0.9949999999999998
KXCPIYOY-26MAY,3d,3.1,0.9949999999999998
KXCPIYOY-26MAY,3d,3.2,0.9949999999999998
KXCPIYOY-26MAY,3d,3.3,0.9949999999999998
KXCPIYOY-26MAY,3d,3.4,0.9949999999999998
KXCPIYOY-26MAY,3d,3.5,0.9949999999999998
KXCPIYOY-26MAY,3d,3.6,0.9949999999999998
KXCPIYOY-26MAY,3d,3.7,0.9949999999999998
KXCPIYOY-26MAY,3d,3.8,0.985
KXCPIYOY-26MAY,3d,3.9,0.98
KXCPIYOY-26MAY,3d,4.0,0.97
KXCPIYOY-26MAY,3d,4.1,0.905
KXCPIYOY-26MAY,3d,4.2,0.505
KXCPIYOY-26MAY,3d,4.3,0.105
KXCPIYOY-26MAY,3d,4.4,0.02
KXCPIYOY-26MAY,3d,4.5,0.01
KXCPIYOY-26MAY,3d,4.6,0.005
KXCPIYOY-26MAY,3d,4.7,0.005
KXCPIYOY-26MAY,3d,4.8,0.005
KXCPIYOY-26MAY,3d,4.9,0.005
KXCPIYOY-26MAY,3d,5.0,0.005
KXCPIYOY-26MAY,7d,2.4,0.995
KXCPIYOY-26MAY,7d,2.5,0.9916666666666667
KXCPIYOY-26MAY,7d,2.6,0.9916666666666667
KXCPIYOY-26MAY,7d,2.7,0.9916666666666667
KXCPIYOY-26MAY,7d,2.8,0.9892307692307694
KXCPIYOY-26MAY,7d,2.9,0.9892307692307694
KXCPIYOY-26MAY,7d,3.0,0.9892307692307694
KXCPIYOY-26MAY,7d,3.1,0.9892307692307694
KXCPIYOY-26MAY,7d,3.2,0.9892307692307694
KXCPIYOY-26MAY,7d,3.3,0.9892307692307694
KXCPIYOY-26MAY,7d,3.4,0.9892307692307694
KXCPIYOY-26MAY,7d,3.5,0.9892307692307694
KXCPIYOY-26MAY,7d,3.6,0.9892307692307694
KXCPIYOY-26MAY,7d,3.7,0.9892307692307694
KXCPIYOY-26MAY,7d,3.8,0.9892307692307694
KXCPIYOY-26MAY,7d,3.9,0.9892307692307694
KXCPIYOY-26MAY,7d,4.0,0.9892307692307694
KXCPIYOY-26MAY,7d,4.1,0.915
KXCPIYOY-26MAY,7d,4.2,0.555
KXCPIYOY-26MAY,7d,4.3,0.12
KXCPIYOY-26MAY,7d,4.4,0.025
KXCPIYOY-26MAY,7d,4.5,0.01
KXCPIYOY-26MAY,7d,4.6,0.005
KXCPIYOY-26MAY,7d,4.7,0.005
KXCPIYOY-26MAY,7d,4.8,0.005
KXCPIYOY-26MAY,7d,4.9,0.005
KXCPIYOY-26MAY,7d,5.0,0.005
KXCPIYOY-26MAY,final,2.4,0.9949999999999998
KXCPIYOY-26MAY,final,2.5,0.9949999999999998
KXCPIYOY-26MAY,final,2.6,0.9949999999999998
KXCPIYOY-26MAY,final,2.7,0.9949999999999998
KXCPIYOY-26MAY,final,2.8,0.9949999999999998
KXCPIYOY-26MAY,final,2.9,0.9949999999999998
KXCPIYOY-26MAY,final,3.0,0.9949999999999998
KXCPIYOY-26MAY,final,3.1,0.9949999999999998
KXCPIYOY-26MAY,final,3.2,0.9949999999999998
KXCPIYOY-26MAY,final,3.3,0.9949999999999998
KXCPIYOY-26MAY,final,3.4,0.9949999999999998
KXCPIYOY-26MAY,final,3.5,0.9949999999999998
KXCPIYOY-26MAY,final,3.6,0.9949999999999998
KXCPIYOY-26MAY,final,3.7,0.9949999999999998
KXCPIYOY-26MAY,final,3.8,0.985
KXCPIYOY-26MAY,final,3.9,0.985
KXCPIYOY-26MAY,final,4.0,0.97
KXCPIYOY-26MAY,final,4.1,0.905
KXCPIYOY-26MAY,final,4.2,0.475
KXCPIYOY-26MAY,final,4.3,0.125
KXCPIYOY-26MAY,final,4.4,0.035
KXCPIYOY-26MAY,final,4.5,0.005
KXCPIYOY-26MAY,final,4.6,0.005
KXCPIYOY-26MAY,final,4.7,0.005
KXCPIYOY-26MAY,final,4.8,0.005
KXCPIYOY-26MAY,final,4.9,0.005
KXCPIYOY-26MAY,final,5.0,0.005
